

Table 1:            KEa, Highdemand
                    
MESSAGE Int_V2      Objective
Aug 22, 2024 22:25

           Obj

2022  11812100.00
2023      0.00
2024      0.00
2025      0.00
2026      0.00
2027      0.00
2028      0.00
2029      0.00
2030      0.00
2031      0.00
2032      0.00
2033      0.00
2034      0.00
2035      0.00
2036      0.00
2037      0.00
2038      0.00
2039      0.00
2040      0.00
2041      0.00
2042      0.00
2043      0.00
2044      0.00
2045      0.00


Table 2:            KEa, Highdemand
                    
MESSAGE Int_V2      KEaOutput
Aug 22, 2024 22:25

      KEEL00T00_01 KEEL00i00_HVDC_01 KEEL00i00_TANESCO_01 KEEL00i00_TANESCO_02 KEEL00i00_UETCL_01 KEEL00i00_UETCL_02 KEEL00i00_01 KEEL00TDI_01 KEEL00TDR_01 KEEL00TDU_01 KEEL00TDC_01 KEEL00TUI_01 KEEL00TUR_01 KEEL00TUS_01 KEEL00TUU_01 KEEL00TUC_01 KEDS00I00_01 KENU00I00_01 KEGE00I00_01 KEGE00I00_Generic_01 KEGE00I00_steam_01 KEDSRC00_01 KEDSRC01_Tsavo_Extended_01 KEDSSC00_01 KEDSRI00_01 KEDSRU00_01 KEDSRB00_01 KEDSRR00_01 KEHF00I00_NAIROBI_01 KEHF00I00_01 KEHFRC00_01 KEHFRC01_Tsavo_01 KEHFRC01_Rabai_01 KEHFRC01_Kipevu_III_01 KEHFRC10_Thika_01 KEHFRC10_Gulf_01 KEHFRC10_Triumph_01 KEHFRC03_01 KEHFRC10_01 KEHFRC02_01 KEHFRC01_01 KECO00X00_01 KECOSC00_01 KECOSC11_01 KENG00I00_LNG_01 KENG00I00_01 KENGSC00_01 KENGSC12_Dongo_Kundu_01 KENGCC00_01 KENGCC12_LNG_Backup2_01 KENGCC12_LNG_Backup26_01 KENGCC12_LNG_Backup35_01 KENGCC12_LNG_Backup4_01 KENGCC12_LNG2_01 KENUPW00_01 KENUPW20_Nuclear_III_01 KENUPW20_Nuclear_II_01 KENUPW20_Nuclear_I_01 KENUPW20_01 KEWDLC00_01 KEWDLCZ004_Marsabit_PhII_01 KEWDLCZ007_Meru_PhIII_01 KEWDLCZ007_Meru_PhII_01 KEWDLCZ007_Meru_PhI_01 KEWDLCZ008_Oldanyat_01 KEWDLCZ008_Prunus_01 KEWDLCZH08_Ngong_PhII_01 KEWDLCZH08_Ngong_PhI_01 KEWDLCZ001_Bahari2_01 KEWDLCZH08_Kipeto_01 KEWDLCZ001_Bahari_PhI_01 KEWDLCZ004_Marsabit_PhI_01 KEWDLCZ008_Aperture_01 KEWDLCZ008_Chania_01 KEWDLCZ008_Ngong1_PhIII_01 KEWDOC00_01 KEWDLCZ010_01 KEWDLCZ009_01 KEWDLCZ008_01 KEWDLCZ007_01 KEWDLCZ006_01 KEWDLCZ005_01 KEWDLCZ004_01 KEWDLCZ003_01 KEWDLCZ002_01 KEWDLCZ001_01 KEWDLCZDP09_Lake_Turkana_01 KEWDLCZH08_01 KESOTN00_01 KESOTNZ002_01 KESOTNZ001_01 KESOTS00_01 KESOTSZ002_01 KESOTSZ001_01 KESOTG00_01 KESOPC00_01 KESOPCZ001_Kenya_Solar_01 KESOPCZ003_Strathmore_01 KESOPCZ003_REA_Garissa_01 KESOPCZ008_Kibwezi_01 KESOPCZ008_Tarita_Green_01 KESOPCZ008_Kopere_01 KESOPCZ001_SevenForks_01 KESOPCZ003_Eldosol_01 KESOPCZ003_Selenkei_01 KESOPCZ003_Alten_01 KESOPCZ009_Kenergy_01 KESOPCZ009_MarcoBorero_01 KESOPCZ001_Greenmillenia_01 KESOPCZ001_Makindu_01 KESOPCZ001_HannanArya_01 KESOPCZ001_Malindi_01 KESOPCZ010_01 KESOPCZ009_01 KESOPCZ008_01 KESOPCZ007_01 KESOPCZ006_01 KESOPCZ005_01 KESOPCZ004_01 KESOPCZ003_01 KESOPCZ002_01 KESOPCZ001_01 KEGOCV00_01 KEGOCV18_Menengai_V_01 KEGOCV16_Olkaria_7_01 KEGOCV16_Olkaria_6_01 KEGOCV12_Suswa_I_01 KEGOCV12_Suswa_II_01 KEGOCV12_Suswa_III_01 KEGOCV12_Olsuswa_I_01 KEGOCV13_Akiira_I_01 KEGOCV13_Akiira_II_01 KEGOCV20_AGIL_I_01 KEGOCV20_AGIL_II_01 KEGOCV20_AGIL_III_01 KEGOCV20_AGIL_IV_01 KEGOCV17_Korosi_I_01 KEGOCV17_Paka_I_01 KEGOCV16_Olkaria_II_Rehab_01 KEGOCV17_Paka_II_01 KEGOCV17_Silali_II_01 KEGOCV17_Paka_III_01 KEGOCV17_Silali_III_01 KEGOCV18_Menengai_IV_01 KEGOCV01_Orpower_4P4_01 KEGOCV01_Orpower_4P3_01 KEGOCV01_Orpower_4P2_01 KEGOCV01_Orpower_4PI_01 KEGOCV01_Olkaria_2_01 KEGOCV10_OLK_V_01 KEGOCV10_OLK_IAU_01 KEGOCV10_OLK_IV_01 KEGOCV17_Baringo_Silali_I_01 KEGOCV18_Menengai_III_01 KEGOCV18_Menengai_1_Stage2_01 KEGOCV12_Suswa_01 KEGOCV12_Eburru_01 KEGOCV16_Menengai_1_Orpower22_01 KEGOCV18_Wellheadleasing_01 KEGOCV13_Marine_Power_Akiira_01 KEGOCV16_Olkaria8_01 KEGOCV16_Olkaria9_01 KEGOCV17_Baringo_Silali_01 KEGOCV16_Olkaria_1V_Uprating_01 KEGOCV16_Olkaria_1_Uprating_01 KEGOCV18_Menengai_1_Quantum_01 KEGOCV16_Olkaria_1_Unit6_01 KEGOCV18_Menengai_1_Sosian_01 KEGOCV20_01 KEGOCV16_01 KEGOCV15_01 KEGOCV14_01 KEGOCV13_01 KEGOCV12_01 KEGOCV11_01 KEGOCV10_01 KEGOCV03_01 KEGOCV02_01 KEBM00X00_01 KEBW00X00_01 KEHY00X00_01 KESO00X00_01 KEWD00X00_01 KEBMST00_01 KEBMST10_BiogasH_01 KEBMST10_WestKenya_01 KEBMST10_VRHoldings_01 KEBMST10_Cummins_Cogen_01 KEBMST10_Viability_01 KEBMST10_Tana_Biogas_01 KEBMST10_MunicipalWtE_Biogas_01 KEBMST10_Roadtech_01 KEBMST10_ThikaWayBiogas_01 KEBMST10_Kwale_01 KEBMST10_REA_Vipingo_01 KEBWST00_01 KEBMST10_01 KEBMST01_01 KEHYDM00_01 KEHYDM_High_Grand_01 KEHYDM_Karura_01 KEHYDM_TURKWEL_01 KEHYDM_KIAMBERE_01 KEHYDM_Kindaruma_01 KEHYDM_Gitaru_01 KEHYDM_KAMBURU_01 KEHYDM_MASINGA_01 KEHYRO_Lower_Grand_01 KEHYDM_Kamburu_Masinga_01 KEHYDM_Turkwell_01 KEHYDM_Kiambere_01 KEHYRO00_01 KEHYRO_Small_2033_01 KEHYRO_Small_2032_01 KEHYRO_Small_2031_01 KEHYRO_Small_KTDA_2031_01 KEHYRO_Small_2030_01 KEHYRO_Small_KTDA_2030_01 KEHYRO_Small_2029_01 KEHYRO_Small_2028_01 KEHYRO_Small_2027_01 KEHYRO_Small_2026_01 KEHYRO_Small_2025_01 KEHYRO_Small_KTDA_2024_01 KEHYRO_Small_Chevron_01 KEHYRO_Small_KDTA2_01 KEHYRO_Small_Rareh_01 KEHYRO_Small_Kirogori_01 KEHYRO_Small_GemGen_01 KEHYRO_Small_Kaptis_01 KEHYRO_Small_Nithi_01 KEHYRO_Small_Tindinyo_01 KEHYRO_Small_Gatiki_01 KEHYRO_Small_KTDA_Gogo_01 KEHYRO_Small_MtKenya_CBO_01 KEHYRO_Small_KTDA_01 KEHYRO_Small_KTDA_Kleen_01 KEHYRO_Tana_01 KEHYRO_Sangoro_01 KEHYRO_Sondu_Miriu_01 KEHYMI00_01 KEHYRO_Existing_Small_01 KESOPU00_01 KESOPB00_01 KESOPR00_01 KESOPS00_01 KEELBS00_01 KERIDM_Kamburu_Masinga_01 KERIDM_Turkwell_01 KERIDM_Kiambere_01 KEELST04_01 KEELST04_02 KEELPT04_01 KEELDT04_01_01 KEELDT04_01_02 KEELDT04_02_01 KEELDT04_02_02 KEELDT04_03_01 KEELDT04_03_02 KEEXDT00_01 KERIDM_MASINGA_01 KERIDM_KAMBURU_01 KERIDM_Gitaru_01 KERIDM_Kindaruma_01 KERIDM_Karura_01 KERIDM_High_Grand_01 KEELDT04_04_01 KEELDT04_04_02

2022   1444.41   298.16     0.00   100.00     0.00    69.23     0.00     0.00     0.00     0.00     0.00     0.00     0.00  1444.41     0.00     0.00     0.00     0.00   440.59     0.00   236.99     0.00     0.00     0.00     0.00     0.00     0.00     0.00     0.00    71.57     0.00     0.00     4.43     5.75     4.35     4.01     4.15     0.00     0.00     2.63     0.00     0.00     0.00     0.00     0.00     0.00     0.00     0.00     0.00     0.00     0.00     0.00     0.00     0.00     0.00     0.00     0.00     0.00     0.00     0.00     0.00     0.00     0.00     0.00     0.00     0.00    10.42     2.61     0.00    47.85     0.00     0.00     0.00     0.00     0.00     0.00     0.00     0.00     0.00     0.00     0.00     0.00     0.00     0.00     0.00     0.00   152.64     0.00     0.00     0.00     0.00     0.00     0.00     0.00     0.00     0.00     0.00     0.05    10.40     0.00     0.00     0.00     0.00     8.32     8.32     0.00     0.00     0.00     0.00     0.00     0.00     8.39     0.00     0.00     0.00     0.00     0.00     0.00     0.00     0.00     0.00     0.00     0.00     0.00     0.00     0.00     0.00     0.00     0.00     0.00     0.00     0.00     0.00     0.00     0.00     0.00     0.00     0.00     0.00     0.00     0.00     0.00     0.00     0.00    17.42    10.57    23.78    38.32    85.49   133.73   118.50   118.50     0.00     0.00     0.00     0.00     0.00     0.00     0.00     0.00     0.00     0.00     0.00     0.00     0.00     0.00    70.25     0.00     0.00     0.00    21.50    37.75     0.00     0.00     0.00     0.00     1.78     0.00     0.00     0.00   363.58    35.49   213.52     0.00     0.00     0.00     0.00     0.00     0.00     0.00     0.00     0.00     0.00     0.00     0.00     0.00     0.00     0.00     0.00     0.00     0.00    52.50    82.00     5.25   108.00    45.00    20.00     0.00     0.00     0.00     0.00     0.00     0.00     0.00     0.00     0.00     0.00     0.00     0.00     0.00     0.00     0.00     0.00     0.00     0.00     0.00     0.00     0.00     0.00     0.00     0.00     0.00     0.00     0.00     0.00     0.00     0.00     6.58     7.95    23.86     0.00    12.43     0.00     0.00     0.00     0.00     0.00     0.00     0.00     0.00     0.00     0.00     0.00     0.00     0.00     0.00     0.00     0.00     0.00     0.00    10.92    43.65   107.66     5.13     0.00     0.00     0.00     0.00
2023   1555.64   369.77     0.00    99.53     0.97    69.01     0.00     0.00     0.00     0.00     0.00     0.00     0.00  1555.64     0.00     0.00     0.00     0.00   440.59     0.00   266.62     0.00     0.00     0.00     0.00     0.00     0.00     0.00     0.00    71.57     0.00     0.00     4.43     5.75     4.35     4.01     4.15     0.00     0.00     2.63     0.00     0.00     0.00     0.00     0.00     0.00     0.00     0.00     0.00     0.00     0.00     0.00     0.00     0.00     0.00     0.00     0.00     0.00     0.00     0.00     0.00     0.00     0.00     0.00     0.00     0.00    10.42     2.61     0.00    47.85     0.00     0.00     0.00     0.00     0.00     0.00     0.00     0.00     0.00     0.00     0.00     0.00     0.00     0.00     0.00     0.00   152.64     0.00     0.00     0.00     0.00     0.00     0.00     0.00     0.00     0.00     0.00     0.05    10.40     0.00     0.00     0.00     0.00     8.32     8.32     8.32     0.00     0.00     0.00     0.00     0.00     8.39     0.00     0.00     0.00     0.00     0.00     0.00     0.00     0.00     0.00     0.00     0.00     0.00     0.00     0.00     0.00     0.00     0.00     0.00     0.00     0.00     0.00     0.00     0.00     0.00     0.00     0.00     0.00     0.00     0.00     0.00     0.00     0.00    17.42    10.57    23.78    38.32    85.49   133.73   118.50   118.50     0.00     0.00     0.00     0.00     0.00     0.00     0.00     0.00     0.00     0.00     0.00     0.00     0.00     0.00    70.25    29.62     0.00     0.00    21.50    37.75     0.00     0.00     0.00     0.00     1.78     0.00     0.00     0.00   363.58    43.81   213.52     0.00     0.00     0.00     0.00     0.00     0.00     0.00     0.00     0.00     0.00     0.00     0.00     0.00     0.00     0.00     0.00     0.00     0.00    52.50    82.00     5.25   108.00    45.00    20.00     0.00     0.00     0.00     0.00     0.00     0.00     0.00     0.00     0.00     0.00     0.00     0.00     0.00     0.00     0.00     0.00     0.00     0.00     0.00     0.00     0.00     0.00     0.00     0.00     0.00     0.00     0.00     0.00     0.00     0.00     6.58     7.95    23.86     0.00    12.43     0.00     0.00     0.00     0.00     0.00     0.00     0.00     0.00     0.00     0.00     0.00     0.00     0.00     0.00     0.00     0.00     0.00     0.00    20.00    45.00   108.00     5.25     0.00     0.00     0.00     0.00
2024   1613.31   400.00     0.78    98.61     2.94     3.78     0.00     0.00     0.00     0.00     0.00     0.00     0.00  1613.31     0.00     0.00     0.00     0.00   440.59     0.00   266.62     0.00     0.00     0.00     0.00     0.00     0.00     0.00     0.00    74.56     0.00     0.00     4.43     5.75     4.35     4.01     4.15     0.00     0.00     3.79     0.00     0.00     0.00     0.00     0.00     0.00     0.00     0.00     0.00     0.00     0.00     0.00     0.00     0.00     0.00     0.00     0.00     0.00     0.00     0.00     0.00     0.00     0.00     0.00     0.00     0.00    10.42     2.61     0.00    47.85     0.00     0.00     0.00     0.00     0.00     0.00     0.00     0.00     0.00     0.00     0.00     0.00     0.00     0.00     0.00     0.00   152.64     0.00     0.00     0.00     0.00     0.00     0.00     0.00     0.00     0.00     0.00     0.05    10.40     0.00     0.00     0.00     0.00     8.32     8.32     8.32     0.00     0.21     0.00     0.00     0.00     8.39     0.00     0.00     0.00     0.00     0.00     0.00     0.00     0.00     0.00     0.00     0.00     0.00     0.00     0.00     0.00     0.00     0.00     0.00     0.00     0.00     0.00     0.00     0.00     0.00     0.00     0.00     0.00     0.00     0.00     0.00     0.00     0.00    17.42    10.57    23.78    38.32    85.49   133.73   118.50   118.50     0.00     0.00     0.00     0.00     0.00     0.00     0.00     0.00     0.00     0.00     0.00     0.00     0.00     0.00    70.25    29.62     0.00     0.00    21.50    37.75     0.00     0.00     0.00     0.00     1.78     0.00     2.57     0.00   320.08    44.02   213.52     0.00     0.00     0.00     0.00     0.00     0.00     0.00     0.00     0.00     0.00     0.00     0.67     0.00     0.00     0.00     0.00     0.00     0.00    52.50    82.00     5.25   108.00     0.00    20.00     0.00     0.00     0.00     0.00     0.00     0.00     0.00     0.00     0.00     0.00     0.00     0.00     0.00     0.00     0.00     0.00     1.50     0.00     0.00     0.00     0.00     0.00     0.00     0.00     0.00     0.00     0.00     0.00     0.00     0.00     6.58     7.95    23.86     0.00    12.43     0.00     0.00     0.00     0.00     0.00     0.00     0.00     0.00     0.00     0.00     0.00     0.00     0.00     0.00     0.00     0.00     0.00     0.00    20.00     0.00   108.00     5.25     0.00     0.00     0.00     0.00
2025   1690.22   400.00     0.00   100.00    15.20     0.00     0.00     0.00     0.00     0.00     0.00     0.00     0.00  1690.22     0.00     0.00     0.00     0.00   457.52     0.00   296.24     0.00     0.00     0.00     0.00     0.00     0.00     0.00     0.00    85.44     0.00     0.00     4.43     7.10     4.90     4.96     4.49     0.00     0.00     4.49     0.00     0.00     0.00     0.00     0.00     0.00     0.00     0.00     0.00     0.00     0.00     0.00     0.00     0.00     0.00     0.00     0.00     0.00     0.00     0.00     0.00     0.00     0.00     0.00     0.00     0.00    10.42     2.61     0.00    47.85     0.00     0.00     0.00     0.00     0.00     0.00     0.00     0.00     0.00     0.00     0.00     0.00     0.00     0.00     0.00     0.00   152.64     0.00     0.00     0.00     0.00     0.00     0.00     0.00     0.00     0.00     0.00     0.05    10.40     0.00     8.12     0.00     0.00     8.32     8.32     8.32     0.00     0.21     0.00     0.00     0.00     8.39     0.00     0.00     0.00     0.00     0.00     0.00     0.00     0.00     0.00     0.00     0.00     0.00     0.00     0.00     0.00     0.00     0.00     0.00     0.00     0.00     0.00     0.00     0.00     0.00     0.00     0.00     0.00     0.00     0.00     0.00     0.00     0.00    17.42    10.57    23.78    38.32    85.49   133.73   118.50   118.50     0.00     0.00     0.00     0.00     0.00     0.00     0.00     0.00     0.00     0.00     0.00    16.93     0.00    29.62    70.25    29.62     0.00     0.00    21.50    37.75     0.00     0.00     0.00     0.00     1.78     0.00     2.57     0.00   324.58    52.14   213.52     0.00     0.00     0.00     0.00     0.00     0.00     0.00     0.00     0.00     0.00     0.00     0.67     0.00     0.00     0.00     0.00     0.00     0.00    52.50    82.00     5.25   108.00     0.00    20.00     0.00     0.00     0.00     0.00     0.00     0.00     0.00     0.00     0.00     0.00     0.00     0.00     0.00     0.00     0.00     4.50     1.50     0.00     0.00     0.00     0.00     0.00     0.00     0.00     0.00     0.00     0.00     0.00     0.00     0.00     6.58     7.95    23.86     0.00    12.43     0.00     0.00     0.00     0.00     0.00     0.00     0.00     0.00     0.00     0.00     0.00     0.00     0.00     0.00     0.00     0.00     0.00     0.00    20.00     0.00   108.00     5.25     0.00     0.00     0.00     0.00
2026   1869.38   400.00     0.00   100.00     2.94    29.42     0.00     0.00     0.00     0.00     0.00     0.00     0.00  1869.38     0.00     0.00     0.00     0.00   523.53     0.00   325.86     0.00     0.00     0.00     0.00     0.00     0.00     0.00     0.00   182.46     0.00     0.00     5.47     6.17     5.37     4.96     4.23     0.00     0.00    41.96     0.00     0.00     0.00     0.00     0.00     0.00     0.00     0.00     0.00     0.00     0.00     0.00     0.00     0.00     0.00     0.00     0.00     0.00     0.00     0.00     0.00     0.00     0.00     0.00     0.00    23.93    10.42     2.61     0.00    47.85     0.00     0.00    23.93    23.93     0.00     0.00     0.00     0.00     0.00     0.00     0.00     0.00     0.00     0.00     0.00     0.00   152.64     0.00     0.00     0.00     0.00     0.00     0.00     0.00     0.00     0.00     0.00     0.05    10.40     0.00     8.12     8.12     0.00     8.32     8.32     8.32     0.00     0.21     0.00     0.00     0.00     8.39     0.00     0.00     0.00     0.00     0.00     0.00     0.00     0.00     0.00     0.00     0.00     0.00     0.00     0.00     0.00     0.00     0.00     0.00     0.00     0.00     0.00     0.00     0.00     0.00     0.00     0.00     0.00     0.00     0.00     0.00     0.00     0.00    17.42    10.57    23.78    38.32    85.49   133.73   118.50   118.50     0.00     0.00     0.00     0.00     0.00    29.62    49.09     0.00     0.00     0.00     0.00    16.93    16.93    29.62    70.25    29.62     0.00     0.00    21.50    37.75     0.00     0.00     0.00     0.00     1.78     0.00     2.57     0.00   332.08    60.25   285.30     0.00     0.00     0.00     0.00     0.00     0.00     0.00     0.00     0.00     0.00     0.00     0.67     0.00     0.00     0.00     0.00     0.00     0.00    52.50    82.00     5.25   108.00     0.00    20.00     0.00     0.00     0.00     0.00     0.00     0.00     0.00     0.00     0.00     0.00     0.00     0.00     0.00     0.00     7.50     4.50     1.50     0.00     0.00     0.00     0.00     0.00     0.00     0.00     0.00     0.00     0.00     0.00     0.00     0.00     6.58     7.95    23.86     0.00    12.43     0.00     0.00     0.00     0.00     0.00     0.00     0.00     0.00     0.00     0.00     0.00     0.00     0.00     0.00     0.00     0.00     0.00     0.00    20.00     0.00   108.00     5.25     0.00     0.00     0.00     0.00
2027   1974.71   300.42     0.00   100.00     0.97    69.03     0.00     0.00     0.00     0.00     0.00     0.00     0.00  1974.71     0.00     0.00     0.00     0.00   656.23    84.09   325.86     0.00     0.00     0.00     0.00     0.00     0.00     0.00     0.00    76.30     0.00     0.00     4.43     5.75     5.09     4.01     4.15     0.00     0.00     3.64     0.00     0.00     0.00     0.00     0.00     0.00     0.00     0.00     0.00     0.00     0.00     0.00     0.00     0.00     0.00     0.00     0.00     0.00     0.00     0.00     0.00     0.00     0.00     0.00     0.00    23.93    10.42     2.61     0.00    47.85     0.00     0.00    23.93    23.93     0.00     0.00     0.00     0.00     0.00     0.00     0.00     0.00     0.00     0.00     0.00     0.00   152.64     0.00     0.00     0.00     0.00     0.00     0.00     0.00     0.00     0.00     0.00     0.05    10.40     8.12     8.12     8.12     8.81     8.32     8.32     8.32     8.31     0.21     8.39     0.00     2.10     8.39     0.00     0.00     0.00     0.00     0.00     0.00     0.00     0.00     0.00     0.00     0.00     0.00    84.09    48.05     0.00     0.00     0.00     0.00     0.00     0.00     0.00     0.00     0.00     0.00     0.00    84.64     0.00     0.00     0.00     0.00     0.00     0.00    17.42    10.57    23.78    38.32    85.49   133.73   118.50   118.50     0.00     0.00     0.00     0.00     0.00    29.62    49.09     0.00     0.00     0.00     0.00    16.93    16.93    29.62    70.25    29.62     0.00     0.00    21.50    37.75     0.00     0.00     0.00     0.00     1.78     0.00    79.78     0.00   347.08    95.97   285.30     0.00     0.00     0.00     0.00     0.00     0.00    13.38     0.00     0.00     0.00     6.69     0.67     0.00     0.00     0.00     0.00     0.00     0.00    52.50    82.00     5.25   108.00     0.00    20.00     0.00     0.00     0.00     0.00     0.00     0.00     0.00     0.00     0.00     0.00     0.00     0.00     0.00    15.00     7.50     4.50     1.50     0.00     0.00     0.00     0.00     0.00     0.00     0.00     0.00     0.00     0.00     0.00     0.00     0.00     6.58     7.95    23.86     0.00    12.43     0.00     0.00     0.00     0.00     0.00     0.00     0.00     0.00     0.00     0.00     0.00     0.00     0.00     0.00     0.00     0.00     0.00     0.00    20.00     0.00   108.00     5.25     0.00     0.00     0.00     0.00
2028   2089.69   400.00     0.00   100.00     0.00    69.72     0.00     0.00     0.00     0.00     0.00     0.00     0.00  2089.69     0.00     0.00     0.00     0.00   570.74    84.09   325.86     0.00     0.00     0.00     0.00     0.00     0.00     0.00     0.00   119.49     0.00     0.00     7.03     8.52     7.70     6.86     5.92     0.00     0.00     6.46     0.00     0.00     0.00     0.00     0.00     0.00     0.00     0.00     0.00     0.00     0.00     0.00     0.00     0.00     0.00     0.00     0.00     0.00     0.00     0.00     0.00     0.00     0.00     0.00    14.36    23.93    10.42     0.00     0.00    47.85    24.67    65.47    23.93    23.93     5.26     0.00     0.00     0.00     0.00     0.00     0.00     0.00    28.63     0.00     0.00     0.00   152.64     0.00     0.00     0.00     0.00     0.00     0.00     0.00     0.00     0.00     0.00     0.05    10.40     8.12     8.12     8.12     8.81     8.32     8.32     8.32     8.31     0.21     8.39     0.00     2.10     8.39     0.00     0.00     0.00     0.00     0.00     0.00     0.00     0.00     0.00     0.00     0.00     0.00    84.09    48.05     0.00     0.00     0.00     0.00     0.00     0.00     0.00     0.00     0.00     0.00     0.00    84.64     0.00     0.00     0.00     0.00     0.00     0.00    17.42    10.57    23.78    38.32     0.00   133.73   118.50   118.50     0.00     0.00     0.00     0.00     0.00    29.62    49.09     0.00     0.00     0.00     0.00    16.93    16.93    29.62    70.25    29.62     0.00     0.00    21.50    37.75     0.00     0.00     0.00     0.00     1.78     0.00   100.37     0.00   293.08    95.97   421.09     0.00     0.00     0.00     0.00     0.00     0.00    13.38     0.00     0.00     5.35     6.69     0.67     0.00     0.00     0.00     0.00     0.00     0.00    52.50    82.00     5.25    40.00     0.00    20.00     0.00     0.00     0.00     0.00     0.00     0.00     0.00     0.00     0.00     0.00     0.00     0.00    14.00    15.00     7.50     4.50     1.50     0.00     0.00     0.00     0.00     0.00     0.00     0.00     0.00     0.00     0.00     0.00     0.00     0.00     6.58     7.95    23.86     0.00    12.43     0.00     0.00     0.00     0.00     0.00     0.00     0.00     0.00     0.00     0.00     0.00     0.00     0.00     0.00     0.00     0.00     0.00     0.00    20.00     0.00    40.00     5.25     0.00     0.00     0.00     0.00
2029   2253.63   400.00     0.00    99.92     0.97    69.03     0.00     0.00     0.00     0.00     0.00     0.00     0.00  2253.63     0.00     0.00     0.00     0.00   655.38    84.09   325.86     0.00     0.00     0.00     0.00     0.00     0.00     0.00     0.00   195.36     0.00     0.00    14.57    20.25    11.98    11.78     9.79     0.00     0.00     0.00     0.00     0.00     0.00     0.00     0.00     0.00     0.00     0.00     0.00     0.00     0.00     0.00     0.00     0.00     0.00     0.00     0.00     0.00     0.00     0.00     0.00     0.00     0.00     0.00    14.36    23.93    10.42     0.00     0.00    47.85    24.67    65.47    23.93    23.93     5.26     0.00     0.00     0.00     0.00     0.00     0.00     0.00    74.98     0.00     0.00     0.00   152.64     0.00     0.00     0.00     0.00     0.00     0.00     0.00     0.00     0.00     0.00     0.05    10.40     8.12     8.12     8.12     8.81     8.32     8.32     8.32     8.31     0.21     8.39     0.00     2.10     8.39     0.00     0.00     0.00     0.00     0.00     0.00     0.00     0.00     0.00     0.00     0.00     0.00    84.09    48.05     0.00     0.00     0.00     0.00     0.00     0.00     0.00     0.00     0.00     0.00     0.00    84.64     0.00     0.00     0.00     0.00     0.00     0.00    17.42    10.57    23.78    38.32     0.00   133.73   118.50   118.50    84.64     0.00     0.00     0.00     0.00    29.62    49.09     0.00     0.00     0.00     0.00    16.93    16.93    29.62    70.25    29.62     0.00     0.00    21.50    37.75     0.00     0.00     0.00     0.00     1.78     0.00   100.37     0.00   298.39    95.97   467.44     0.00     0.00     0.00     0.00     0.00     0.00    13.38     0.00     0.00     5.35     6.69     0.67     0.00     0.00     0.00     0.00     0.00     0.00    52.50    82.00     5.25    40.00     0.00    20.00     0.00     0.00     0.00     0.00     0.00     0.00     0.00     0.00     0.00     0.00     0.00     5.31    14.00    15.00     7.50     4.50     1.50     0.00     0.00     0.00     0.00     0.00     0.00     0.00     0.00     0.00     0.00     0.00     0.00     0.00     6.58     7.95    23.86     0.00    12.43     0.00     0.00     0.00     0.00     0.00     0.00     0.00     0.00     0.00     0.00     0.00     0.00     0.00     0.00     0.00     0.00     0.00     0.00    20.00     0.00    40.00     5.25     0.00     0.00     0.00     0.00
2030   2448.64   400.00     0.00    99.57     0.97    69.03     0.00     0.00     0.00     0.00     0.00     0.00     0.00  2448.64     0.00     0.00     0.00     0.00   655.38    84.09   325.86     0.00     0.00     0.00     0.00     0.00     0.00     0.00     0.00   593.13    25.17     0.00     0.00    46.95    49.76    40.13    45.59     0.00     0.00     0.00     0.00     0.00     0.00     0.00     0.00     0.00     0.00     0.00     0.00     0.00     0.00     0.00     0.00     0.00     0.00     0.00     0.00     0.00     0.00     0.00     0.00     0.00     0.00     0.00    14.36    23.93    10.42     0.00     0.00    47.85    24.67    65.47    23.93    23.93     5.26     0.00     0.00     0.00     0.00     0.00     0.00     0.00   123.73     0.00     0.00     0.00   152.64     0.00     0.00     0.00     0.00     0.00     0.00     0.00     0.00     0.00     0.00     0.05    10.40     8.12     8.12     8.12     8.81     8.32     8.32     8.32     8.31     0.21     8.39     0.00     2.10     8.39     0.00     0.00     0.00     0.00     0.00     0.00     0.00     0.00     0.00     0.00     0.00     0.00    84.09    48.05     0.00     0.00     0.00     0.00     0.00     0.00     0.00     0.00     0.00     0.00     0.00    84.64     0.00     0.00     0.00     0.00     0.00     0.00    17.42    10.57    23.78    38.32     0.00   133.73   118.50   118.50    84.64     0.00     0.00     0.00     0.00    29.62    49.09     0.00     0.00     0.00     0.00    16.93    16.93    29.62    70.25    29.62     0.00     0.00    21.50    37.75     0.00     0.00     0.00     0.00     1.78     0.00   126.10     0.00   298.39    95.97   516.19     0.00     0.00     0.00     0.00     0.00     0.00    13.38     0.00     6.69     5.35     6.69     0.67     0.00     0.00     0.00     0.00     0.00     0.00    52.50    82.00     5.25    40.00     0.00    20.00     0.00     0.00     0.00     0.00     0.00     0.00     0.00     0.00     0.00     0.00     0.00     5.31    14.00    15.00     7.50     4.50     1.50     0.00     0.00     0.00     0.00     0.00     0.00     0.00     0.00     0.00     0.00     0.00     0.00     0.00     6.58     7.95    23.86     0.00    12.43     0.00     0.00     0.00     0.00     0.00     0.00     0.00     0.00     0.00     0.00     0.00     0.00     0.00     0.00     0.00     0.00     0.00     0.00    20.00     0.00    40.00     5.25     0.00     0.00     0.00     0.00
2031   2678.34   400.00     0.00    99.12     0.97    69.03     0.00     0.00     0.00     0.00     0.00     0.00     0.00  2678.34     0.00     0.00     0.00     0.00   655.38    84.09   325.86     0.00     0.00     0.00     0.00     0.00     0.00     0.00     0.00  1141.18   199.36     0.00     0.00     0.00    69.53    64.18    66.34     0.00     0.00     0.00     0.00     0.00     0.00     0.00     0.00     0.00     0.00     0.00     0.00     0.00     0.00     0.00     0.00     0.00     0.00     0.00     0.00     0.00     0.00     0.00     0.00     0.00     0.00     0.00    14.36    23.93    10.42     0.00     0.00    47.85    24.67    65.47    23.93    23.93     5.26     0.00     0.00     0.00     0.00     0.00     0.00     0.00   181.16     0.00     0.00     0.00   152.64     0.00     0.00     0.00     0.00     0.00     0.00     0.00     0.00     0.00     0.00     0.05    10.40     8.12     8.12     8.12     8.81     8.32     8.32     8.32     8.31     0.21     8.39     0.00     2.10     8.39     0.00     0.00     0.00     0.00     0.00     0.00     0.00     0.00     0.00     0.00     0.00     0.00    84.09    48.05     0.00     0.00     0.00     0.00     0.00     0.00     0.00     0.00     0.00     0.00     0.00    84.64     0.00     0.00     0.00     0.00     0.00     0.00    17.42    10.57    23.78    38.32     0.00   133.73   118.50   118.50    84.64     0.00     0.00     0.00     0.00    29.62    49.09     0.00     0.00     0.00     0.00    16.93    16.93    29.62    70.25    29.62     0.00     0.00    21.50    37.75     0.00     0.00     0.00     0.00     1.78     0.00   126.10     0.00   278.39    95.97   573.62     0.00     0.00     0.00     0.00     0.00     0.00    13.38     0.00     6.69     5.35     6.69     0.67     0.00     0.00     0.00     0.00     0.00     0.00    52.50    82.00     5.25    40.00     0.00     0.00     0.00     0.00     0.00     0.00     0.00     0.00     0.00     0.00     0.00     0.00     0.00     5.31    14.00    15.00     7.50     4.50     1.50     0.00     0.00     0.00     0.00     0.00     0.00     0.00     0.00     0.00     0.00     0.00     0.00     0.00     6.58     7.95    23.86     0.00    12.43     0.00     0.00     0.00     0.00     0.00     0.00     0.00     0.00     0.00     0.00     0.00     0.00     0.00     0.00     0.00     0.00     0.00     0.00     0.00     0.00    40.00     5.25     0.00     0.00     0.00     0.00
2032   2907.11   400.00     0.00    98.71     0.97    69.03     0.00     0.00     0.00     0.00     0.00     0.00     0.00  2907.11     0.00     0.00     0.00     0.00   655.38    84.09   325.86     0.00     0.00     0.00     0.00     0.00     0.00     0.00     0.00  1609.59   363.31     0.00     0.00     0.00    69.53    64.18    66.34     0.00     0.00     0.00     0.00     0.00     0.00     0.00     0.00     0.00     0.00     0.00     0.00     0.00     0.00     0.00     0.00     0.00     0.00     0.00     0.00     0.00     0.00     0.00     0.00     0.00     0.00     0.00    14.36    23.93    10.42     0.00     0.00    47.85    24.67    65.47    23.93    23.93     5.26     0.00     0.00     0.00     0.00     0.00     0.00     0.00   238.35     0.00     0.00     0.00   152.64     0.00     0.00     0.00     0.00     0.00     0.00     0.00     0.00     0.00     0.00     0.05    10.40     8.12     8.12     8.12     8.81     8.32     8.32     8.32     8.31     0.21     8.39     0.00     2.10     8.39     0.00     0.00     0.00     0.00     0.00     0.00     0.00     0.00     0.00     0.00     0.00     0.00    84.09    48.05     0.00     0.00     0.00     0.00     0.00     0.00     0.00     0.00     0.00     0.00     0.00    84.64     0.00     0.00     0.00     0.00     0.00     0.00    17.42    10.57    23.78    38.32     0.00   133.73   118.50   118.50    84.64     0.00     0.00     0.00     0.00    29.62    49.09     0.00     0.00     0.00     0.00    16.93    16.93    29.62    70.25    29.62     0.00     0.00    21.50    37.75     0.00     0.00     0.00     0.00     1.78     0.00   153.90     0.00   278.39    95.97   630.81     0.00     0.00     0.00     0.00     5.62     1.61    13.38     0.00     6.69     5.35     6.69     0.67     0.00     0.00     0.00     0.00     0.00     0.00    52.50    82.00     5.25    40.00     0.00     0.00     0.00     0.00     0.00     0.00     0.00     0.00     0.00     0.00     0.00     0.00     0.00     5.31    14.00    15.00     7.50     4.50     1.50     0.00     0.00     0.00     0.00     0.00     0.00     0.00     0.00     0.00     0.00     0.00     0.00     0.00     6.58     7.95    23.86     0.00    12.43     0.00     0.00     0.00     0.00     0.00     0.00     0.00     0.00     0.00     0.00     0.00     0.00     0.00     0.00     0.00     0.00     0.00     0.00     0.00     0.00    40.00     5.25     0.00     0.00     0.00     0.00
2033   3113.12   400.00     0.26    98.61     0.97    69.03     0.00     0.00     0.00     0.00     0.00     0.00     0.00  3113.12     0.00     0.00     0.00     0.00   655.38    84.09   325.86     0.00     0.00     0.00     0.00     0.00     0.00     0.00     0.00  2044.28   515.45     0.00     0.00     0.00    69.53    64.18    66.34     0.00     0.00     0.00     0.00     0.00     0.00     0.00     0.00     0.00     0.00     0.00     0.00     0.00     0.00     0.00     0.00     0.00     0.00     0.00     0.00     0.00     0.00     0.00     0.00     0.00     0.00     0.00    14.36    23.93    10.42     0.00     0.00    47.85    24.67    65.47    23.93    23.93     5.26     0.00     0.00     0.00     0.00     0.00     0.00     0.00   289.85     0.00     0.00     0.00   152.64     0.00     0.00     0.00     0.00     0.00     0.00     0.00     0.00     0.00     0.00     0.05    10.40     8.12     8.12     8.12     8.81     8.32     8.32     8.32     8.31     0.21     8.39     0.00     2.10     8.39     0.00     0.00     0.00     0.00     0.00     0.00     0.00     0.00     0.00     0.00     0.00     0.00    84.09    48.05     0.00     0.00     0.00     0.00     0.00     0.00     0.00     0.00     0.00     0.00     0.00    84.64     0.00     0.00     0.00     0.00     0.00     0.00    17.42    10.57    23.78    38.32     0.00   133.73   118.50   118.50    84.64     0.00     0.00     0.00     0.00    29.62    49.09     0.00     0.00     0.00     0.00    16.93    16.93    29.62    70.25    29.62     0.00     0.00    21.50    37.75     0.00     0.00     0.00     0.00     1.78     0.00   161.62     0.00   278.39    95.97   682.31     0.00     0.00     0.00     2.01     5.62     1.61    13.38     0.00     6.69     5.35     6.69     0.67     0.00     0.00     0.00     0.00     0.00     0.00    52.50    82.00     5.25    40.00     0.00     0.00     0.00     0.00     0.00     0.00     0.00     0.00     0.00     0.00     0.00     0.00     0.00     5.31    14.00    15.00     7.50     4.50     1.50     0.00     0.00     0.00     0.00     0.00     0.00     0.00     0.00     0.00     0.00     0.00     0.00     0.00     6.58     7.95    23.86     0.00    12.43     0.00     0.00     0.00     0.00     0.00     0.00     0.00     0.00     0.00     0.00     0.00     0.00     0.00     0.00     0.00     0.00     0.00     0.00     0.00     0.00    40.00     5.25     0.00     0.00     0.00     0.00
2034   3332.15   400.00     0.64    98.61     0.97    69.03     0.00     0.00     0.00     0.00     0.00     0.00     0.00  3332.15     0.00     0.00     0.00     0.00   655.38    84.09   325.86     0.00     0.00     0.00     0.00     0.00     0.00     0.00     0.00  2500.48   808.83     0.00     0.00     0.00     0.00     0.00    66.34     0.00     0.00     0.00     0.00     0.00     0.00     0.00     0.00     0.00     0.00     0.00     0.00     0.00     0.00     0.00     0.00     0.00     0.00     0.00     0.00     0.00     0.00     0.00     0.00     0.00     0.00     0.00    14.36    23.93    10.42     0.00     0.00    47.85    24.67    65.47    23.93    23.93     5.26     0.00     0.00     0.00     0.00     0.00     0.00     0.00   344.61     0.00     0.00     0.00   152.64     0.00     0.00     0.00     0.00     0.00     0.00     0.00     0.00     0.00     0.00     0.05    10.40     8.12     8.12     8.12     8.81     8.32     8.32     8.32     8.31     0.21     8.39     0.00     2.10     8.39     0.00     0.00     0.00     0.00     0.00     0.00     0.00     0.00     0.00     0.00     0.00     0.00    84.09    48.05     0.00     0.00     0.00     0.00     0.00     0.00     0.00     0.00     0.00     0.00     0.00    84.64     0.00     0.00     0.00     0.00     0.00     0.00    17.42    10.57    23.78    38.32     0.00   133.73   118.50   118.50    84.64     0.00     0.00     0.00     0.00    29.62    49.09     0.00     0.00     0.00     0.00    16.93    16.93    29.62    70.25    29.62     0.00     0.00    21.50    37.75     0.00     0.00     0.00     0.00     1.78     0.00   177.83     0.00   278.39    95.97   737.07     0.00     0.20     4.01     2.01     5.62     1.61    13.38     0.00     6.69     5.35     6.69     0.67     0.00     0.00     0.00     0.00     0.00     0.00    52.50    82.00     5.25    40.00     0.00     0.00     0.00     0.00     0.00     0.00     0.00     0.00     0.00     0.00     0.00     0.00     0.00     5.31    14.00    15.00     7.50     4.50     1.50     0.00     0.00     0.00     0.00     0.00     0.00     0.00     0.00     0.00     0.00     0.00     0.00     0.00     6.58     7.95    23.86     0.00    12.43     0.00     0.00     0.00     0.00     0.00     0.00     0.00     0.00     0.00     0.00     0.00     0.00     0.00     0.00     0.00     0.00     0.00     0.00     0.00     0.00    40.00     5.25     0.00     0.00     0.00     0.00
2035   3561.74   400.00     1.04    98.61     0.97    68.96     0.00     0.00     0.00     0.00     0.00     0.00     0.00  3561.74     0.00     0.00     0.00     0.00   655.38    84.09   325.86     0.00     0.00     0.00     0.00     0.00     0.00     0.00     0.00  2991.14  1046.90     0.00     0.00     0.00     0.00     0.00     0.00     0.00     0.00     0.00     0.00     0.00     0.00     0.00     0.00     0.00     0.00     0.00     0.00     0.00     0.00     0.00     0.00     0.00     0.00     0.00     0.00     0.00     0.00     0.00    67.82     0.00     0.00     0.00    14.36    23.93     0.00     0.00     0.00    47.85    24.67    65.47    23.93    23.93     5.26     0.00     0.00     0.00     0.00     0.00     0.00     0.00   344.61     0.00     0.00     0.00   152.64     0.00     0.00     0.00     0.00     0.00     0.00     0.00     0.00     0.00     0.00     0.05    10.40     8.12     8.12     8.12     8.81     8.32     8.32     8.32     8.31     0.21     8.39     0.00     2.10     8.39     0.00     0.00     0.00     0.00     0.00     0.00     0.00     0.00     0.00     0.00     0.00     0.00    84.09    48.05     0.00     0.00     0.00     0.00     0.00     0.00     0.00     0.00     0.00     0.00     0.00    84.64     0.00     0.00     0.00     0.00     0.00     0.00    17.42    10.57    23.78    38.32     0.00   133.73   118.50   118.50    84.64     0.00     0.00     0.00     0.00    29.62    49.09     0.00     0.00     0.00     0.00    16.93    16.93    29.62    70.25    29.62     0.00     0.00    21.50    37.75     0.00     0.00     0.00     0.00     1.78     0.00   177.83     0.00   278.39    95.97   794.47     0.00     0.20     4.01     2.01     5.62     1.61    13.38     0.00     6.69     5.35     6.69     0.67     0.00     0.00     0.00     0.00     0.00     0.00    52.50    82.00     5.25    40.00     0.00     0.00     0.00     0.00     0.00     0.00     0.00     0.00     0.00     0.00     0.00     0.00     0.00     5.31    14.00    15.00     7.50     4.50     1.50     0.00     0.00     0.00     0.00     0.00     0.00     0.00     0.00     0.00     0.00     0.00     0.00     0.00     6.58     7.95    23.86     0.00    12.43     0.00     0.00     0.00     0.00     0.00     0.00     0.00     0.00     0.00     0.00     0.00     0.00     0.00     0.00     0.00     0.00     0.00     0.00     0.00     0.00    40.00     5.25     0.00     0.00     0.00     0.00
2036   3785.77   400.00     1.39    98.61     0.97    68.62     0.00     0.00     0.00     0.00     0.00     0.00     0.00  3785.77     0.00     0.00     0.00     0.00   655.38    84.09   325.86     0.00     0.00     0.00     0.00     0.00     0.00     0.00     0.00  3469.27  1214.24     0.00     0.00     0.00     0.00     0.00     0.00     0.00     0.00     0.00     0.00     0.00     0.00     0.00     0.00     0.00     0.00     0.00     0.00     0.00     0.00     0.00     0.00     0.00     0.00     0.00     0.00     0.00     0.00     0.00   123.83     0.00     0.00     0.00    14.36    23.93     0.00     0.00     0.00    47.85    24.67    65.47    23.93    23.93     5.26     0.00     0.00     0.00     0.00     0.00     0.00     0.00   344.61     0.00     0.00     0.00   152.64     0.00     0.00     0.00     0.00     0.00     0.00     0.00     0.00     0.00     0.00     0.05    10.40     8.12     8.12     8.12     8.81     8.32     8.32     8.32     8.31     0.21     8.39     0.00     2.10     8.39     0.00     0.00     0.00     0.00     0.00     0.00     0.00     0.00     0.00     0.00     0.00     0.00    84.09    48.05     0.00     0.00     0.00     0.00     0.00     0.00     0.00     0.00     0.00     0.00     0.00    84.64     0.00     0.00     0.00     0.00     0.00     0.00    17.42    10.57    23.78    38.32     0.00   133.73   118.50   118.50    84.64     0.00     0.00     0.00     0.00    29.62    49.09     0.00     0.00     0.00     0.00    16.93    16.93    29.62    70.25    29.62     0.00     0.00    21.50    37.75     0.00     0.00     0.00     0.00     1.78     0.00   177.83     0.00   278.39    95.97   850.47     0.00     0.20     4.01     2.01     5.62     1.61    13.38     0.00     6.69     5.35     6.69     0.67     0.00     0.00     0.00     0.00     0.00     0.00    52.50    82.00     5.25    40.00     0.00     0.00     0.00     0.00     0.00     0.00     0.00     0.00     0.00     0.00     0.00     0.00     0.00     5.31    14.00    15.00     7.50     4.50     1.50     0.00     0.00     0.00     0.00     0.00     0.00     0.00     0.00     0.00     0.00     0.00     0.00     0.00     6.58     7.95    23.86     0.00    12.43     0.00     0.00     0.00     0.00     0.00     0.00     0.00     0.00     0.11     0.12     0.13     0.00     0.00     0.00     0.00     0.00     0.00     0.00     0.00     0.00    40.00     5.25     0.00     0.00     0.00     0.00
2037   4036.87   400.00     1.39    98.61     0.97    68.84     0.00     0.00     0.00     0.00     0.00     0.00     0.00  4036.87     0.00     0.00     0.00     0.00   653.60    84.09   325.86     0.00     0.00     0.00     0.00     0.00     0.00     0.00     0.00  4013.48  1404.72     0.00     0.00     0.00     0.00     0.00     0.00     0.00     0.00     0.00     0.00     0.00     0.00     0.00     0.00     0.00     0.00     0.00     0.00     0.00     0.00     0.00     0.00     0.00     0.00     0.00     0.00     0.00     0.00     0.00   130.94     0.00     0.00     0.00    14.36    23.93     0.00     0.00     0.00    47.85    24.67    65.47    23.93    23.93     5.26     0.00     0.00     0.00     0.00     0.00     0.00     0.00   400.27     0.00     0.00     0.00   152.64     0.00     0.00     0.00     0.00     0.00     0.00     0.00     0.00     0.00     0.00     0.05    10.40     8.12     8.12     8.12     8.81     8.32     8.32     8.32     8.31     0.21     8.39     0.00     2.10     8.39     0.00     0.00     0.00     0.00     0.00     0.00     0.00     0.00     0.00     0.00     0.00     0.00    84.09    48.05     0.00     0.00     0.00     0.00     0.00     0.00     0.00     0.00     0.00     0.00     0.00    84.64     0.00     0.00     0.00     0.00     0.00     0.00    17.42    10.57    23.78    38.32     0.00   133.73   118.50   118.50    84.64     0.00     0.00     0.00     0.00    29.62    49.09     0.00     0.00     0.00     0.00    16.93    16.93    29.62    70.25    29.62     0.00     0.00    21.50    37.75     0.00     0.00     0.00     0.00     0.00     0.00   177.83     0.00   278.39    95.97   913.25     0.00     0.20     4.01     2.01     5.62     1.61    13.38     0.00     6.69     5.35     6.69     0.67     0.00     0.00     0.00     0.00     0.00     0.00    52.50    82.00     5.25    40.00     0.00     0.00     0.00     0.00     0.00     0.00     0.00     0.00     0.00     0.00     0.00     0.00     0.00     5.31    14.00    15.00     7.50     4.50     1.50     0.00     0.00     0.00     0.00     0.00     0.00     0.00     0.00     0.00     0.00     0.00     0.00     0.00     6.58     7.95    23.86     0.00    12.43     0.00     0.00     0.00     0.00     0.00     0.00     0.00     0.00     1.51     1.67     1.75     0.00     0.00     0.00     0.00     0.00     0.00     0.00     0.00     0.00    40.00     5.25     0.00     0.00     0.00     0.00
2038   4296.81   400.00     1.39    98.61     1.86    67.57     0.00     0.00     0.00     0.00     0.00     0.00     0.00  4296.81     0.00     0.00     0.00     0.00   629.82    84.09   325.86     0.00     0.00     0.00     0.00     0.00     0.00     0.00     0.00  4866.94  1703.43     0.00     0.00     0.00     0.00     0.00     0.00     0.00     0.00     0.00     0.00     0.00     0.00     0.00     0.00     0.00     0.00     0.00     0.00     0.00     0.00     0.00     0.00     0.00     0.00     0.00     0.00     0.00     0.00     0.00   130.94     0.00     0.00     0.00    14.36    23.93     0.00     0.00     0.00    47.85    24.67    65.47    23.93    23.93     5.26     0.00     0.00     0.00     0.00     0.00     0.00     0.00   628.35     0.00     0.00     0.00     0.00     0.00     0.00     0.00     0.00     0.00     0.00     0.00     0.00     0.00     0.00     0.00     0.00     8.12     8.12     8.12     8.81     8.32     8.32     8.32     8.31     0.21     8.39     0.00     2.10     8.39     0.00     0.00     0.00     0.00     0.00     0.00     0.00     0.00     0.00     0.00     0.00     0.00    84.09    48.05     0.00     0.00     0.00     0.00     0.00     0.00     0.00     0.00     0.00     0.00     0.00    84.64     0.00     0.00     0.00     0.00     0.00     0.00    17.42    10.57     0.00    38.32     0.00   133.73   118.50   118.50    84.64     0.00     0.00     0.00     0.00    29.62    49.09     0.00     0.00     0.00     0.00    16.93    16.93    29.62    70.25    29.62     0.00     0.00    21.50    37.75     0.00     0.00     0.00     0.00     0.00     0.00   177.83     0.00   196.39    85.51   988.69     0.00     0.20     4.01     2.01     5.62     1.61    13.38     0.00     6.69     5.35     6.69     0.67     0.00     0.00     0.00     0.00     0.00     0.00    52.50     0.00     5.25    40.00     0.00     0.00     0.00     0.00     0.00     0.00     0.00     0.00     0.00     0.00     0.00     0.00     0.00     5.31    14.00    15.00     7.50     4.50     1.50     0.00     0.00     0.00     0.00     0.00     0.00     0.00     0.00     0.00     0.00     0.00     0.00     0.00     6.58     7.95    23.86     0.00    12.43     0.00     0.00     0.00     0.00     0.00     0.00     0.00     0.00     2.62     2.91     3.05     0.00     0.00     0.00     0.00     0.00     0.00    58.69     0.00     0.00    40.00     5.25     0.00     0.00     0.00     0.00
2039   4571.10   400.00     1.39    98.61     1.62    67.57     0.00     0.00     0.00     0.00     0.00     0.00     0.00  4571.10     0.00     0.00     0.00     0.00   581.50    84.09    88.87     0.00     0.00     0.00     0.00     0.00     0.00     0.00     0.00  6271.14  2194.90     0.00     0.00     0.00     0.00     0.00     0.00     0.00     0.00     0.00     0.00     0.00     0.00     0.00     0.00     0.00     0.00     0.00     0.00     0.00     0.00     0.00     0.00     0.00     0.00     0.00     0.00     0.00     0.00     0.00   130.94     0.00     0.00     0.00    14.36    23.93     0.00     0.00     0.00    47.85    24.67    65.47    23.93    23.93     5.26     0.00     0.00     0.00     0.00     0.00     0.00     0.00   696.92     0.00     0.00     0.00     0.00     0.00     0.00     0.00     0.00     0.00     0.00     0.00     0.00     0.00     0.00     0.00     0.00     8.12     8.12     8.12     8.81     8.32     8.32     8.32     8.31     0.21     8.39     0.00     2.10     8.39     0.00     0.00     0.00     0.00     0.00     0.00     0.00     0.00     0.00     0.00     0.00     0.00    84.09    48.05     0.00     0.00     0.00     0.00     0.00     0.00     0.00     0.00     0.00     0.00     0.00    84.64     0.00     0.00     0.00     0.00     0.00     0.00    17.42     0.00     0.00    38.32     0.00   133.73     0.00     0.00    84.64     0.00     0.00     0.00     0.00    29.62    49.09     0.00     0.00     0.00     0.00    16.93    16.93    29.62    70.25    29.62     0.00     0.00    21.50     0.00     0.00     0.00     0.00     0.00     0.00     0.00   177.83     0.00   196.39    85.51  1057.26     0.00     0.20     4.01     2.01     5.62     1.61    13.38     0.00     6.69     5.35     6.69     0.67     0.00     0.00     0.00     0.00     0.00     0.00    52.50     0.00     5.25    40.00     0.00     0.00     0.00     0.00     0.00     0.00     0.00     0.00     0.00     0.00     0.00     0.00     0.00     5.31    14.00    15.00     7.50     4.50     1.50     0.00     0.00     0.00     0.00     0.00     0.00     0.00     0.00     0.00     0.00     0.00     0.00     0.00     6.58     7.95    23.86     0.00    12.43     0.00     0.00     0.00     0.00     0.00     0.00     0.00     0.00     4.43     4.92     5.16     0.00     0.00     0.00     0.00     0.00     0.00    58.69     0.00     0.00    40.00     5.25     0.00     0.00     0.00     0.00
2040   4860.60    28.13     1.39    98.61     1.37    67.57     0.00     0.00     0.00     0.00     0.00     0.00     0.00  4860.60     0.00     0.00     0.00     0.00   560.00    84.09    88.87     0.00     0.00     0.00     0.00     0.00     0.00     0.00     0.00  8016.65  2805.83     0.00     0.00     0.00     0.00     0.00     0.00     0.00     0.00     0.00     0.00     0.00     0.00     0.00     0.00     0.00     0.00     0.00     0.00     0.00     0.00     0.00     0.00     0.00     0.00     0.00     0.00     0.00     0.00     0.00   130.94     0.00     0.00     0.00    14.36    23.93     0.00     0.00     0.00    47.85    24.67    65.47    23.93    23.93     5.26     0.00     0.00     0.00     0.00     0.00     0.00     0.00   769.30     0.00     0.00     0.00     0.00     0.00     0.00     0.00     0.00     0.00     0.00     0.00     0.00     0.00     0.00     0.00     0.00     8.12     8.12     8.12     8.81     8.32     8.32     8.32     8.31     0.21     8.39     0.00     2.10     8.39     0.00     0.00     0.00     0.00     0.00     0.00     0.00     0.00     0.00     0.00     0.00     0.00    84.09    48.05     0.00     0.00     0.00     0.00     0.00     0.00     0.00     0.00     0.00     0.00     0.00    84.64     0.00     0.00     0.00     0.00     0.00     0.00    17.42     0.00     0.00    38.32     0.00   133.73     0.00     0.00    84.64     0.00     0.00     0.00     0.00    29.62    49.09     0.00     0.00     0.00     0.00    16.93    16.93    29.62    70.25    29.62     0.00     0.00     0.00     0.00     0.00     0.00     0.00     0.00     0.00     0.00   177.83     0.00   196.39    85.51  1129.64     0.00     0.20     4.01     2.01     5.62     1.61    13.38     0.00     6.69     5.35     6.69     0.67     0.00     0.00     0.00     0.00     0.00     0.00    52.50     0.00     5.25    40.00     0.00     0.00     0.00     0.00     0.00     0.00     0.00     0.00     0.00     0.00     0.00     0.00     0.00     5.31    14.00    15.00     7.50     4.50     1.50     0.00     0.00     0.00     0.00     0.00     0.00     0.00     0.00     0.00     0.00     0.00     0.00     0.00     6.58     7.95    23.86     0.00    12.43     0.00     0.00     0.00     0.00     0.00     0.00     0.00     0.00     6.07     6.74     7.07     0.00     0.00     0.00     0.00     0.00     0.00     0.00     0.00     0.00    40.00     5.25     0.00     0.00     0.00     0.00
2041   4860.60    28.13     1.39    98.61     1.38    67.57     0.00     0.00     0.00     0.00     0.00     0.00     0.00  4860.60     0.00     0.00     0.00     0.00   542.58    84.09    88.87     0.00     0.00     0.00     0.00     0.00     0.00     0.00     0.00  8216.41  2875.74     0.00     0.00     0.00     0.00     0.00     0.00     0.00     0.00     0.00     0.00     0.00     0.00     0.00     0.00     0.00     0.00     0.00     0.00     0.00     0.00     0.00     0.00     0.00     0.00     0.00     0.00     0.00     0.00     0.00   125.01     0.00     0.00     0.00    14.36    23.93     0.00     0.00     0.00     0.00    24.67    65.47    23.93    23.93     5.26     0.00     0.00     0.00     0.00     0.00     0.00     0.00   839.73     0.00     0.00     0.00     0.00     0.00     0.00     0.00     0.00     0.00     0.00     0.00     0.00     0.00     0.00     0.00     0.00     8.12     8.12     8.12     8.81     0.00     0.00     8.32     8.31     0.21     8.39     0.00     2.10     8.39     0.00     0.00     0.00     0.00     0.00     0.00     0.00     0.00     0.00     0.00     0.00     0.00    84.09    48.05     0.00     0.00     0.00     0.00     0.00     0.00     0.00     0.00     0.00     0.00     0.00    84.64     0.00     0.00     0.00     0.00     0.00     0.00     0.00     0.00     0.00    38.32     0.00   133.73     0.00     0.00    84.64     0.00     0.00     0.00     0.00    29.62    49.09     0.00     0.00     0.00     0.00    16.93    16.93    29.62    70.25    29.62     0.00     0.00     0.00     0.00     0.00     0.00     0.00     0.00     0.00     0.00   177.83     0.00   143.89    68.87  1146.28     0.00     0.20     4.01     2.01     5.62     1.61    13.38     0.00     6.69     5.35     6.69     0.67     0.00     0.00     0.00     0.00     0.00     0.00     0.00     0.00     5.25    40.00     0.00     0.00     0.00     0.00     0.00     0.00     0.00     0.00     0.00     0.00     0.00     0.00     0.00     5.31    14.00    15.00     7.50     4.50     1.50     0.00     0.00     0.00     0.00     0.00     0.00     0.00     0.00     0.00     0.00     0.00     0.00     0.00     6.58     7.95    23.86     0.00    12.43     0.00     0.00     0.00     0.00     0.00     0.00     0.00     0.00     6.22     6.91     7.24     0.00     0.00     0.00     0.00     0.00     0.00    16.59     0.00     0.00    40.00     5.25     0.00     0.00     0.00     0.00
2042   4860.60    28.17     1.39    98.61     1.41    67.57     0.00     0.00     0.00     0.00     0.00     0.00     0.00  4860.60     0.00     0.00     0.00     0.00   542.58    84.09    88.87     0.00     0.00     0.00     0.00     0.00     0.00     0.00     0.00  8216.22  2875.68     0.00     0.00     0.00     0.00     0.00     0.00     0.00     0.00     0.00     0.00     0.00     0.00     0.00     0.00     0.00     0.00     0.00     0.00     0.00     0.00     0.00     0.00     0.00     0.00     0.00     0.00     0.00     0.00     0.00   130.94     0.00     0.00     0.00    14.36    23.93     0.00     0.00     0.00     0.00    24.67    65.47    23.93    23.93     5.26     0.00     0.00     0.00     0.00     0.00     0.00     0.00   842.18     0.00     0.00     0.00     0.00     0.00     0.00     0.00     0.00     0.00     0.00     0.00     0.00     0.00     0.00     0.00     0.00     8.12     8.12     8.12     8.81     0.00     0.00     8.32     8.31     0.21     8.39     0.00     2.10     0.00     0.00     0.00     0.00     0.00     0.00     0.00     0.00     0.00     0.00     0.00     0.00     0.00    84.09    48.05     0.00     0.00     0.00     0.00     0.00     0.00     0.00     0.00     0.00     0.00     0.00    84.64     0.00     0.00     0.00     0.00     0.00     0.00     0.00     0.00     0.00    38.32     0.00   133.73     0.00     0.00    84.64     0.00     0.00     0.00     0.00    29.62    49.09     0.00     0.00     0.00     0.00    16.93    16.93    29.62    70.25    29.62     0.00     0.00     0.00     0.00     0.00     0.00     0.00     0.00     0.00     0.00   177.83     0.00   143.89    60.48  1154.67     0.00     0.20     4.01     2.01     5.62     1.61    13.38     0.00     6.69     5.35     6.69     0.67     0.00     0.00     0.00     0.00     0.00     0.00     0.00     0.00     5.25    40.00     0.00     0.00     0.00     0.00     0.00     0.00     0.00     0.00     0.00     0.00     0.00     0.00     0.00     5.31    14.00    15.00     7.50     4.50     1.50     0.00     0.00     0.00     0.00     0.00     0.00     0.00     0.00     0.00     0.00     0.00     0.00     0.00     6.58     7.95    23.86     0.00    12.43     0.00     0.00     0.00     0.00     0.00     0.00     0.00     0.00     6.22     6.91     7.24     0.00     0.00     0.00     0.00     0.00     0.00     9.50     0.00     0.00    40.00     5.25     0.00     0.00     0.00     0.00
2043   4860.60    28.04     1.34    98.61     1.42    67.57     0.00     0.00     0.00     0.00     0.00     0.00     0.00  4860.60     0.00     0.00     0.00     0.00   504.26    84.09    88.87     0.00     0.00     0.00     0.00     0.00     0.00     0.00     0.00  8326.19  2914.17     0.00     0.00     0.00     0.00     0.00     0.00     0.00     0.00     0.00     0.00     0.00     0.00     0.00     0.00     0.00     0.00     0.00     0.00     0.00     0.00     0.00     0.00     0.00     0.00     0.00     0.00     0.00     0.00     0.00   130.94     0.00     0.00     0.00    14.36    23.93     0.00     0.00     0.00     0.00    24.67    65.47    23.93    23.93     5.26     0.00     0.00     0.00     0.00     0.00     0.00     0.00   850.50     0.00     0.00     0.00     0.00     0.00     0.00     0.00     0.00     0.00     0.00     0.00     0.00     0.00     0.00     0.00     0.00     8.12     8.12     8.12     8.81     0.00     0.00     0.00     8.31     0.21     8.39     0.00     2.10     0.00     0.00     0.00     0.00     0.00     0.00     0.00     0.00     0.00     0.00     0.00     0.00     0.00    84.09    48.05     0.00     0.00     0.00     0.00     0.00     0.00     0.00     0.00     0.00     0.00     0.00    84.64     0.00     0.00     0.00     0.00     0.00     0.00     0.00     0.00     0.00     0.00     0.00   133.73     0.00     0.00    84.64     0.00     0.00     0.00     0.00    29.62    49.09     0.00     0.00     0.00     0.00    16.93    16.93    29.62    70.25    29.62     0.00     0.00     0.00     0.00     0.00     0.00     0.00     0.00     0.00     0.00   177.83     0.00   143.89    52.16  1162.99     0.00     0.20     4.01     2.01     5.62     1.61    13.38     0.00     6.69     5.35     6.69     0.67     0.00     0.00     0.00     0.00     0.00     0.00     0.00     0.00     5.25    40.00     0.00     0.00     0.00     0.00     0.00     0.00     0.00     0.00     0.00     0.00     0.00     0.00     0.00     5.31    14.00    15.00     7.50     4.50     1.50     0.00     0.00     0.00     0.00     0.00     0.00     0.00     0.00     0.00     0.00     0.00     0.00     0.00     6.58     7.95    23.86     0.00    12.43     0.00     0.00     0.00     0.00     0.00     0.00     0.00     0.00     6.22     6.91     7.24     0.00     0.00     0.00     0.00     0.00     0.00    65.32     0.00     0.00    40.00     5.25     0.00     0.00     0.00     0.00
2044   4860.60    28.32     1.39    98.61     1.51    67.57     0.00     0.00     0.00     0.00     0.00     0.00     0.00  4860.60     0.00     0.00     0.00     0.00   370.53    84.09    88.87     0.00     0.00     0.00     0.00     0.00     0.00     0.00     0.00  8709.02  3048.16     0.00     0.00     0.00     0.00     0.00     0.00     0.00     0.00     0.00     0.00     0.00     0.00     0.00     0.00     0.00     0.00     0.00     0.00     0.00     0.00     0.00     0.00     0.00     0.00     0.00     0.00     0.00     0.00     0.00   130.94     0.00     0.00     0.00    14.36    23.93     0.00     0.00     0.00     0.00    24.67    65.47    23.93    23.93     5.26     0.00     0.00     0.00     0.00     0.00     0.00     0.00   850.71     0.00     0.00     0.00     0.00     0.00     0.00     0.00     0.00     0.00     0.00     0.00     0.00     0.00     0.00     0.00     0.00     8.12     8.12     8.12     8.81     0.00     0.00     0.00     8.31     0.00     8.39     0.00     2.10     0.00     0.00     0.00     0.00     0.00     0.00     0.00     0.00     0.00     0.00     0.00     0.00     0.00    84.09    48.05     0.00     0.00     0.00     0.00     0.00     0.00     0.00     0.00     0.00     0.00     0.00    84.64     0.00     0.00     0.00     0.00     0.00     0.00     0.00     0.00     0.00     0.00     0.00     0.00     0.00     0.00    84.64     0.00     0.00     0.00     0.00    29.62    49.09     0.00     0.00     0.00     0.00    16.93    16.93    29.62    70.25    29.62     0.00     0.00     0.00     0.00     0.00     0.00     0.00     0.00     0.00     0.00   175.26     0.00   143.89    51.95  1163.20     0.00     0.20     4.01     2.01     5.62     1.61    13.38     0.00     6.69     5.35     6.69     0.00     0.00     0.00     0.00     0.00     0.00     0.00     0.00     0.00     5.25    40.00     0.00     0.00     0.00     0.00     0.00     0.00     0.00     0.00     0.00     0.00     0.00     0.00     0.00     5.31    14.00    15.00     7.50     4.50     1.50     0.00     0.00     0.00     0.00     0.00     0.00     0.00     0.00     0.00     0.00     0.00     0.00     0.00     6.58     7.95    23.86     0.00    12.43     0.00     0.00     0.00     0.00     0.00     0.00     0.00     0.00     6.22     6.91     7.24     0.00     0.00     0.00     0.00     0.00     0.00    69.19     0.00     0.00    40.00     5.25     0.00     0.00     0.00     0.00
2045   4860.60    28.31     1.39    98.61     1.50    67.57     0.00     0.00     0.00     0.00     0.00     0.00     0.00  4860.60     0.00     0.00     0.00     0.00   370.53    84.09    88.87     0.00     0.00     0.00     0.00     0.00     0.00     0.00     0.00  8709.06  3048.17     0.00     0.00     0.00     0.00     0.00     0.00     0.00     0.00     0.00     0.00     0.00     0.00     0.00     0.00     0.00     0.00     0.00     0.00     0.00     0.00     0.00     0.00     0.00     0.00     0.00     0.00     0.00     0.00     0.00   130.94     0.00     0.00     0.00    14.36    23.93     0.00     0.00     0.00     0.00    24.67    65.47    23.93    23.93     5.26     0.00     0.00     0.00     0.00     0.00     0.00     0.00   850.99     0.00     0.00     0.00     0.00     0.00     0.00     0.00     0.00     0.00     0.00     0.00     0.00     0.00     1.54     0.00     0.00     8.12     0.00     8.12     8.81     0.00     0.00     0.00     8.31     0.00     8.39     6.29     2.10     0.00     0.00     0.00     0.00     0.00     0.00     0.00     0.00     0.00     0.00     0.00     0.00     0.00    84.09    48.05     0.00     0.00     0.00     0.00     0.00     0.00     0.00     0.00     0.00     0.00     0.00    84.64     0.00     0.00     0.00     0.00     0.00     0.00     0.00     0.00     0.00     0.00     0.00     0.00     0.00     0.00    84.64     0.00     0.00     0.00     0.00    29.62    49.09     0.00     0.00     0.00     0.00    16.93    16.93    29.62    70.25    29.62     0.00     0.00     0.00     0.00     0.00     0.00     0.00     0.00     0.00     0.00   175.26     0.00   143.89    51.67  1163.48     0.00     0.20     4.01     2.01     5.62     1.61    13.38     0.00     6.69     5.35     6.69     0.00     0.00     0.00     0.00     0.00     0.00     0.00     0.00     0.00     5.25    40.00     0.00     0.00     0.00     0.00     0.00     0.00     0.00     0.00     0.00     0.00     0.00     0.00     0.00     5.31    14.00    15.00     7.50     4.50     1.50     0.00     0.00     0.00     0.00     0.00     0.00     0.00     0.00     0.00     0.00     0.00     0.00     0.00     6.58     7.95    23.86     0.00    12.43     0.00     0.00     0.00     0.00     0.00     0.00     0.00     0.00     6.22     6.91     7.24     0.00     0.00     0.00     0.00     0.00     0.00    69.19     0.00     0.00    40.00     5.25     0.00     0.00     0.00     0.00


Table 3:            KEa, Highdemand
                    
MESSAGE Int_V2      KEaCumulNewCapacity
Aug 22, 2024 22:25

      KEEL00T00 KEEL00i00_HVDC KEEL00i00_TANESCO KEEL00i00_UETCL KEEL00i00 KEEL00TDI KEEL00TDR KEEL00TDU KEEL00TDC KEEL00TUI KEEL00TUR KEEL00TUS KEEL00TUU KEEL00TUC KEDS00I00 KENU00I00 KEGE00I00 KEGE00I00_Generic KEGE00I00_steam KEDSRC00 KEDSRC01_Tsavo_Extended KEDSSC00 KEDSRI00 KEDSRU00 KEDSRB00 KEDSRR00 KEHF00I00_NAIROBI KEHF00I00 KEHFRC00 KEHFRC01_Tsavo KEHFRC01_Rabai KEHFRC01_Kipevu_III KEHFRC10_Thika KEHFRC10_Gulf KEHFRC10_Triumph KEHFRC03 KEHFRC10 KEHFRC02 KEHFRC01 KECO00X00 KECOSC00 KECOSC11 KENG00I00_LNG KENG00I00 KENGSC00 KENGSC12_Dongo_Kundu KENGCC00 KENGCC12_LNG_Backup2 KENGCC12_LNG_Backup26 KENGCC12_LNG_Backup35 KENGCC12_LNG_Backup4 KENGCC12_LNG2 KENUPW00 KENUPW20_Nuclear_III KENUPW20_Nuclear_II KENUPW20_Nuclear_I KENUPW20 KEWDLC00 KEWDLCZ004_Marsabit_PhII KEWDLCZ007_Meru_PhIII KEWDLCZ007_Meru_PhII KEWDLCZ007_Meru_PhI KEWDLCZ008_Oldanyat KEWDLCZ008_Prunus KEWDLCZH08_Ngong_PhII KEWDLCZH08_Ngong_PhI KEWDLCZ001_Bahari2 KEWDLCZH08_Kipeto KEWDLCZ001_Bahari_PhI KEWDLCZ004_Marsabit_PhI KEWDLCZ008_Aperture KEWDLCZ008_Chania KEWDLCZ008_Ngong1_PhIII KEWDOC00 KEWDLCZ010 KEWDLCZ009 KEWDLCZ008 KEWDLCZ007 KEWDLCZ006 KEWDLCZ005 KEWDLCZ004 KEWDLCZ003 KEWDLCZ002 KEWDLCZ001 KEWDLCZDP09_Lake_Turkana KEWDLCZH08 KESOTN00 KESOTNZ002 KESOTNZ001 KESOTS00 KESOTSZ002 KESOTSZ001 KESOTG00 KESOPC00 KESOPCZ001_Kenya_Solar KESOPCZ003_Strathmore KESOPCZ003_REA_Garissa KESOPCZ008_Kibwezi KESOPCZ008_Tarita_Green KESOPCZ008_Kopere KESOPCZ001_SevenForks KESOPCZ003_Eldosol KESOPCZ003_Selenkei KESOPCZ003_Alten KESOPCZ009_Kenergy KESOPCZ009_MarcoBorero KESOPCZ001_Greenmillenia KESOPCZ001_Makindu KESOPCZ001_HannanArya KESOPCZ001_Malindi KESOPCZ010 KESOPCZ009 KESOPCZ008 KESOPCZ007 KESOPCZ006 KESOPCZ005 KESOPCZ004 KESOPCZ003 KESOPCZ002 KESOPCZ001 KEGOCV00 KEGOCV18_Menengai_V KEGOCV16_Olkaria_7 KEGOCV16_Olkaria_6 KEGOCV12_Suswa_I KEGOCV12_Suswa_II KEGOCV12_Suswa_III KEGOCV12_Olsuswa_I KEGOCV13_Akiira_I KEGOCV13_Akiira_II KEGOCV20_AGIL_I KEGOCV20_AGIL_II KEGOCV20_AGIL_III KEGOCV20_AGIL_IV KEGOCV17_Korosi_I KEGOCV17_Paka_I KEGOCV16_Olkaria_II_Rehab KEGOCV17_Paka_II KEGOCV17_Silali_II KEGOCV17_Paka_III KEGOCV17_Silali_III KEGOCV18_Menengai_IV KEGOCV01_Orpower_4P4 KEGOCV01_Orpower_4P3 KEGOCV01_Orpower_4P2 KEGOCV01_Orpower_4PI KEGOCV01_Olkaria_2 KEGOCV10_OLK_V KEGOCV10_OLK_IAU KEGOCV10_OLK_IV KEGOCV17_Baringo_Silali_I KEGOCV18_Menengai_III KEGOCV18_Menengai_1_Stage2 KEGOCV12_Suswa KEGOCV12_Eburru KEGOCV16_Menengai_1_Orpower22 KEGOCV18_Wellheadleasing KEGOCV13_Marine_Power_Akiira KEGOCV16_Olkaria8 KEGOCV16_Olkaria9 KEGOCV17_Baringo_Silali KEGOCV16_Olkaria_1V_Uprating KEGOCV16_Olkaria_1_Uprating KEGOCV18_Menengai_1_Quantum KEGOCV16_Olkaria_1_Unit6 KEGOCV18_Menengai_1_Sosian KEGOCV20 KEGOCV16 KEGOCV15 KEGOCV14 KEGOCV13 KEGOCV12 KEGOCV11 KEGOCV10 KEGOCV03 KEGOCV02 KEBM00X00 KEBW00X00 KEHY00X00 KESO00X00 KEWD00X00 KEBMST00 KEBMST10_BiogasH KEBMST10_WestKenya KEBMST10_VRHoldings KEBMST10_Cummins_Cogen KEBMST10_Viability KEBMST10_Tana_Biogas KEBMST10_MunicipalWtE_Biogas KEBMST10_Roadtech KEBMST10_ThikaWayBiogas KEBMST10_Kwale KEBMST10_REA_Vipingo KEBWST00 KEBMST10 KEBMST01 KEHYDM00 KEHYDM_High_Grand KEHYDM_Karura KEHYDM_TURKWEL KEHYDM_KIAMBERE KEHYDM_Kindaruma KEHYDM_Gitaru KEHYDM_KAMBURU KEHYDM_MASINGA KEHYRO_Lower_Grand KEHYDM_Kamburu_Masinga KEHYDM_Turkwell KEHYDM_Kiambere KEHYRO00 KEHYRO_Small_2033 KEHYRO_Small_2032 KEHYRO_Small_2031 KEHYRO_Small_KTDA_2031 KEHYRO_Small_2030 KEHYRO_Small_KTDA_2030 KEHYRO_Small_2029 KEHYRO_Small_2028 KEHYRO_Small_2027 KEHYRO_Small_2026 KEHYRO_Small_2025 KEHYRO_Small_KTDA_2024 KEHYRO_Small_Chevron KEHYRO_Small_KDTA2 KEHYRO_Small_Rareh KEHYRO_Small_Kirogori KEHYRO_Small_GemGen KEHYRO_Small_Kaptis KEHYRO_Small_Nithi KEHYRO_Small_Tindinyo KEHYRO_Small_Gatiki KEHYRO_Small_KTDA_Gogo KEHYRO_Small_MtKenya_CBO KEHYRO_Small_KTDA KEHYRO_Small_KTDA_Kleen KEHYRO_Tana KEHYRO_Sangoro KEHYRO_Sondu_Miriu KEHYMI00 KEHYRO_Existing_Small KESOPU00 KESOPB00 KESOPR00 KESOPS00 KEELBS00 KERIDM_Kamburu_Masinga KERIDM_Turkwell KERIDM_Kiambere KEELST04 KEELPT04 KEELDT04_01 KEELDT04_02 KEELDT04_03 KEEXDT00 KERIDM_MASINGA KERIDM_KAMBURU KERIDM_Gitaru KERIDM_Kindaruma KERIDM_Karura KERIDM_High_Grand KEELDT04_04

2022   1989.94   200.00   100.00     0.00     0.00     0.00     0.00     0.00     0.00     0.00     0.00     0.00     0.00     0.00     0.00     0.00     0.00     0.00     0.00     0.00     0.00     0.00     0.00     0.00     0.00     0.00     0.00     0.00     0.00     0.00     0.00     0.00     0.00     0.00     0.00     0.00     0.00     0.00     0.00     0.00     0.00     0.00     0.00     0.00     0.00     0.00     0.00     0.00     0.00     0.00     0.00     0.00     0.00     0.00     0.00     0.00     0.00     0.00     0.00     0.00     0.00     0.00     0.00     0.00     0.00     0.00     0.00     0.00     0.00     0.00     0.00     0.00     0.00     0.00     0.00     0.00     0.00     0.00     0.00     0.00     0.00     0.00     0.00     0.00     0.00     0.00     0.00     0.00     0.00     0.00     0.00     0.00     0.00     0.00     0.00     0.00     0.00     0.00     0.00     0.00     0.00     0.00     0.00     0.00     0.00     0.00     0.00     0.00     0.00    40.00     0.00     0.00     0.00     0.00     0.00     0.00     0.00     0.00     0.00     0.00     0.00     0.00     0.00     0.00     0.00     0.00     0.00     0.00     0.00     0.00     0.00     0.00     0.00     0.00     0.00     0.00     0.00     0.00     0.00     0.00     0.00     0.00     0.00     0.00     0.00     0.00     0.00     0.00     0.00     0.00     0.00     0.00     0.00     0.00     0.00     0.00     0.00     0.00     0.00     0.00     0.00     0.00     0.00     0.00    83.00     0.00     0.00     0.00     0.00     0.00     0.00     0.00     0.00     0.00     0.00     0.00     0.00     0.00     0.00     0.00     0.00     0.00     0.00     0.00     0.00     0.00     0.00     0.00     0.00     0.00     0.00     0.00     0.00     0.00     0.00     0.00     0.00     0.00     0.00     0.00     0.00     0.00     0.00     0.00     0.00     0.00     0.00     0.00     0.00     0.00     0.00     0.00     0.00     0.00     0.00     0.00     0.00     0.00     0.00     0.00     0.00     0.00     0.00     0.00     0.00     0.00     0.00     0.00     0.00     0.00     0.00     0.00     0.00     0.00     0.00     0.00     0.00     0.00     0.00     0.00     0.00     0.00     0.00     0.00     0.00   175.84   214.50   239.19     0.00     0.00     0.00     0.00     0.00     0.00    61.25   118.84   214.32    50.17    70.56   869.28     0.00
2023   2143.18   200.00   100.00     0.00     0.00     0.00     0.00     0.00     0.00     0.00     0.00     0.00     0.00     0.00     0.00     0.00     0.00     0.00     0.00     0.00     0.00     0.00     0.00     0.00     0.00     0.00     0.00     0.00     0.00     0.00     0.00     0.00     0.00     0.00     0.00     0.00     0.00     0.00     0.00     0.00     0.00     0.00     0.00     0.00     0.00     0.00     0.00     0.00     0.00     0.00     0.00     0.00     0.00     0.00     0.00     0.00     0.00     0.00     0.00     0.00     0.00     0.00     0.00     0.00     0.00     0.00     0.00     0.00     0.00     0.00     0.00     0.00     0.00     0.00     0.00     0.00     0.00     0.00     0.00     0.00     0.00     0.00     0.00     0.00     0.00     0.00     0.00     0.00     0.00     0.00     0.00     0.00     0.00     0.00     0.00     0.00     0.00     0.00     0.00     0.00     0.00     0.00     0.00    40.00     0.00     0.00     0.00     0.00     0.00    40.00     0.00     0.00     0.00     0.00     0.00     0.00     0.00     0.00     0.00     0.00     0.00     0.00     0.00     0.00     0.00     0.00     0.00     0.00     0.00     0.00     0.00     0.00     0.00     0.00     0.00     0.00     0.00     0.00     0.00     0.00     0.00     0.00     0.00     0.00     0.00     0.00     0.00     0.00     0.00     0.00     0.00     0.00     0.00     0.00     0.00     0.00     0.00     0.00     0.00     0.00     0.00     0.00     0.00     0.00    83.00    35.00     0.00     0.00     0.00     0.00     0.00     0.00     0.00     0.00     0.00     0.00     0.00     0.00     0.00     0.00     0.00     0.00     0.00     0.00     0.00     0.00     0.00     0.00     0.00     0.00     0.00     0.00     0.00     0.00     0.00     0.00     0.00     0.00     0.00     0.00     0.00     0.00     0.00     0.00     0.00     0.00     0.00     0.00     0.00     0.00     0.00     0.00     0.00     0.00     0.00     0.00     0.00     0.00     0.00     0.00     0.00     0.00     0.00     0.00     0.00     0.00     0.00     0.00     0.00     0.00     0.00     0.00     0.00     0.00     0.00     0.00     0.00     0.00     0.00     0.00     0.00     0.00     0.00     0.00     0.00   175.84   214.50   239.19     0.00     0.00     0.00     0.00     0.00     0.00    61.25   118.84   214.32    50.17    70.56   869.28     0.00
2024   2222.63   200.00   100.00     0.00     0.00     0.00     0.00     0.00     0.00     0.00     0.00     0.00     0.00     0.00     0.00     0.00     0.00     0.00     0.00     0.00     0.00     0.00     0.00     0.00     0.00     0.00     0.00     0.00     0.00     0.00     0.00     0.00     0.00     0.00     0.00     0.00     0.00     0.00     0.00     0.00     0.00     0.00     0.00     0.00     0.00     0.00     0.00     0.00     0.00     0.00     0.00     0.00     0.00     0.00     0.00     0.00     0.00     0.00     0.00     0.00     0.00     0.00     0.00     0.00     0.00     0.00     0.00     0.00     0.00     0.00     0.00     0.00     0.00     0.00     0.00     0.00     0.00     0.00     0.00     0.00     0.00     0.00     0.00     0.00     0.00     0.00     0.00     0.00     0.00     0.00     0.00     0.00     0.00     0.00     0.00     0.00     0.00     0.00     0.00     0.00     0.00     0.00     0.00    40.00     0.00     1.00     0.00     0.00     0.00    40.00     0.00     0.00     0.00     0.00     0.00     0.00     0.00     0.00     0.00     0.00     0.00     0.00     0.00     0.00     0.00     0.00     0.00     0.00     0.00     0.00     0.00     0.00     0.00     0.00     0.00     0.00     0.00     0.00     0.00     0.00     0.00     0.00     0.00     0.00     0.00     0.00     0.00     0.00     0.00     0.00     0.00     0.00     0.00     0.00     0.00     0.00     0.00     0.00     0.00     0.00     0.00     0.00     0.00     0.00    83.00    35.00     0.00     0.00     0.00     0.00     0.00     0.00     0.00     0.00     0.00     0.00     0.00     0.00     0.00     0.00     0.00     0.00     0.00     0.00     0.00     0.00     0.00     0.00     0.00     0.00     0.00     0.00     1.00     0.00     0.00     0.00     0.00     0.00     0.00     0.00     0.00     0.00     0.00     0.00     0.00     0.00     0.00     0.00     0.00     0.00     0.00     0.00     0.00     0.00     0.00     0.00     0.00     0.00     0.00     0.00     0.00     3.00     0.00     0.00     0.00     0.00     0.00     0.00     0.00     0.00     0.00     0.00     0.00     0.00     0.00     0.00     0.00     0.00     0.00     0.00     0.00     0.00     0.00     0.00     0.00   175.84   214.50   239.19     0.00     0.00     0.00     0.00     0.00     0.00    61.25   118.84   214.32    50.17    70.56   869.28     0.00
2025   2328.59   200.00   100.00     0.00     0.00     0.00     0.00     0.00     0.00     0.00     0.00     0.00     0.00     0.00     0.00     0.00     0.00     0.00     0.00     0.00     0.00     0.00     0.00     0.00     0.00     0.00     0.00     0.00     0.00     0.00     0.00     0.00     0.00     0.00     0.00     0.00     0.00     0.00     0.00     0.00     0.00     0.00     0.00     0.00     0.00     0.00     0.00     0.00     0.00     0.00     0.00     0.00     0.00     0.00     0.00     0.00     0.00     0.00     0.00     0.00     0.00     0.00     0.00     0.00     0.00     0.00     0.00     0.00     0.00     0.00     0.00     0.00     0.00     0.00     0.00     0.00     0.00     0.00     0.00     0.00     0.00     0.00     0.00     0.00     0.00     0.00     0.00     0.00     0.00     0.00     0.00     0.00     0.00     0.00     0.00     0.00     0.00     0.00    40.00     0.00     0.00     0.00     0.00    40.00     0.00     1.00     0.00     0.00     0.00    40.00     0.00     0.00     0.00     0.00     0.00     0.00     0.00     0.00     0.00     0.00     0.00     0.00     0.00     0.00     0.00     0.00     0.00     0.00     0.00     0.00     0.00     0.00     0.00     0.00     0.00     0.00     0.00     0.00     0.00     0.00     0.00     0.00     0.00     0.00     0.00     0.00     0.00     0.00     0.00     0.00     0.00     0.00     0.00     0.00     0.00     0.00     0.00     0.00     0.00     0.00     0.00    20.00     0.00    35.00    83.00    35.00     0.00     0.00     0.00     0.00     0.00     0.00     0.00     0.00     0.00     0.00     0.00     0.00     0.00     0.00     0.00     0.00     0.00     0.00     0.00     0.00     0.00     0.00     0.00     0.00     0.00     0.00     1.00     0.00     0.00     0.00     0.00     0.00     0.00     0.00     0.00     0.00     0.00     0.00     0.00     0.00     0.00     0.00     0.00     0.00     0.00     0.00     0.00     0.00     0.00     0.00     0.00     0.00     0.00     0.00     9.00     3.00     0.00     0.00     0.00     0.00     0.00     0.00     0.00     0.00     0.00     0.00     0.00     0.00     0.00     0.00     0.00     0.00     0.00     0.00     0.00     0.00     0.00     0.00     0.00   175.84   214.50   239.19     0.00     0.00     0.00     0.00     0.00     0.00    61.25   118.84   214.32    50.17    70.56   869.28     0.00
2026   2575.42   200.00   100.00     0.00     0.00     0.00     0.00     0.00     0.00     0.00     0.00     0.00     0.00     0.00     0.00     0.00     0.00     0.00     0.00     0.00     0.00     0.00     0.00     0.00     0.00     0.00     0.00     0.00     0.00     0.00     0.00     0.00     0.00     0.00     0.00     0.00     0.00     0.00     0.00     0.00     0.00     0.00     0.00     0.00     0.00     0.00     0.00     0.00     0.00     0.00     0.00     0.00     0.00     0.00     0.00     0.00     0.00     0.00     0.00     0.00     0.00     0.00     0.00    50.00     0.00     0.00     0.00     0.00     0.00     0.00    50.00    50.00     0.00     0.00     0.00     0.00     0.00     0.00     0.00     0.00     0.00     0.00     0.00     0.00     0.00     0.00     0.00     0.00     0.00     0.00     0.00     0.00     0.00     0.00     0.00     0.00     0.00     0.00    40.00    40.00     0.00     0.00     0.00    40.00     0.00     1.00     0.00     0.00     0.00    40.00     0.00     0.00     0.00     0.00     0.00     0.00     0.00     0.00     0.00     0.00     0.00     0.00     0.00     0.00     0.00     0.00     0.00     0.00     0.00     0.00     0.00     0.00     0.00     0.00     0.00     0.00     0.00     0.00     0.00     0.00     0.00     0.00     0.00     0.00     0.00     0.00     0.00     0.00     0.00     0.00     0.00     0.00     0.00     0.00     0.00    35.00    58.00     0.00     0.00     0.00     0.00    20.00    20.00    35.00    83.00    35.00     0.00     0.00     0.00     0.00     0.00     0.00     0.00     0.00     0.00     0.00     0.00     0.00     0.00     0.00     0.00     0.00     0.00     0.00     0.00     0.00     0.00     0.00     0.00     0.00     0.00     0.00     1.00     0.00     0.00     0.00     0.00     0.00     0.00     0.00     0.00     0.00     0.00     0.00     0.00     0.00     0.00     0.00     0.00     0.00     0.00     0.00     0.00     0.00     0.00     0.00     0.00     0.00     0.00    15.00     9.00     3.00     0.00     0.00     0.00     0.00     0.00     0.00     0.00     0.00     0.00     0.00     0.00     0.00     0.00     0.00     0.00     0.00     0.00     0.00     0.00     0.00     0.00     0.00     0.00   175.84   214.50   239.19     0.00     0.00     0.00     0.00     0.00     0.00    61.25   118.84   214.32    50.17    70.56   869.28     0.00
2027   2720.53   200.00   100.00     0.00     0.00     0.00     0.00     0.00     0.00     0.00     0.00     0.00     0.00     0.00     0.00     0.00     0.00     0.00     0.00     0.00     0.00     0.00     0.00     0.00     0.00     0.00     0.00     0.00     0.00     0.00     0.00     0.00     0.00     0.00     0.00     0.00     0.00     0.00     0.00     0.00     0.00     0.00     0.00     0.00     0.00     0.00     0.00     0.00     0.00     0.00     0.00     0.00     0.00     0.00     0.00     0.00     0.00     0.00     0.00     0.00     0.00     0.00     0.00    50.00     0.00     0.00     0.00     0.00     0.00     0.00    50.00    50.00     0.00     0.00     0.00     0.00     0.00     0.00     0.00     0.00     0.00     0.00     0.00     0.00     0.00     0.00     0.00     0.00     0.00     0.00     0.00     0.00     0.00     0.00     0.00     0.00     0.00    40.00    40.00    40.00    42.00     0.00     0.00    40.00    40.00     1.00    40.00     0.00    10.00    40.00     0.00     0.00     0.00     0.00     0.00     0.00     0.00     0.00     0.00     0.00     0.00     0.00   140.00    80.00     0.00     0.00     0.00     0.00     0.00     0.00     0.00     0.00     0.00     0.00     0.00   100.00     0.00     0.00     0.00     0.00     0.00     0.00     0.00     0.00     0.00     0.00     0.00     0.00     0.00     0.00     0.00     0.00     0.00     0.00     0.00    35.00    58.00     0.00     0.00     0.00     0.00    20.00    20.00    35.00    83.00    35.00     0.00     0.00     0.00     0.00     0.00     0.00     0.00     0.00     0.00     0.00     0.00     0.00     0.00     0.00     0.00     0.00     0.00     0.00     0.00     0.00     0.00    20.00     0.00     0.00     0.00    10.00     1.00     0.00     0.00     0.00     0.00     0.00     0.00     0.00     0.00     0.00     0.00     0.00     0.00     0.00     0.00     0.00     0.00     0.00     0.00     0.00     0.00     0.00     0.00     0.00     0.00     0.00    30.00    15.00     9.00     3.00     0.00     0.00     0.00     0.00     0.00     0.00     0.00     0.00     0.00     0.00     0.00     0.00     0.00     0.00     0.00     0.00     0.00     0.00     0.00     0.00     0.00     0.00     0.00   175.84   214.50   239.19     0.00     0.00     0.00     0.00     0.00     0.00    61.25   118.84   214.32    50.17    70.56   869.28     0.00
2028   2878.93   200.00   100.00     0.00     0.00     0.00     0.00     0.00     0.00     0.00     0.00     0.00     0.00     0.00     0.00     0.00     0.00     0.00     0.00     0.00     0.00     0.00     0.00     0.00     0.00     0.00     0.00     0.00     0.00     0.00     0.00     0.00     0.00     0.00     0.00     0.00     0.00     0.00     0.00     0.00     0.00     0.00     0.00     0.00     0.00     0.00     0.00     0.00     0.00     0.00     0.00     0.00     0.00     0.00     0.00     0.00     0.00     0.00     0.00     0.00     0.00     0.00    30.00    50.00     0.00     0.00     0.00     0.00    50.00   100.00    50.00    50.00    11.00     0.00     0.00     0.00     0.00     0.00     0.00     0.00    43.73     0.00     0.00     0.00     0.00     0.00     0.00     0.00     0.00     0.00     0.00     0.00     0.00     0.00     0.00     0.00     0.00    40.00    40.00    40.00    42.00     0.00     0.00    40.00    40.00     1.00    40.00     0.00    10.00    40.00     0.00     0.00     0.00     0.00     0.00     0.00     0.00     0.00     0.00     0.00     0.00     0.00   140.00    80.00     0.00     0.00     0.00     0.00     0.00     0.00     0.00     0.00     0.00     0.00     0.00   100.00     0.00     0.00     0.00     0.00     0.00     0.00     0.00     0.00     0.00     0.00     0.00     0.00     0.00     0.00     0.00     0.00     0.00     0.00     0.00    35.00    58.00     0.00     0.00     0.00     0.00    20.00    20.00    35.00    83.00    35.00     0.00     0.00     0.00     0.00     0.00     0.00     0.00     0.00     0.00     0.00     0.00     0.00     0.00     0.00     0.00     0.00     0.00     0.00     0.00     0.00     0.00    20.00     0.00     0.00     8.00    10.00     1.00     0.00     0.00     0.00     0.00     0.00     0.00     0.00     0.00     0.00     0.00     0.00     0.00     0.00     0.00     0.00     0.00     0.00     0.00     0.00     0.00     0.00     0.00     0.00     0.00    28.00    30.00    15.00     9.00     3.00     0.00     0.00     0.00     0.00     0.00     0.00     0.00     0.00     0.00     0.00     0.00     0.00     0.00     0.00     0.00     0.00     0.00     0.00     0.00     0.00     0.00     0.00     0.00   175.84   214.50   239.19     0.00     0.00     0.00     0.00     0.00     0.00    61.25   118.84   214.32    50.17    70.56   869.28     0.00
2029   3104.79   200.00   100.00     0.00     0.00     0.00     0.00     0.00     0.00     0.00     0.00     0.00     0.00     0.00     0.00     0.00     0.00     0.00     0.00     0.00     0.00     0.00     0.00     0.00     0.00     0.00     0.00     0.00     0.00     0.00     0.00     0.00     0.00     0.00     0.00     0.00     0.00     0.00     0.00     0.00     0.00     0.00     0.00     0.00     0.00     0.00     0.00     0.00     0.00     0.00     0.00     0.00     0.00     0.00     0.00     0.00     0.00     0.00     0.00     0.00     0.00     0.00    30.00    50.00     0.00     0.00     0.00     0.00    50.00   100.00    50.00    50.00    11.00     0.00     0.00     0.00     0.00     0.00     0.00     0.00   114.52     0.00     0.00     0.00     0.00     0.00     0.00     0.00     0.00     0.00     0.00     0.00     0.00     0.00     0.00     0.00     0.00    40.00    40.00    40.00    42.00     0.00     0.00    40.00    40.00     1.00    40.00     0.00    10.00    40.00     0.00     0.00     0.00     0.00     0.00     0.00     0.00     0.00     0.00     0.00     0.00     0.00   140.00    80.00     0.00     0.00     0.00     0.00     0.00     0.00     0.00     0.00     0.00     0.00     0.00   100.00     0.00     0.00     0.00     0.00     0.00     0.00     0.00     0.00     0.00     0.00     0.00     0.00     0.00     0.00   100.00     0.00     0.00     0.00     0.00    35.00    58.00     0.00     0.00     0.00     0.00    20.00    20.00    35.00    83.00    35.00     0.00     0.00     0.00     0.00     0.00     0.00     0.00     0.00     0.00     0.00     0.00     0.00     0.00     0.00     0.00     0.00     0.00     0.00     0.00     0.00     0.00    20.00     0.00     0.00     8.00    10.00     1.00     0.00     0.00     0.00     0.00     0.00     0.00     0.00     0.00     0.00     0.00     0.00     0.00     0.00     0.00     0.00     0.00     0.00     0.00     0.00     0.00     0.00     0.00     0.00    10.62    28.00    30.00    15.00     9.00     3.00     0.00     0.00     0.00     0.00     0.00     0.00     0.00     0.00     0.00     0.00     0.00     0.00     0.00     0.00     0.00     0.00     0.00     0.00     0.00     0.00     0.00     0.00     0.00   175.84   214.50   239.19     0.00     0.00     0.00     0.00     0.00     0.00    61.25   118.84   214.32    50.17    70.56   869.28     0.00
2030   3373.45   200.00   100.00     0.00     0.00     0.00     0.00     0.00     0.00     0.00     0.00     0.00     0.00     0.00     0.00     0.00     0.00     0.00     0.00     0.00     0.00     0.00     0.00     0.00     0.00     0.00     0.00     0.00   293.11     0.00     0.00     0.00     0.00     0.00     0.00     0.00     0.00     0.00     0.00     0.00     0.00     0.00     0.00     0.00     0.00     0.00     0.00     0.00     0.00     0.00     0.00     0.00     0.00     0.00     0.00     0.00     0.00     0.00     0.00     0.00     0.00     0.00    30.00    50.00     0.00     0.00     0.00     0.00    50.00   100.00    50.00    50.00    11.00     0.00     0.00     0.00     0.00     0.00     0.00     0.00   188.99     0.00     0.00     0.00     0.00     0.00     0.00     0.00     0.00     0.00     0.00     0.00     0.00     0.00     0.00     0.00     0.00    40.00    40.00    40.00    42.00     0.00     0.00    40.00    40.00     1.00    40.00     0.00    10.00    40.00     0.00     0.00     0.00     0.00     0.00     0.00     0.00     0.00     0.00     0.00     0.00     0.00   140.00    80.00     0.00     0.00     0.00     0.00     0.00     0.00     0.00     0.00     0.00     0.00     0.00   100.00     0.00     0.00     0.00     0.00     0.00     0.00     0.00     0.00     0.00     0.00     0.00     0.00     0.00     0.00   100.00     0.00     0.00     0.00     0.00    35.00    58.00     0.00     0.00     0.00     0.00    20.00    20.00    35.00    83.00    35.00     0.00     0.00     0.00     0.00     0.00     0.00     0.00     0.00     0.00     0.00     0.00     0.00     0.00     0.00     0.00     0.00     0.00     0.00     0.00     0.00     0.00    20.00     0.00    10.00     8.00    10.00     1.00     0.00     0.00     0.00     0.00     0.00     0.00     0.00     0.00     0.00     0.00     0.00     0.00     0.00     0.00     0.00     0.00     0.00     0.00     0.00     0.00     0.00     0.00     0.00    10.62    28.00    30.00    15.00     9.00     3.00     0.00     0.00     0.00     0.00     0.00     0.00     0.00     0.00     0.00     0.00     0.00     0.00     0.00     0.00     0.00     0.00     0.00     0.00     0.00     0.00     0.00     0.00     0.00   175.84   214.50   239.19     0.00     0.00     0.00     0.00     0.00     0.00    61.25   118.84   214.32    50.17    70.56   869.28     0.00
2031   3689.91   200.00   100.00     0.00     0.00     0.00     0.00     0.00     0.00     0.00     0.00     0.00     0.00     0.00     0.00     0.00     0.00     0.00     0.00     0.00     0.00     0.00     0.00     0.00     0.00     0.00     0.00     0.00   700.78     0.00     0.00     0.00     0.00     0.00     0.00     0.00     0.00     0.00     0.00     0.00     0.00     0.00     0.00     0.00     0.00     0.00     0.00     0.00     0.00     0.00     0.00     0.00     0.00     0.00     0.00     0.00     0.00     0.00     0.00     0.00     0.00     0.00    30.00    50.00     0.00     0.00     0.00     0.00    50.00   100.00    50.00    50.00    11.00     0.00     0.00     0.00     0.00     0.00     0.00     0.00   276.70     0.00     0.00     0.00     0.00     0.00     0.00     0.00     0.00     0.00     0.00     0.00     0.00     0.00     0.00     0.00     0.00    40.00    40.00    40.00    42.00     0.00     0.00    40.00    40.00     1.00    40.00     0.00    10.00    40.00     0.00     0.00     0.00     0.00     0.00     0.00     0.00     0.00     0.00     0.00     0.00     0.00   140.00    80.00     0.00     0.00     0.00     0.00     0.00     0.00     0.00     0.00     0.00     0.00     0.00   100.00     0.00     0.00     0.00     0.00     0.00     0.00     0.00     0.00     0.00     0.00     0.00     0.00     0.00     0.00   100.00     0.00     0.00     0.00     0.00    35.00    58.00     0.00     0.00     0.00     0.00    20.00    20.00    35.00    83.00    35.00     0.00     0.00     0.00     0.00     0.00     0.00     0.00     0.00     0.00     0.00     0.00     0.00     0.00     0.00     0.00     0.00     0.00     0.00     0.00     0.00     0.00    20.00     0.00    10.00     8.00    10.00     1.00     0.00     0.00     0.00     0.00     0.00     0.00     0.00     0.00     0.00     0.00     0.00     0.00     0.00     0.00     0.00     0.00     0.00     0.00     0.00     0.00     0.00     0.00     0.00    10.62    28.00    30.00    15.00     9.00     3.00     0.00     0.00     0.00     0.00     0.00     0.00     0.00     0.00     0.00     0.00     0.00     0.00     0.00     0.00     0.00     0.00     0.00     0.00     0.00     0.00     0.00     0.00     0.00   175.84   214.50   239.19     0.00     0.00     0.00     0.00     0.00     0.00    61.25   118.84   214.32    50.17    70.56   869.28     0.00
2032   4005.08   200.00   100.00     0.00     0.00     0.00     0.00     0.00     0.00     0.00     0.00     0.00     0.00     0.00     0.00     0.00     0.00     0.00     0.00     0.00     0.00     0.00     0.00     0.00     0.00     0.00     0.00     0.00   941.63     0.00     0.00     0.00     0.00     0.00     0.00     0.00     0.00     0.00     0.00     0.00     0.00     0.00     0.00     0.00     0.00     0.00     0.00     0.00     0.00     0.00     0.00     0.00     0.00     0.00     0.00     0.00     0.00     0.00     0.00     0.00     0.00     0.00    30.00    50.00     0.00     0.00     0.00     0.00    50.00   100.00    50.00    50.00    11.00     0.00     0.00     0.00     0.00     0.00     0.00     0.00   364.05     0.00     0.00     0.00     0.00     0.00     0.00     0.00     0.00     0.00     0.00     0.00     0.00     0.00     0.00     0.00     0.00    40.00    40.00    40.00    42.00     0.00     0.00    40.00    40.00     1.00    40.00     0.00    10.00    40.00     0.00     0.00     0.00     0.00     0.00     0.00     0.00     0.00     0.00     0.00     0.00     0.00   140.00    80.00     0.00     0.00     0.00     0.00     0.00     0.00     0.00     0.00     0.00     0.00     0.00   100.00     0.00     0.00     0.00     0.00     0.00     0.00     0.00     0.00     0.00     0.00     0.00     0.00     0.00     0.00   100.00     0.00     0.00     0.00     0.00    35.00    58.00     0.00     0.00     0.00     0.00    20.00    20.00    35.00    83.00    35.00     0.00     0.00     0.00     0.00     0.00     0.00     0.00     0.00     0.00     0.00     0.00     0.00     0.00     0.00     0.00     0.00     0.00     0.00     0.00     8.40     2.40    20.00     0.00    10.00     8.00    10.00     1.00     0.00     0.00     0.00     0.00     0.00     0.00     0.00     0.00     0.00     0.00     0.00     0.00     0.00     0.00     0.00     0.00     0.00     0.00     0.00     0.00     0.00     0.00     0.00    10.62    28.00    30.00    15.00     9.00     3.00     0.00     0.00     0.00     0.00     0.00     0.00     0.00     0.00     0.00     0.00     0.00     0.00     0.00     0.00     0.00     0.00     0.00     0.00     0.00     0.00     0.00     0.00     0.00   175.84   214.50   239.19     0.00     0.00     0.00     0.00     0.00     0.00    61.25   118.84   214.32    50.17    70.56   869.28     0.00
2033   4288.90   200.00   100.00     0.00     0.00     0.00     0.00     0.00     0.00     0.00     0.00     0.00     0.00     0.00     0.00     0.00     0.00     0.00     0.00     0.00     0.00     0.00     0.00     0.00     0.00     0.00     0.00     0.00  1165.24     0.00     0.00     0.00     0.00     0.00     0.00     0.00     0.00     0.00     0.00     0.00     0.00     0.00     0.00     0.00     0.00     0.00     0.00     0.00     0.00     0.00     0.00     0.00     0.00     0.00     0.00     0.00     0.00     0.00     0.00     0.00     0.00     0.00    30.00    50.00     0.00     0.00     0.00     0.00    50.00   100.00    50.00    50.00    11.00     0.00     0.00     0.00     0.00     0.00     0.00     0.00   442.71     0.00     0.00     0.00     0.00     0.00     0.00     0.00     0.00     0.00     0.00     0.00     0.00     0.00     0.00     0.00     0.00    40.00    40.00    40.00    42.00     0.00     0.00    40.00    40.00     1.00    40.00     0.00    10.00    40.00     0.00     0.00     0.00     0.00     0.00     0.00     0.00     0.00     0.00     0.00     0.00     0.00   140.00    80.00     0.00     0.00     0.00     0.00     0.00     0.00     0.00     0.00     0.00     0.00     0.00   100.00     0.00     0.00     0.00     0.00     0.00     0.00     0.00     0.00     0.00     0.00     0.00     0.00     0.00     0.00   100.00     0.00     0.00     0.00     0.00    35.00    58.00     0.00     0.00     0.00     0.00    20.00    20.00    35.00    83.00    35.00     0.00     0.00     0.00     0.00     0.00     0.00     0.00     0.00     0.00     0.00     0.00     0.00     0.00     0.00     0.00     0.00     0.00     0.00     3.00     8.40     2.40    20.00     0.00    10.00     8.00    10.00     1.00     0.00     0.00     0.00     0.00     0.00     0.00     0.00     0.00     0.00     0.00     0.00     0.00     0.00     0.00     0.00     0.00     0.00     0.00     0.00     0.00     0.00     0.00     0.00    10.62    28.00    30.00    15.00     9.00     3.00     0.00     0.00     0.00     0.00     0.00     0.00     0.00     0.00     0.00     0.00     0.00     0.00     0.00     0.00     0.00     0.00     0.00     0.00     0.00     0.00     0.00     0.00     0.00   175.84   214.50   239.19     0.00     0.00     0.00     0.00     0.00     0.00    61.25   118.84   214.32    50.17    70.56   869.28     0.00
2034   4590.65   200.00   100.00     0.00     0.00     0.00     0.00     0.00     0.00     0.00     0.00     0.00     0.00     0.00     0.00     0.00     0.00     0.00     0.00     0.00     0.00     0.00     0.00     0.00     0.00     0.00     0.00     0.00  1567.17     0.00     0.00     0.00     0.00     0.00     0.00     0.00     0.00     0.00     0.00     0.00     0.00     0.00     0.00     0.00     0.00     0.00     0.00     0.00     0.00     0.00     0.00     0.00     0.00     0.00     0.00     0.00     0.00     0.00     0.00     0.00     0.00     0.00    30.00    50.00     0.00     0.00     0.00     0.00    50.00   100.00    50.00    50.00    11.00     0.00     0.00     0.00     0.00     0.00     0.00     0.00   526.35     0.00     0.00     0.00     0.00     0.00     0.00     0.00     0.00     0.00     0.00     0.00     0.00     0.00     0.00     0.00     0.00    40.00    40.00    40.00    42.00     0.00     0.00    40.00    40.00     1.00    40.00     0.00    10.00    40.00     0.00     0.00     0.00     0.00     0.00     0.00     0.00     0.00     0.00     0.00     0.00     0.00   140.00    80.00     0.00     0.00     0.00     0.00     0.00     0.00     0.00     0.00     0.00     0.00     0.00   100.00     0.00     0.00     0.00     0.00     0.00     0.00     0.00     0.00     0.00     0.00     0.00     0.00     0.00     0.00   100.00     0.00     0.00     0.00     0.00    35.00    58.00     0.00     0.00     0.00     0.00    20.00    20.00    35.00    83.00    35.00     0.00     0.00     0.00     0.00     0.00     0.00     0.00     0.00     0.00     0.00     0.00     0.00     0.00     0.00     0.00     0.00     0.30     6.00     3.00     8.40     2.40    20.00     0.00    10.00     8.00    10.00     1.00     0.00     0.00     0.00     0.00     0.00     0.00     0.00     0.00     0.00     0.00     0.00     0.00     0.00     0.00     0.00     0.00     0.00     0.00     0.00     0.00     0.00     0.00     0.00    10.62    28.00    30.00    15.00     9.00     3.00     0.00     0.00     0.00     0.00     0.00     0.00     0.00     0.00     0.00     0.00     0.00     0.00     0.00     0.00     0.00     0.00     0.00     0.00     0.00     0.00     0.00     0.00     0.00   175.84   214.50   239.19     0.00     0.00     0.00     0.00     0.00     0.00    61.25   118.84   214.32    50.17    70.56   869.28     0.00
2035   4906.95   200.00   100.00     0.00     0.00     0.00     0.00     0.00     0.00     0.00     0.00     0.00     0.00     0.00     0.00     0.00     0.00     0.00     0.00     0.00     0.00     0.00     0.00     0.00     0.00     0.00     0.00     0.00  1902.72     0.00     0.00     0.00     0.00     0.00     0.00     0.00     0.00     0.00     0.00     0.00     0.00     0.00     0.00     0.00     0.00     0.00     0.00     0.00     0.00     0.00     0.00     0.00     0.00     0.00     0.00     0.00     0.00     0.00   103.59     0.00     0.00     0.00    30.00    50.00     0.00     0.00     0.00     0.00    50.00   100.00    50.00    50.00    11.00     0.00     0.00     0.00     0.00     0.00     0.00     0.00   526.35     0.00     0.00     0.00     0.00     0.00     0.00     0.00     0.00     0.00     0.00     0.00     0.00     0.00     0.00     0.00     0.00    40.00    40.00    40.00    42.00     0.00     0.00    40.00    40.00     1.00    40.00     0.00    10.00    40.00     0.00     0.00     0.00     0.00     0.00     0.00     0.00     0.00     0.00     0.00     0.00     0.00   140.00    80.00     0.00     0.00     0.00     0.00     0.00     0.00     0.00     0.00     0.00     0.00     0.00   100.00     0.00     0.00     0.00     0.00     0.00     0.00     0.00     0.00     0.00     0.00     0.00     0.00     0.00     0.00   100.00     0.00     0.00     0.00     0.00    35.00    58.00     0.00     0.00     0.00     0.00    20.00    20.00    35.00    83.00    35.00     0.00     0.00     0.00     0.00     0.00     0.00     0.00     0.00     0.00     0.00     0.00     0.00     0.00     0.00     0.00     0.00     0.30     6.00     3.00     8.40     2.40    20.00     0.00    10.00     8.00    10.00     1.00     0.00     0.00     0.00     0.00     0.00     0.00     0.00     0.00     0.00     0.00     0.00     0.00     0.00     0.00     0.00     0.00     0.00     0.00     0.00     0.00     0.00     0.00     0.00    10.62    28.00    30.00    15.00     9.00     3.00     0.00     0.00     0.00     0.00     0.00     0.00     0.00     0.00     0.00     0.00     0.00     0.00     0.00     0.00     0.00     0.00     0.00     0.00     0.00     0.00     0.00     0.00     0.00   175.84   214.50   239.19     0.00     0.00     0.00     0.00     0.00     0.00    61.25   118.84   214.32    50.17    70.56   869.28     0.00
2036   5215.60   200.00   100.00     0.00     0.00     0.00     0.00     0.00     0.00     0.00     0.00     0.00     0.00     0.00     0.00     0.00     0.00     0.00     0.00     0.00     0.00     0.00     0.00     0.00     0.00     0.00     0.00     0.00  2148.36     0.00     0.00     0.00     0.00     0.00     0.00     0.00     0.00     0.00     0.00     0.00     0.00     0.00     0.00     0.00     0.00     0.00     0.00     0.00     0.00     0.00     0.00     0.00     0.00     0.00     0.00     0.00     0.00     0.00   189.13     0.00     0.00     0.00    30.00    50.00     0.00     0.00     0.00     0.00    50.00   100.00    50.00    50.00    11.00     0.00     0.00     0.00     0.00     0.00     0.00     0.00   526.35     0.00     0.00     0.00     0.00     0.00     0.00     0.00     0.00     0.00     0.00     0.00     0.00     0.00     0.00     0.00     0.00    40.00    40.00    40.00    42.00     0.00     0.00    40.00    40.00     1.00    40.00     0.00    10.00    40.00     0.00     0.00     0.00     0.00     0.00     0.00     0.00     0.00     0.00     0.00     0.00     0.00   140.00    80.00     0.00     0.00     0.00     0.00     0.00     0.00     0.00     0.00     0.00     0.00     0.00   100.00     0.00     0.00     0.00     0.00     0.00     0.00     0.00     0.00     0.00     0.00     0.00     0.00     0.00     0.00   100.00     0.00     0.00     0.00     0.00    35.00    58.00     0.00     0.00     0.00     0.00    20.00    20.00    35.00    83.00    35.00     0.00     0.00     0.00     0.00     0.00     0.00     0.00     0.00     0.00     0.00     0.00     0.00     0.00     0.00     0.00     0.00     0.30     6.00     3.00     8.40     2.40    20.00     0.00    10.00     8.00    10.00     1.00     0.00     0.00     0.00     0.00     0.00     0.00     0.00     0.00     0.00     0.00     0.00     0.00     0.00     0.00     0.00     0.00     0.00     0.00     0.00     0.00     0.00     0.00     0.00    10.62    28.00    30.00    15.00     9.00     3.00     0.00     0.00     0.00     0.00     0.00     0.00     0.00     0.00     0.00     0.00     0.00     0.00     0.00     0.00     0.00     0.00     0.00     0.00     0.00     0.00     0.00     0.00     0.00   175.84   214.50   239.19     3.16     3.16     0.00     0.00     0.00     0.00    61.25   118.84   214.32    50.17    70.56   869.28     0.00
2037   5561.53   200.00   100.00     0.00     0.00     0.00     0.00     0.00     0.00     0.00     0.00     0.00     0.00     0.00     0.00     0.00     0.00     0.00     0.00     0.00     0.00     0.00     0.00     0.00     0.00     0.00     0.00     0.00  2416.61     0.00     0.00     0.00     0.00     0.00     0.00     0.00     0.00     0.00     0.00     0.00     0.00     0.00     0.00     0.00     0.00     0.00     0.00     0.00     0.00     0.00     0.00     0.00     0.00     0.00     0.00     0.00     0.00     0.00   200.00     0.00     0.00     0.00    30.00    50.00     0.00     0.00     0.00     0.00    50.00   100.00    50.00    50.00    11.00     0.00     0.00     0.00     0.00     0.00     0.00     0.00   611.36     0.00     0.00     0.00     0.00     0.00     0.00     0.00     0.00     0.00     0.00     0.00     0.00     0.00     0.00     0.00     0.00    40.00    40.00    40.00    42.00     0.00     0.00    40.00    40.00     1.00    40.00     0.00    10.00    40.00     0.00     0.00     0.00     0.00     0.00     0.00     0.00     0.00     0.00     0.00     0.00     0.00   140.00    80.00     0.00     0.00     0.00     0.00     0.00     0.00     0.00     0.00     0.00     0.00     0.00   100.00     0.00     0.00     0.00     0.00     0.00     0.00     0.00     0.00     0.00     0.00     0.00     0.00     0.00     0.00   100.00     0.00     0.00     0.00     0.00    35.00    58.00     0.00     0.00     0.00     0.00    20.00    20.00    35.00    83.00    35.00     0.00     0.00     0.00     0.00     0.00     0.00     0.00     0.00     0.00     0.00     0.00     0.00     0.00     0.00     0.00     0.00     0.30     6.00     3.00     8.40     2.40    20.00     0.00    10.00     8.00    10.00     1.00     0.00     0.00     0.00     0.00     0.00     0.00     0.00     0.00     0.00     0.00     0.00     0.00     0.00     0.00     0.00     0.00     0.00     0.00     0.00     0.00     0.00     0.00     0.00    10.62    28.00    30.00    15.00     9.00     3.00     0.00     0.00     0.00     0.00     0.00     0.00     0.00     0.00     0.00     0.00     0.00     0.00     0.00     0.00     0.00     0.00     0.00     0.00     0.00     0.00     0.00     0.00     0.00   175.84   214.50   239.19    43.43    43.43     0.00     0.00     0.00     0.00    61.25   118.84   214.32    50.17    70.56   869.28     0.00
2038   5919.65   200.00   100.00     0.00     0.00     0.00     0.00     0.00     0.00     0.00     0.00     0.00     0.00     0.00     0.00     0.00     0.00     0.00     0.00     0.00     0.00     0.00     0.00     0.00     0.00     0.00     0.00     0.00  2898.10     0.00     0.00     0.00     0.00     0.00     0.00     0.00     0.00     0.00     0.00     0.00     0.00     0.00     0.00     0.00     0.00     0.00     0.00     0.00     0.00     0.00     0.00     0.00     0.00     0.00     0.00     0.00     0.00     0.00   200.00     0.00     0.00     0.00    30.00    50.00     0.00     0.00     0.00     0.00    50.00   100.00    50.00    50.00    11.00     0.00     0.00     0.00     0.00     0.00     0.00     0.00   959.72     0.00     0.00     0.00     0.00     0.00     0.00     0.00     0.00     0.00     0.00     0.00     0.00     0.00     0.00     0.00     0.00    40.00    40.00    40.00    42.00     0.00     0.00    40.00    40.00     1.00    40.00     0.00    10.00    40.00     0.00     0.00     0.00     0.00     0.00     0.00     0.00     0.00     0.00     0.00     0.00     0.00   140.00    80.00     0.00     0.00     0.00     0.00     0.00     0.00     0.00     0.00     0.00     0.00     0.00   100.00     0.00     0.00     0.00     0.00     0.00     0.00     0.00     0.00     0.00     0.00     0.00     0.00     0.00     0.00   100.00     0.00     0.00     0.00     0.00    35.00    58.00     0.00     0.00     0.00     0.00    20.00    20.00    35.00    83.00    35.00     0.00     0.00     0.00     0.00     0.00     0.00     0.00     0.00     0.00     0.00     0.00     0.00     0.00     0.00     0.00     0.00     0.30     6.00     3.00     8.40     2.40    20.00     0.00    10.00     8.00    10.00     1.00     0.00     0.00     0.00     0.00     0.00     0.00     0.00     0.00     0.00     0.00     0.00     0.00     0.00     0.00     0.00     0.00     0.00     0.00     0.00     0.00     0.00     0.00     0.00    10.62    28.00    30.00    15.00     9.00     3.00     0.00     0.00     0.00     0.00     0.00     0.00     0.00     0.00     0.00     0.00     0.00     0.00     0.00     0.00     0.00     0.00     0.00     0.00     0.00     0.00     0.00     0.00     0.00   175.84   214.50   239.19    75.58    75.58     0.00     0.00     0.00    58.69    61.25   118.84   214.32    50.17    70.56   869.28     0.00
2039   6297.53   200.00   100.00     0.00     0.00     0.00     0.00     0.00     0.00     0.00     0.00     0.00     0.00     0.00     0.00     0.00     0.00     0.00     0.00     0.00     0.00     0.00     0.00     0.00     0.00     0.00     0.00     0.00  3529.00     0.00     0.00     0.00     0.00     0.00     0.00     0.00     0.00     0.00     0.00     0.00     0.00     0.00     0.00     0.00     0.00     0.00     0.00     0.00     0.00     0.00     0.00     0.00     0.00     0.00     0.00     0.00     0.00     0.00   200.00     0.00     0.00     0.00    30.00    50.00     0.00     0.00     0.00     0.00    50.00   100.00    50.00    50.00    11.00     0.00     0.00     0.00     0.00     0.00     0.00     0.00  1064.45     0.00     0.00     0.00     0.00     0.00     0.00     0.00     0.00     0.00     0.00     0.00     0.00     0.00     0.00     0.00     0.00    40.00    40.00    40.00    42.00     0.00     0.00    40.00    40.00     1.00    40.00     0.00    10.00    40.00     0.00     0.00     0.00     0.00     0.00     0.00     0.00     0.00     0.00     0.00     0.00     0.00   140.00    80.00     0.00     0.00     0.00     0.00     0.00     0.00     0.00     0.00     0.00     0.00     0.00   100.00     0.00     0.00     0.00     0.00     0.00     0.00     0.00     0.00     0.00     0.00     0.00     0.00     0.00     0.00   100.00     0.00     0.00     0.00     0.00    35.00    58.00     0.00     0.00     0.00     0.00    20.00    20.00    35.00    83.00    35.00     0.00     0.00     0.00     0.00     0.00     0.00     0.00     0.00     0.00     0.00     0.00     0.00     0.00     0.00     0.00     0.00     0.30     6.00     3.00     8.40     2.40    20.00     0.00    10.00     8.00    10.00     1.00     0.00     0.00     0.00     0.00     0.00     0.00     0.00     0.00     0.00     0.00     0.00     0.00     0.00     0.00     0.00     0.00     0.00     0.00     0.00     0.00     0.00     0.00     0.00    10.62    28.00    30.00    15.00     9.00     3.00     0.00     0.00     0.00     0.00     0.00     0.00     0.00     0.00     0.00     0.00     0.00     0.00     0.00     0.00     0.00     0.00     0.00     0.00     0.00     0.00     0.00     0.00     0.00   175.84   214.50   239.19   127.67   127.67     0.00     0.00     0.00   117.37    61.25   118.84   214.32    50.17    70.56   869.28     0.00
2040   6696.37   200.00   100.00     0.00     0.00     0.00     0.00     0.00     0.00     0.00     0.00     0.00     0.00     0.00     0.00     0.00     0.00     0.00     0.00     0.00     0.00     0.00     0.00     0.00     0.00     0.00     0.00     0.00  3861.05     0.00     0.00     0.00     0.00     0.00     0.00     0.00     0.00     0.00     0.00     0.00     0.00     0.00     0.00     0.00     0.00     0.00     0.00     0.00     0.00     0.00     0.00     0.00     0.00     0.00     0.00     0.00     0.00     0.00   200.00     0.00     0.00     0.00    30.00    50.00     0.00     0.00     0.00     0.00    50.00   100.00    50.00    50.00    11.00     0.00     0.00     0.00     0.00     0.00     0.00     0.00  1175.00     0.00     0.00     0.00     0.00     0.00     0.00     0.00     0.00     0.00     0.00     0.00     0.00     0.00     0.00     0.00     0.00    40.00    40.00    40.00    42.00     0.00     0.00    40.00    40.00     1.00    40.00     0.00    10.00    40.00     0.00     0.00     0.00     0.00     0.00     0.00     0.00     0.00     0.00     0.00     0.00     0.00   140.00    80.00     0.00     0.00     0.00     0.00     0.00     0.00     0.00     0.00     0.00     0.00     0.00   100.00     0.00     0.00     0.00     0.00     0.00     0.00     0.00     0.00     0.00     0.00     0.00     0.00     0.00     0.00   100.00     0.00     0.00     0.00     0.00    35.00    58.00     0.00     0.00     0.00     0.00    20.00    20.00    35.00    83.00    35.00     0.00     0.00     0.00     0.00     0.00     0.00     0.00     0.00     0.00     0.00     0.00     0.00     0.00     0.00     0.00     0.00     0.30     6.00     3.00     8.40     2.40    20.00     0.00    10.00     8.00    10.00     1.00     0.00     0.00     0.00     0.00     0.00     0.00     0.00     0.00     0.00     0.00     0.00     0.00     0.00     0.00     0.00     0.00     0.00     0.00     0.00     0.00     0.00     0.00     0.00    10.62    28.00    30.00    15.00     9.00     3.00     0.00     0.00     0.00     0.00     0.00     0.00     0.00     0.00     0.00     0.00     0.00     0.00     0.00     0.00     0.00     0.00     0.00     0.00     0.00     0.00     0.00     0.00     0.00   175.84   214.50   239.19   174.87   174.87     0.00     0.00     0.00   117.37    61.25   118.84   214.32    50.17    70.56   869.28     0.00
2041   6696.37   200.00   100.00     0.00     0.00     0.00     0.00     0.00     0.00     0.00     0.00     0.00     0.00     0.00     0.00     0.00     0.00     0.00     0.00     0.00     0.00     0.00     0.00     0.00     0.00     0.00     0.00     0.00  4005.42     0.00     0.00     0.00     0.00     0.00     0.00     0.00     0.00     0.00     0.00     0.00     0.00     0.00     0.00     0.00     0.00     0.00     0.00     0.00     0.00     0.00     0.00     0.00     0.00     0.00     0.00     0.00     0.00     0.00   200.00     0.00     0.00     0.00    30.00    50.00     0.00     0.00     0.00     0.00    50.00   100.00    50.00    50.00    11.00     0.00     0.00     0.00     0.00     0.00     0.00     0.00  1282.58     0.00     0.00     0.00     0.00     0.00     0.00     0.00     0.00     0.00     0.00     0.00     0.00     0.00     0.00     0.00     0.00    40.00    40.00    40.00    42.00     0.00     0.00    40.00    40.00     1.00    40.00     0.00    10.00    40.00     0.00     0.00     0.00     0.00     0.00     0.00     0.00     0.00     0.00     0.00     0.00     0.00   140.00    80.00     0.00     0.00     0.00     0.00     0.00     0.00     0.00     0.00     0.00     0.00     0.00   100.00     0.00     0.00     0.00     0.00     0.00     0.00     0.00     0.00     0.00     0.00     0.00     0.00     0.00     0.00   100.00     0.00     0.00     0.00     0.00    35.00    58.00     0.00     0.00     0.00     0.00    20.00    20.00    35.00    83.00    35.00     0.00     0.00     0.00     0.00     0.00     0.00     0.00     0.00     0.00     0.00     0.00     0.00     0.00     0.00     0.00     0.00     0.30     6.00     3.00     8.40     2.40    20.00     0.00    10.00     8.00    10.00     1.00     0.00     0.00     0.00     0.00     0.00     0.00     0.00     0.00     0.00     0.00     0.00     0.00     0.00     0.00     0.00     0.00     0.00     0.00     0.00     0.00     0.00     0.00     0.00    10.62    28.00    30.00    15.00     9.00     3.00     0.00     0.00     0.00     0.00     0.00     0.00     0.00     0.00     0.00     0.00     0.00     0.00     0.00     0.00     0.00     0.00     0.00     0.00     0.00     0.00     0.00     0.00     0.00   175.84   214.50   239.19   179.16   179.16     0.00     0.00     0.00   133.96    61.25   118.84   214.32    50.17    70.56   869.28     0.00
2042   6696.37   200.00   100.00     0.00     0.00     0.00     0.00     0.00     0.00     0.00     0.00     0.00     0.00     0.00     0.00     0.00     0.00     0.00     0.00     0.00     0.00     0.00     0.00     0.00     0.00     0.00     0.00     0.00  4005.42     0.00     0.00     0.00     0.00     0.00     0.00     0.00     0.00     0.00     0.00     0.00     0.00     0.00     0.00     0.00     0.00     0.00     0.00     0.00     0.00     0.00     0.00     0.00     0.00     0.00     0.00     0.00     0.00     0.00   200.00     0.00     0.00     0.00    30.00    50.00     0.00     0.00     0.00     0.00    50.00   100.00    50.00    50.00    11.00     0.00     0.00     0.00     0.00     0.00     0.00     0.00  1286.32     0.00     0.00     0.00     0.00     0.00     0.00     0.00     0.00     0.00     0.00     0.00     0.00     0.00     0.00     0.00     0.00    40.00    40.00    40.00    42.00     0.00     0.00    40.00    40.00     1.00    40.00     0.00    10.00    40.00     0.00     0.00     0.00     0.00     0.00     0.00     0.00     0.00     0.00     0.00     0.00     0.00   140.00    80.00     0.00     0.00     0.00     0.00     0.00     0.00     0.00     0.00     0.00     0.00     0.00   100.00     0.00     0.00     0.00     0.00     0.00     0.00     0.00     0.00     0.00     0.00     0.00     0.00     0.00     0.00   100.00     0.00     0.00     0.00     0.00    35.00    58.00     0.00     0.00     0.00     0.00    20.00    20.00    35.00    83.00    35.00     0.00     0.00     0.00     0.00     0.00     0.00     0.00     0.00     0.00     0.00     0.00     0.00     0.00     0.00     0.00     0.00     0.30     6.00     3.00     8.40     2.40    20.00     0.00    10.00     8.00    10.00     1.00     0.00     0.00     0.00     0.00     0.00     0.00     0.00     0.00     0.00     0.00     0.00     0.00     0.00     0.00     0.00     0.00     0.00     0.00     0.00     0.00     0.00     0.00     0.00    10.62    28.00    30.00    15.00     9.00     3.00     0.00     0.00     0.00     0.00     0.00     0.00     0.00     0.00     0.00     0.00     0.00     0.00     0.00     0.00     0.00     0.00     0.00     0.00     0.00     0.00     0.00     0.00     0.00   175.84   214.50   239.19   179.16   179.16     0.00     0.00     0.00   143.46    61.25   118.84   214.32    50.17    70.56   869.28     0.00
2043   6696.37   200.00   100.00     0.00     0.00     0.00     0.00     0.00     0.00     0.00     0.00     0.00     0.00     0.00     0.00     0.00     0.00     0.00     0.00     0.00     0.00     0.00     0.00     0.00     0.00     0.00     0.00     0.00  4057.78     0.00     0.00     0.00     0.00     0.00     0.00     0.00     0.00     0.00     0.00     0.00     0.00     0.00     0.00     0.00     0.00     0.00     0.00     0.00     0.00     0.00     0.00     0.00     0.00     0.00     0.00     0.00     0.00     0.00   200.00     0.00     0.00     0.00    30.00    50.00     0.00     0.00     0.00     0.00    50.00   100.00    50.00    50.00    11.00     0.00     0.00     0.00     0.00     0.00     0.00     0.00  1299.03     0.00     0.00     0.00     0.00     0.00     0.00     0.00     0.00     0.00     0.00     0.00     0.00     0.00     0.00     0.00     0.00    40.00    40.00    40.00    42.00     0.00     0.00    40.00    40.00     1.00    40.00     0.00    10.00    40.00     0.00     0.00     0.00     0.00     0.00     0.00     0.00     0.00     0.00     0.00     0.00     0.00   140.00    80.00     0.00     0.00     0.00     0.00     0.00     0.00     0.00     0.00     0.00     0.00     0.00   100.00     0.00     0.00     0.00     0.00     0.00     0.00     0.00     0.00     0.00     0.00     0.00     0.00     0.00     0.00   100.00     0.00     0.00     0.00     0.00    35.00    58.00     0.00     0.00     0.00     0.00    20.00    20.00    35.00    83.00    35.00     0.00     0.00     0.00     0.00     0.00     0.00     0.00     0.00     0.00     0.00     0.00     0.00     0.00     0.00     0.00     0.00     0.30     6.00     3.00     8.40     2.40    20.00     0.00    10.00     8.00    10.00     1.00     0.00     0.00     0.00     0.00     0.00     0.00     0.00     0.00     0.00     0.00     0.00     0.00     0.00     0.00     0.00     0.00     0.00     0.00     0.00     0.00     0.00     0.00     0.00    10.62    28.00    30.00    15.00     9.00     3.00     0.00     0.00     0.00     0.00     0.00     0.00     0.00     0.00     0.00     0.00     0.00     0.00     0.00     0.00     0.00     0.00     0.00     0.00     0.00     0.00     0.00     0.00     0.00   175.84   214.50   239.19   179.16   179.16     0.00     0.00     0.00   208.78    61.25   118.84   214.32    50.17    70.56   869.28     0.00
2044   6696.37   200.00   100.00     0.00     0.00     0.00     0.00     0.00     0.00     0.00     0.00     0.00     0.00     0.00     0.00     0.00     0.00     0.00     0.00     0.00     0.00     0.00     0.00     0.00     0.00     0.00     0.00     0.00  4216.78     0.00     0.00     0.00     0.00     0.00     0.00     0.00     0.00     0.00     0.00     0.00     0.00     0.00     0.00     0.00     0.00     0.00     0.00     0.00     0.00     0.00     0.00     0.00     0.00     0.00     0.00     0.00     0.00     0.00   200.00     0.00     0.00     0.00    30.00    50.00     0.00     0.00     0.00     0.00    50.00   100.00    50.00    50.00    11.00     0.00     0.00     0.00     0.00     0.00     0.00     0.00  1299.35     0.00     0.00     0.00     0.00     0.00     0.00     0.00     0.00     0.00     0.00     0.00     0.00     0.00     0.00     0.00     0.00    40.00    40.00    40.00    42.00     0.00     0.00    40.00    40.00     1.00    40.00     0.00    10.00    40.00     0.00     0.00     0.00     0.00     0.00     0.00     0.00     0.00     0.00     0.00     0.00     0.00   140.00    80.00     0.00     0.00     0.00     0.00     0.00     0.00     0.00     0.00     0.00     0.00     0.00   100.00     0.00     0.00     0.00     0.00     0.00     0.00     0.00     0.00     0.00     0.00     0.00     0.00     0.00     0.00   100.00     0.00     0.00     0.00     0.00    35.00    58.00     0.00     0.00     0.00     0.00    20.00    20.00    35.00    83.00    35.00     0.00     0.00     0.00     0.00     0.00     0.00     0.00     0.00     0.00     0.00     0.00     0.00     0.00     0.00     0.00     0.00     0.30     6.00     3.00     8.40     2.40    20.00     0.00    10.00     8.00    10.00     1.00     0.00     0.00     0.00     0.00     0.00     0.00     0.00     0.00     0.00     0.00     0.00     0.00     0.00     0.00     0.00     0.00     0.00     0.00     0.00     0.00     0.00     0.00     0.00    10.62    28.00    30.00    15.00     9.00     3.00     0.00     0.00     0.00     0.00     0.00     0.00     0.00     0.00     0.00     0.00     0.00     0.00     0.00     0.00     0.00     0.00     0.00     0.00     0.00     0.00     0.00     0.00     0.00   175.84   214.50   239.19   179.16   179.16     0.00     0.00     0.00   277.97    61.25   118.84   214.32    50.17    70.56   869.28     0.00
2045   6696.37   200.00   100.00     0.00     0.00     0.00     0.00     0.00     0.00     0.00     0.00     0.00     0.00     0.00     0.00     0.00     0.00     0.00     0.00     0.00     0.00     0.00     0.00     0.00     0.00     0.00     0.00     0.00  4216.78     0.00     0.00     0.00     0.00     0.00     0.00     0.00     0.00     0.00     0.00     0.00     0.00     0.00     0.00     0.00     0.00     0.00     0.00     0.00     0.00     0.00     0.00     0.00     0.00     0.00     0.00     0.00     0.00     0.00   200.00     0.00     0.00     0.00    30.00    50.00     0.00     0.00     0.00     0.00    50.00   100.00    50.00    50.00    11.00     0.00     0.00     0.00     0.00     0.00     0.00     0.00  1299.78     0.00     0.00     0.00     0.00     0.00     0.00     0.00     0.00     0.00     0.00     0.00     0.00     0.00     7.36     0.00     0.00    40.00    40.00    40.00    42.00     0.00     0.00    40.00    40.00     1.00    40.00    30.00    10.00    40.00     0.00     0.00     0.00     0.00     0.00     0.00     0.00     0.00     0.00     0.00     0.00     0.00   140.00    80.00     0.00     0.00     0.00     0.00     0.00     0.00     0.00     0.00     0.00     0.00     0.00   100.00     0.00     0.00     0.00     0.00     0.00     0.00     0.00     0.00     0.00     0.00     0.00     0.00     0.00     0.00   100.00     0.00     0.00     0.00     0.00    35.00    58.00     0.00     0.00     0.00     0.00    20.00    20.00    35.00    83.00    35.00     0.00     0.00     0.00     0.00     0.00     0.00     0.00     0.00     0.00     0.00     0.00     0.00     0.00     0.00     0.00     0.00     0.30     6.00     3.00     8.40     2.40    20.00     0.00    10.00     8.00    10.00     1.00     0.00     0.00     0.00     0.00     0.00     0.00     0.00     0.00     0.00     0.00     0.00     0.00     0.00     0.00     0.00     0.00     0.00     0.00     0.00     0.00     0.00     0.00     0.00    10.62    28.00    30.00    15.00     9.00     3.00     0.00     0.00     0.00     0.00     0.00     0.00     0.00     0.00     0.00     0.00     0.00     0.00     0.00     0.00     0.00     0.00     0.00     0.00     0.00     0.00     0.00     0.00     0.00   175.84   214.50   239.19   179.16   179.16     0.00     0.00     0.00   347.15    61.25   118.84   214.32    50.17    70.56   869.28     0.00


Table 4:            KEa, Highdemand
                    
MESSAGE Int_V2      KEaTotalCapacity
Aug 22, 2024 22:25

      KEEL00T00 KEEL00i00_HVDC KEEL00i00_TANESCO KEEL00i00_UETCL KEEL00i00 KEEL00TDI KEEL00TDR KEEL00TDU KEEL00TDC KEEL00TUI KEEL00TUR KEEL00TUS KEEL00TUU KEEL00TUC KEDS00I00 KENU00I00 KEGE00I00 KEGE00I00_Generic KEGE00I00_steam KEDSRC00 KEDSRC01_Tsavo_Extended KEDSSC00 KEDSRI00 KEDSRU00 KEDSRB00 KEDSRR00 KEHF00I00_NAIROBI KEHF00I00 KEHFRC00 KEHFRC01_Tsavo KEHFRC01_Rabai KEHFRC01_Kipevu_III KEHFRC10_Thika KEHFRC10_Gulf KEHFRC10_Triumph KEHFRC03 KEHFRC10 KEHFRC02 KEHFRC01 KECO00X00 KECOSC00 KECOSC11 KENG00I00_LNG KENG00I00 KENGSC00 KENGSC12_Dongo_Kundu KENGCC00 KENGCC12_LNG_Backup2 KENGCC12_LNG_Backup26 KENGCC12_LNG_Backup35 KENGCC12_LNG_Backup4 KENGCC12_LNG2 KENUPW00 KENUPW20_Nuclear_III KENUPW20_Nuclear_II KENUPW20_Nuclear_I KENUPW20 KEWDLC00 KEWDLCZ004_Marsabit_PhII KEWDLCZ007_Meru_PhIII KEWDLCZ007_Meru_PhII KEWDLCZ007_Meru_PhI KEWDLCZ008_Oldanyat KEWDLCZ008_Prunus KEWDLCZH08_Ngong_PhII KEWDLCZH08_Ngong_PhI KEWDLCZ001_Bahari2 KEWDLCZH08_Kipeto KEWDLCZ001_Bahari_PhI KEWDLCZ004_Marsabit_PhI KEWDLCZ008_Aperture KEWDLCZ008_Chania KEWDLCZ008_Ngong1_PhIII KEWDOC00 KEWDLCZ010 KEWDLCZ009 KEWDLCZ008 KEWDLCZ007 KEWDLCZ006 KEWDLCZ005 KEWDLCZ004 KEWDLCZ003 KEWDLCZ002 KEWDLCZ001 KEWDLCZDP09_Lake_Turkana KEWDLCZH08 KESOTN00 KESOTNZ002 KESOTNZ001 KESOTS00 KESOTSZ002 KESOTSZ001 KESOTG00 KESOPC00 KESOPCZ001_Kenya_Solar KESOPCZ003_Strathmore KESOPCZ003_REA_Garissa KESOPCZ008_Kibwezi KESOPCZ008_Tarita_Green KESOPCZ008_Kopere KESOPCZ001_SevenForks KESOPCZ003_Eldosol KESOPCZ003_Selenkei KESOPCZ003_Alten KESOPCZ009_Kenergy KESOPCZ009_MarcoBorero KESOPCZ001_Greenmillenia KESOPCZ001_Makindu KESOPCZ001_HannanArya KESOPCZ001_Malindi KESOPCZ010 KESOPCZ009 KESOPCZ008 KESOPCZ007 KESOPCZ006 KESOPCZ005 KESOPCZ004 KESOPCZ003 KESOPCZ002 KESOPCZ001 KEGOCV00 KEGOCV18_Menengai_V KEGOCV16_Olkaria_7 KEGOCV16_Olkaria_6 KEGOCV12_Suswa_I KEGOCV12_Suswa_II KEGOCV12_Suswa_III KEGOCV12_Olsuswa_I KEGOCV13_Akiira_I KEGOCV13_Akiira_II KEGOCV20_AGIL_I KEGOCV20_AGIL_II KEGOCV20_AGIL_III KEGOCV20_AGIL_IV KEGOCV17_Korosi_I KEGOCV17_Paka_I KEGOCV16_Olkaria_II_Rehab KEGOCV17_Paka_II KEGOCV17_Silali_II KEGOCV17_Paka_III KEGOCV17_Silali_III KEGOCV18_Menengai_IV KEGOCV01_Orpower_4P4 KEGOCV01_Orpower_4P3 KEGOCV01_Orpower_4P2 KEGOCV01_Orpower_4PI KEGOCV01_Olkaria_2 KEGOCV10_OLK_V KEGOCV10_OLK_IAU KEGOCV10_OLK_IV KEGOCV17_Baringo_Silali_I KEGOCV18_Menengai_III KEGOCV18_Menengai_1_Stage2 KEGOCV12_Suswa KEGOCV12_Eburru KEGOCV16_Menengai_1_Orpower22 KEGOCV18_Wellheadleasing KEGOCV13_Marine_Power_Akiira KEGOCV16_Olkaria8 KEGOCV16_Olkaria9 KEGOCV17_Baringo_Silali KEGOCV16_Olkaria_1V_Uprating KEGOCV16_Olkaria_1_Uprating KEGOCV18_Menengai_1_Quantum KEGOCV16_Olkaria_1_Unit6 KEGOCV18_Menengai_1_Sosian KEGOCV20 KEGOCV16 KEGOCV15 KEGOCV14 KEGOCV13 KEGOCV12 KEGOCV11 KEGOCV10 KEGOCV03 KEGOCV02 KEBM00X00 KEBW00X00 KEHY00X00 KESO00X00 KEWD00X00 KEBMST00 KEBMST10_BiogasH KEBMST10_WestKenya KEBMST10_VRHoldings KEBMST10_Cummins_Cogen KEBMST10_Viability KEBMST10_Tana_Biogas KEBMST10_MunicipalWtE_Biogas KEBMST10_Roadtech KEBMST10_ThikaWayBiogas KEBMST10_Kwale KEBMST10_REA_Vipingo KEBWST00 KEBMST10 KEBMST01 KEHYDM00 KEHYDM_High_Grand KEHYDM_Karura KEHYDM_TURKWEL KEHYDM_KIAMBERE KEHYDM_Kindaruma KEHYDM_Gitaru KEHYDM_KAMBURU KEHYDM_MASINGA KEHYRO_Lower_Grand KEHYDM_Kamburu_Masinga KEHYDM_Turkwell KEHYDM_Kiambere KEHYRO00 KEHYRO_Small_2033 KEHYRO_Small_2032 KEHYRO_Small_2031 KEHYRO_Small_KTDA_2031 KEHYRO_Small_2030 KEHYRO_Small_KTDA_2030 KEHYRO_Small_2029 KEHYRO_Small_2028 KEHYRO_Small_2027 KEHYRO_Small_2026 KEHYRO_Small_2025 KEHYRO_Small_KTDA_2024 KEHYRO_Small_Chevron KEHYRO_Small_KDTA2 KEHYRO_Small_Rareh KEHYRO_Small_Kirogori KEHYRO_Small_GemGen KEHYRO_Small_Kaptis KEHYRO_Small_Nithi KEHYRO_Small_Tindinyo KEHYRO_Small_Gatiki KEHYRO_Small_KTDA_Gogo KEHYRO_Small_MtKenya_CBO KEHYRO_Small_KTDA KEHYRO_Small_KTDA_Kleen KEHYRO_Tana KEHYRO_Sangoro KEHYRO_Sondu_Miriu KEHYMI00 KEHYRO_Existing_Small KESOPU00 KESOPB00 KESOPR00 KESOPS00 KEELBS00 KERIDM_Kamburu_Masinga KERIDM_Turkwell KERIDM_Kiambere KEELST04 KEELPT04 KEELDT04_01 KEELDT04_02 KEELDT04_03 KEEXDT00 KERIDM_MASINGA KERIDM_KAMBURU KERIDM_Gitaru KERIDM_Kindaruma KERIDM_Karura KERIDM_High_Grand KEELDT04_04

2022   1989.94   400.00   100.00    70.00     0.00   551.70    67.00   374.20   172.00     0.00     0.00     0.00     0.00     0.00     0.00     0.00     0.00     0.00     0.00     0.00     0.00     0.00     0.00     0.00     0.00     0.00     0.00     0.00     0.00     0.00    88.60   115.00    87.00    80.30    83.00     0.00     0.00    52.50     0.00     0.00     0.00     0.00     0.00     0.00     0.00     0.00     0.00     0.00     0.00     0.00     0.00     0.00     0.00     0.00     0.00     0.00     0.00     0.00     0.00     0.00     0.00     0.00     0.00     0.00    20.40     5.10     0.00   100.00     0.00     0.00     0.00     0.00     0.00     0.00     0.00     0.00     0.00     0.00     0.00     0.00     0.00     0.00     0.00     0.00   300.00     0.00     0.00     0.00     0.00     0.00     0.00     0.00     0.00     0.00     0.00     0.25    50.00     0.00     0.00     0.00     0.00    40.00    40.00     0.00     0.00     0.00     0.00     0.00     0.00    40.00     0.00     0.00     0.00     0.00     0.00     0.00     0.00     0.00     0.00     0.00     0.00     0.00     0.00     0.00     0.00     0.00     0.00     0.00     0.00     0.00     0.00     0.00     0.00     0.00     0.00     0.00     0.00     0.00     0.00     0.00     0.00     0.00    29.00    17.60    39.60    63.80   101.00   158.00   140.00   140.00     0.00     0.00     0.00     0.00     0.00     0.00     0.00     0.00     0.00     0.00     0.00     0.00     0.00     0.00    83.00     0.00     0.00     0.00    25.40    44.60     0.00     0.00     0.00     0.00     2.10     0.00     0.00     0.00     0.00     0.00     0.00     0.00     0.00     0.00     0.00     0.00     0.00     0.00     0.00     0.00     0.00     0.00     0.00     0.00     0.00     0.00     0.00     0.00     0.00   105.00   164.00    10.50   216.00    90.00    40.00     0.00     0.00     0.00     0.00     0.00     0.00     0.00     0.00     0.00     0.00     0.00     0.00     0.00     0.00     0.00     0.00     0.00     0.00     0.00     0.00     0.00     0.00     0.00     0.00     0.00     0.00     0.00     0.00     0.00     0.00    20.00    20.00    60.00     0.00    24.87     0.00     0.00     0.00     0.00     0.00   175.84   214.50   239.19     0.00     0.00     0.00     0.00     0.00     0.00    61.25   118.84   214.32    50.17    70.56   869.28     0.00
2023   2143.18   400.00   100.00    70.00     0.00   551.70    67.00   374.20   172.00     0.00     0.00     0.00     0.00     0.00     0.00     0.00     0.00     0.00     0.00     0.00     0.00     0.00     0.00     0.00     0.00     0.00     0.00     0.00     0.00     0.00    88.60   115.00    87.00    80.30    83.00     0.00     0.00    52.50     0.00     0.00     0.00     0.00     0.00     0.00     0.00     0.00     0.00     0.00     0.00     0.00     0.00     0.00     0.00     0.00     0.00     0.00     0.00     0.00     0.00     0.00     0.00     0.00     0.00     0.00    20.40     5.10     0.00   100.00     0.00     0.00     0.00     0.00     0.00     0.00     0.00     0.00     0.00     0.00     0.00     0.00     0.00     0.00     0.00     0.00   300.00     0.00     0.00     0.00     0.00     0.00     0.00     0.00     0.00     0.00     0.00     0.25    50.00     0.00     0.00     0.00     0.00    40.00    40.00    40.00     0.00     0.00     0.00     0.00     0.00    40.00     0.00     0.00     0.00     0.00     0.00     0.00     0.00     0.00     0.00     0.00     0.00     0.00     0.00     0.00     0.00     0.00     0.00     0.00     0.00     0.00     0.00     0.00     0.00     0.00     0.00     0.00     0.00     0.00     0.00     0.00     0.00     0.00    29.00    17.60    39.60    63.80   101.00   158.00   140.00   140.00     0.00     0.00     0.00     0.00     0.00     0.00     0.00     0.00     0.00     0.00     0.00     0.00     0.00     0.00    83.00    35.00     0.00     0.00    25.40    44.60     0.00     0.00     0.00     0.00     2.10     0.00     0.00     0.00     0.00     0.00     0.00     0.00     0.00     0.00     0.00     0.00     0.00     0.00     0.00     0.00     0.00     0.00     0.00     0.00     0.00     0.00     0.00     0.00     0.00   105.00   164.00    10.50   216.00    90.00    40.00     0.00     0.00     0.00     0.00     0.00     0.00     0.00     0.00     0.00     0.00     0.00     0.00     0.00     0.00     0.00     0.00     0.00     0.00     0.00     0.00     0.00     0.00     0.00     0.00     0.00     0.00     0.00     0.00     0.00     0.00    20.00    20.00    60.00     0.00    24.87     0.00     0.00     0.00     0.00     0.00   175.84   214.50   239.19     0.00     0.00     0.00     0.00     0.00     0.00    61.25   118.84   214.32    50.17    70.56   869.28     0.00
2024   2222.63   400.00   100.00    70.00     0.00   551.70    67.00   374.20   172.00     0.00     0.00     0.00     0.00     0.00     0.00     0.00     0.00     0.00     0.00     0.00     0.00     0.00     0.00     0.00     0.00     0.00     0.00     0.00     0.00     0.00    88.60   115.00    87.00    80.30    83.00     0.00     0.00    52.50     0.00     0.00     0.00     0.00     0.00     0.00     0.00     0.00     0.00     0.00     0.00     0.00     0.00     0.00     0.00     0.00     0.00     0.00     0.00     0.00     0.00     0.00     0.00     0.00     0.00     0.00    20.40     5.10     0.00   100.00     0.00     0.00     0.00     0.00     0.00     0.00     0.00     0.00     0.00     0.00     0.00     0.00     0.00     0.00     0.00     0.00   300.00     0.00     0.00     0.00     0.00     0.00     0.00     0.00     0.00     0.00     0.00     0.25    50.00     0.00     0.00     0.00     0.00    40.00    40.00    40.00     0.00     1.00     0.00     0.00     0.00    40.00     0.00     0.00     0.00     0.00     0.00     0.00     0.00     0.00     0.00     0.00     0.00     0.00     0.00     0.00     0.00     0.00     0.00     0.00     0.00     0.00     0.00     0.00     0.00     0.00     0.00     0.00     0.00     0.00     0.00     0.00     0.00     0.00    29.00    17.60    39.60    63.80   101.00   158.00   140.00   140.00     0.00     0.00     0.00     0.00     0.00     0.00     0.00     0.00     0.00     0.00     0.00     0.00     0.00     0.00    83.00    35.00     0.00     0.00    25.40    44.60     0.00     0.00     0.00     0.00     2.10     0.00     0.00     0.00     0.00     0.00     0.00     0.00     0.00     0.00     0.00     0.00     0.00     0.00     0.00     0.00     0.00     0.00     1.00     0.00     0.00     0.00     0.00     0.00     0.00   105.00   164.00    10.50   216.00     0.00    40.00     0.00     0.00     0.00     0.00     0.00     0.00     0.00     0.00     0.00     0.00     0.00     0.00     0.00     0.00     0.00     0.00     3.00     0.00     0.00     0.00     0.00     0.00     0.00     0.00     0.00     0.00     0.00     0.00     0.00     0.00    20.00    20.00    60.00     0.00    24.87     0.00     0.00     0.00     0.00     0.00   175.84   214.50   239.19     0.00     0.00     0.00     0.00     0.00     0.00    61.25   118.84   214.32    50.17    70.56   869.28     0.00
2025   2328.59   400.00   100.00    70.00     0.00   551.70    67.00   374.20   172.00     0.00     0.00     0.00     0.00     0.00     0.00     0.00     0.00     0.00     0.00     0.00     0.00     0.00     0.00     0.00     0.00     0.00     0.00     0.00     0.00     0.00    88.60   115.00    87.00    80.30    83.00     0.00     0.00    52.50     0.00     0.00     0.00     0.00     0.00     0.00     0.00     0.00     0.00     0.00     0.00     0.00     0.00     0.00     0.00     0.00     0.00     0.00     0.00     0.00     0.00     0.00     0.00     0.00     0.00     0.00    20.40     5.10     0.00   100.00     0.00     0.00     0.00     0.00     0.00     0.00     0.00     0.00     0.00     0.00     0.00     0.00     0.00     0.00     0.00     0.00   300.00     0.00     0.00     0.00     0.00     0.00     0.00     0.00     0.00     0.00     0.00     0.25    50.00     0.00    40.00     0.00     0.00    40.00    40.00    40.00     0.00     1.00     0.00     0.00     0.00    40.00     0.00     0.00     0.00     0.00     0.00     0.00     0.00     0.00     0.00     0.00     0.00     0.00     0.00     0.00     0.00     0.00     0.00     0.00     0.00     0.00     0.00     0.00     0.00     0.00     0.00     0.00     0.00     0.00     0.00     0.00     0.00     0.00    29.00    17.60    39.60    63.80   101.00   158.00   140.00   140.00     0.00     0.00     0.00     0.00     0.00     0.00     0.00     0.00     0.00     0.00     0.00    20.00     0.00    35.00    83.00    35.00     0.00     0.00    25.40    44.60     0.00     0.00     0.00     0.00     2.10     0.00     0.00     0.00     0.00     0.00     0.00     0.00     0.00     0.00     0.00     0.00     0.00     0.00     0.00     0.00     0.00     0.00     1.00     0.00     0.00     0.00     0.00     0.00     0.00   105.00   164.00    10.50   216.00     0.00    40.00     0.00     0.00     0.00     0.00     0.00     0.00     0.00     0.00     0.00     0.00     0.00     0.00     0.00     0.00     0.00     9.00     3.00     0.00     0.00     0.00     0.00     0.00     0.00     0.00     0.00     0.00     0.00     0.00     0.00     0.00    20.00    20.00    60.00     0.00    24.87     0.00     0.00     0.00     0.00     0.00   175.84   214.50   239.19     0.00     0.00     0.00     0.00     0.00     0.00    61.25   118.84   214.32    50.17    70.56   869.28     0.00
2026   2575.42   400.00   100.00    70.00     0.00   551.70    67.00   374.20   172.00     0.00     0.00     0.00     0.00     0.00     0.00     0.00     0.00     0.00     0.00     0.00     0.00     0.00     0.00     0.00     0.00     0.00     0.00     0.00     0.00     0.00    88.60   115.00    87.00    80.30    83.00     0.00     0.00    52.50     0.00     0.00     0.00     0.00     0.00     0.00     0.00     0.00     0.00     0.00     0.00     0.00     0.00     0.00     0.00     0.00     0.00     0.00     0.00     0.00     0.00     0.00     0.00     0.00     0.00    50.00    20.40     5.10     0.00   100.00     0.00     0.00    50.00    50.00     0.00     0.00     0.00     0.00     0.00     0.00     0.00     0.00     0.00     0.00     0.00     0.00   300.00     0.00     0.00     0.00     0.00     0.00     0.00     0.00     0.00     0.00     0.00     0.25    50.00     0.00    40.00    40.00     0.00    40.00    40.00    40.00     0.00     1.00     0.00     0.00     0.00    40.00     0.00     0.00     0.00     0.00     0.00     0.00     0.00     0.00     0.00     0.00     0.00     0.00     0.00     0.00     0.00     0.00     0.00     0.00     0.00     0.00     0.00     0.00     0.00     0.00     0.00     0.00     0.00     0.00     0.00     0.00     0.00     0.00    29.00    17.60    39.60    63.80   101.00   158.00   140.00   140.00     0.00     0.00     0.00     0.00     0.00    35.00    58.00     0.00     0.00     0.00     0.00    20.00    20.00    35.00    83.00    35.00     0.00     0.00    25.40    44.60     0.00     0.00     0.00     0.00     2.10     0.00     0.00     0.00     0.00     0.00     0.00     0.00     0.00     0.00     0.00     0.00     0.00     0.00     0.00     0.00     0.00     0.00     1.00     0.00     0.00     0.00     0.00     0.00     0.00   105.00   164.00    10.50   216.00     0.00    40.00     0.00     0.00     0.00     0.00     0.00     0.00     0.00     0.00     0.00     0.00     0.00     0.00     0.00     0.00    15.00     9.00     3.00     0.00     0.00     0.00     0.00     0.00     0.00     0.00     0.00     0.00     0.00     0.00     0.00     0.00    20.00    20.00    60.00     0.00    24.87     0.00     0.00     0.00     0.00     0.00   175.84   214.50   239.19     0.00     0.00     0.00     0.00     0.00     0.00    61.25   118.84   214.32    50.17    70.56   869.28     0.00
2027   2720.53   400.00   100.00    70.00     0.00   551.70    67.00   374.20   172.00     0.00     0.00     0.00     0.00     0.00     0.00     0.00     0.00     0.00     0.00     0.00     0.00     0.00     0.00     0.00     0.00     0.00     0.00     0.00     0.00     0.00    88.60   115.00    87.00    80.30    83.00     0.00     0.00    52.50     0.00     0.00     0.00     0.00     0.00     0.00     0.00     0.00     0.00     0.00     0.00     0.00     0.00     0.00     0.00     0.00     0.00     0.00     0.00     0.00     0.00     0.00     0.00     0.00     0.00    50.00    20.40     5.10     0.00   100.00     0.00     0.00    50.00    50.00     0.00     0.00     0.00     0.00     0.00     0.00     0.00     0.00     0.00     0.00     0.00     0.00   300.00     0.00     0.00     0.00     0.00     0.00     0.00     0.00     0.00     0.00     0.00     0.25    50.00    40.00    40.00    40.00    42.00    40.00    40.00    40.00    40.00     1.00    40.00     0.00    10.00    40.00     0.00     0.00     0.00     0.00     0.00     0.00     0.00     0.00     0.00     0.00     0.00     0.00   140.00    80.00     0.00     0.00     0.00     0.00     0.00     0.00     0.00     0.00     0.00     0.00     0.00   100.00     0.00     0.00     0.00     0.00     0.00     0.00    29.00    17.60    39.60    63.80   101.00   158.00   140.00   140.00     0.00     0.00     0.00     0.00     0.00    35.00    58.00     0.00     0.00     0.00     0.00    20.00    20.00    35.00    83.00    35.00     0.00     0.00    25.40    44.60     0.00     0.00     0.00     0.00     2.10     0.00     0.00     0.00     0.00     0.00     0.00     0.00     0.00     0.00     0.00     0.00     0.00    20.00     0.00     0.00     0.00    10.00     1.00     0.00     0.00     0.00     0.00     0.00     0.00   105.00   164.00    10.50   216.00     0.00    40.00     0.00     0.00     0.00     0.00     0.00     0.00     0.00     0.00     0.00     0.00     0.00     0.00     0.00    30.00    15.00     9.00     3.00     0.00     0.00     0.00     0.00     0.00     0.00     0.00     0.00     0.00     0.00     0.00     0.00     0.00    20.00    20.00    60.00     0.00    24.87     0.00     0.00     0.00     0.00     0.00   175.84   214.50   239.19     0.00     0.00     0.00     0.00     0.00     0.00    61.25   118.84   214.32    50.17    70.56   869.28     0.00
2028   2878.93   400.00   100.00    70.00     0.00   551.70    67.00   374.20   172.00     0.00     0.00     0.00     0.00     0.00     0.00     0.00     0.00     0.00     0.00     0.00     0.00     0.00     0.00     0.00     0.00     0.00     0.00     0.00     0.00     0.00    88.60   115.00    87.00    80.30    83.00     0.00     0.00    52.50     0.00     0.00     0.00     0.00     0.00     0.00     0.00     0.00     0.00     0.00     0.00     0.00     0.00     0.00     0.00     0.00     0.00     0.00     0.00     0.00     0.00     0.00     0.00     0.00    30.00    50.00    20.40     0.00     0.00   100.00    50.00   100.00    50.00    50.00    11.00     0.00     0.00     0.00     0.00     0.00     0.00     0.00    43.73     0.00     0.00     0.00   300.00     0.00     0.00     0.00     0.00     0.00     0.00     0.00     0.00     0.00     0.00     0.25    50.00    40.00    40.00    40.00    42.00    40.00    40.00    40.00    40.00     1.00    40.00     0.00    10.00    40.00     0.00     0.00     0.00     0.00     0.00     0.00     0.00     0.00     0.00     0.00     0.00     0.00   140.00    80.00     0.00     0.00     0.00     0.00     0.00     0.00     0.00     0.00     0.00     0.00     0.00   100.00     0.00     0.00     0.00     0.00     0.00     0.00    29.00    17.60    39.60    63.80     0.00   158.00   140.00   140.00     0.00     0.00     0.00     0.00     0.00    35.00    58.00     0.00     0.00     0.00     0.00    20.00    20.00    35.00    83.00    35.00     0.00     0.00    25.40    44.60     0.00     0.00     0.00     0.00     2.10     0.00     0.00     0.00     0.00     0.00     0.00     0.00     0.00     0.00     0.00     0.00     0.00    20.00     0.00     0.00     8.00    10.00     1.00     0.00     0.00     0.00     0.00     0.00     0.00   105.00   164.00    10.50    80.00     0.00    40.00     0.00     0.00     0.00     0.00     0.00     0.00     0.00     0.00     0.00     0.00     0.00     0.00    28.00    30.00    15.00     9.00     3.00     0.00     0.00     0.00     0.00     0.00     0.00     0.00     0.00     0.00     0.00     0.00     0.00     0.00    20.00    20.00    60.00     0.00    24.87     0.00     0.00     0.00     0.00     0.00   175.84   214.50   239.19     0.00     0.00     0.00     0.00     0.00     0.00    61.25   118.84   214.32    50.17    70.56   869.28     0.00
2029   3104.79   400.00   100.00    70.00     0.00   551.70    67.00   374.20   172.00     0.00     0.00     0.00     0.00     0.00     0.00     0.00     0.00     0.00     0.00     0.00     0.00     0.00     0.00     0.00     0.00     0.00     0.00     0.00     0.00     0.00    88.60   115.00    87.00    80.30    83.00     0.00     0.00     0.00     0.00     0.00     0.00     0.00     0.00     0.00     0.00     0.00     0.00     0.00     0.00     0.00     0.00     0.00     0.00     0.00     0.00     0.00     0.00     0.00     0.00     0.00     0.00     0.00    30.00    50.00    20.40     0.00     0.00   100.00    50.00   100.00    50.00    50.00    11.00     0.00     0.00     0.00     0.00     0.00     0.00     0.00   114.52     0.00     0.00     0.00   300.00     0.00     0.00     0.00     0.00     0.00     0.00     0.00     0.00     0.00     0.00     0.25    50.00    40.00    40.00    40.00    42.00    40.00    40.00    40.00    40.00     1.00    40.00     0.00    10.00    40.00     0.00     0.00     0.00     0.00     0.00     0.00     0.00     0.00     0.00     0.00     0.00     0.00   140.00    80.00     0.00     0.00     0.00     0.00     0.00     0.00     0.00     0.00     0.00     0.00     0.00   100.00     0.00     0.00     0.00     0.00     0.00     0.00    29.00    17.60    39.60    63.80     0.00   158.00   140.00   140.00   100.00     0.00     0.00     0.00     0.00    35.00    58.00     0.00     0.00     0.00     0.00    20.00    20.00    35.00    83.00    35.00     0.00     0.00    25.40    44.60     0.00     0.00     0.00     0.00     2.10     0.00     0.00     0.00     0.00     0.00     0.00     0.00     0.00     0.00     0.00     0.00     0.00    20.00     0.00     0.00     8.00    10.00     1.00     0.00     0.00     0.00     0.00     0.00     0.00   105.00   164.00    10.50    80.00     0.00    40.00     0.00     0.00     0.00     0.00     0.00     0.00     0.00     0.00     0.00     0.00     0.00    10.62    28.00    30.00    15.00     9.00     3.00     0.00     0.00     0.00     0.00     0.00     0.00     0.00     0.00     0.00     0.00     0.00     0.00     0.00    20.00    20.00    60.00     0.00    24.87     0.00     0.00     0.00     0.00     0.00   175.84   214.50   239.19     0.00     0.00     0.00     0.00     0.00     0.00    61.25   118.84   214.32    50.17    70.56   869.28     0.00
2030   3373.45   400.00   100.00    70.00     0.00   551.70    67.00   374.20   172.00     0.00     0.00     0.00     0.00     0.00     0.00     0.00     0.00     0.00     0.00     0.00     0.00     0.00     0.00     0.00     0.00     0.00     0.00     0.00   293.11     0.00     0.00   115.00    87.00    80.30    83.00     0.00     0.00     0.00     0.00     0.00     0.00     0.00     0.00     0.00     0.00     0.00     0.00     0.00     0.00     0.00     0.00     0.00     0.00     0.00     0.00     0.00     0.00     0.00     0.00     0.00     0.00     0.00    30.00    50.00    20.40     0.00     0.00   100.00    50.00   100.00    50.00    50.00    11.00     0.00     0.00     0.00     0.00     0.00     0.00     0.00   188.99     0.00     0.00     0.00   300.00     0.00     0.00     0.00     0.00     0.00     0.00     0.00     0.00     0.00     0.00     0.25    50.00    40.00    40.00    40.00    42.00    40.00    40.00    40.00    40.00     1.00    40.00     0.00    10.00    40.00     0.00     0.00     0.00     0.00     0.00     0.00     0.00     0.00     0.00     0.00     0.00     0.00   140.00    80.00     0.00     0.00     0.00     0.00     0.00     0.00     0.00     0.00     0.00     0.00     0.00   100.00     0.00     0.00     0.00     0.00     0.00     0.00    29.00    17.60    39.60    63.80     0.00   158.00   140.00   140.00   100.00     0.00     0.00     0.00     0.00    35.00    58.00     0.00     0.00     0.00     0.00    20.00    20.00    35.00    83.00    35.00     0.00     0.00    25.40    44.60     0.00     0.00     0.00     0.00     2.10     0.00     0.00     0.00     0.00     0.00     0.00     0.00     0.00     0.00     0.00     0.00     0.00    20.00     0.00    10.00     8.00    10.00     1.00     0.00     0.00     0.00     0.00     0.00     0.00   105.00   164.00    10.50    80.00     0.00    40.00     0.00     0.00     0.00     0.00     0.00     0.00     0.00     0.00     0.00     0.00     0.00    10.62    28.00    30.00    15.00     9.00     3.00     0.00     0.00     0.00     0.00     0.00     0.00     0.00     0.00     0.00     0.00     0.00     0.00     0.00    20.00    20.00    60.00     0.00    24.87     0.00     0.00     0.00     0.00     0.00   175.84   214.50   239.19     0.00     0.00     0.00     0.00     0.00     0.00    61.25   118.84   214.32    50.17    70.56   869.28     0.00
2031   3689.91   400.00   100.00    70.00     0.00   551.70    67.00   374.20   172.00     0.00     0.00     0.00     0.00     0.00     0.00     0.00     0.00     0.00     0.00     0.00     0.00     0.00     0.00     0.00     0.00     0.00     0.00     0.00   700.78     0.00     0.00     0.00    87.00    80.30    83.00     0.00     0.00     0.00     0.00     0.00     0.00     0.00     0.00     0.00     0.00     0.00     0.00     0.00     0.00     0.00     0.00     0.00     0.00     0.00     0.00     0.00     0.00     0.00     0.00     0.00     0.00     0.00    30.00    50.00    20.40     0.00     0.00   100.00    50.00   100.00    50.00    50.00    11.00     0.00     0.00     0.00     0.00     0.00     0.00     0.00   276.70     0.00     0.00     0.00   300.00     0.00     0.00     0.00     0.00     0.00     0.00     0.00     0.00     0.00     0.00     0.25    50.00    40.00    40.00    40.00    42.00    40.00    40.00    40.00    40.00     1.00    40.00     0.00    10.00    40.00     0.00     0.00     0.00     0.00     0.00     0.00     0.00     0.00     0.00     0.00     0.00     0.00   140.00    80.00     0.00     0.00     0.00     0.00     0.00     0.00     0.00     0.00     0.00     0.00     0.00   100.00     0.00     0.00     0.00     0.00     0.00     0.00    29.00    17.60    39.60    63.80     0.00   158.00   140.00   140.00   100.00     0.00     0.00     0.00     0.00    35.00    58.00     0.00     0.00     0.00     0.00    20.00    20.00    35.00    83.00    35.00     0.00     0.00    25.40    44.60     0.00     0.00     0.00     0.00     2.10     0.00     0.00     0.00     0.00     0.00     0.00     0.00     0.00     0.00     0.00     0.00     0.00    20.00     0.00    10.00     8.00    10.00     1.00     0.00     0.00     0.00     0.00     0.00     0.00   105.00   164.00    10.50    80.00     0.00     0.00     0.00     0.00     0.00     0.00     0.00     0.00     0.00     0.00     0.00     0.00     0.00    10.62    28.00    30.00    15.00     9.00     3.00     0.00     0.00     0.00     0.00     0.00     0.00     0.00     0.00     0.00     0.00     0.00     0.00     0.00    20.00    20.00    60.00     0.00    24.87     0.00     0.00     0.00     0.00     0.00   175.84   214.50   239.19     0.00     0.00     0.00     0.00     0.00     0.00    61.25   118.84   214.32    50.17    70.56   869.28     0.00
2032   4005.08   400.00   100.00    70.00     0.00   551.70    67.00   374.20   172.00     0.00     0.00     0.00     0.00     0.00     0.00     0.00     0.00     0.00     0.00     0.00     0.00     0.00     0.00     0.00     0.00     0.00     0.00     0.00   941.63     0.00     0.00     0.00    87.00    80.30    83.00     0.00     0.00     0.00     0.00     0.00     0.00     0.00     0.00     0.00     0.00     0.00     0.00     0.00     0.00     0.00     0.00     0.00     0.00     0.00     0.00     0.00     0.00     0.00     0.00     0.00     0.00     0.00    30.00    50.00    20.40     0.00     0.00   100.00    50.00   100.00    50.00    50.00    11.00     0.00     0.00     0.00     0.00     0.00     0.00     0.00   364.05     0.00     0.00     0.00   300.00     0.00     0.00     0.00     0.00     0.00     0.00     0.00     0.00     0.00     0.00     0.25    50.00    40.00    40.00    40.00    42.00    40.00    40.00    40.00    40.00     1.00    40.00     0.00    10.00    40.00     0.00     0.00     0.00     0.00     0.00     0.00     0.00     0.00     0.00     0.00     0.00     0.00   140.00    80.00     0.00     0.00     0.00     0.00     0.00     0.00     0.00     0.00     0.00     0.00     0.00   100.00     0.00     0.00     0.00     0.00     0.00     0.00    29.00    17.60    39.60    63.80     0.00   158.00   140.00   140.00   100.00     0.00     0.00     0.00     0.00    35.00    58.00     0.00     0.00     0.00     0.00    20.00    20.00    35.00    83.00    35.00     0.00     0.00    25.40    44.60     0.00     0.00     0.00     0.00     2.10     0.00     0.00     0.00     0.00     0.00     0.00     0.00     0.00     0.00     0.00     8.40     2.40    20.00     0.00    10.00     8.00    10.00     1.00     0.00     0.00     0.00     0.00     0.00     0.00   105.00   164.00    10.50    80.00     0.00     0.00     0.00     0.00     0.00     0.00     0.00     0.00     0.00     0.00     0.00     0.00     0.00    10.62    28.00    30.00    15.00     9.00     3.00     0.00     0.00     0.00     0.00     0.00     0.00     0.00     0.00     0.00     0.00     0.00     0.00     0.00    20.00    20.00    60.00     0.00    24.87     0.00     0.00     0.00     0.00     0.00   175.84   214.50   239.19     0.00     0.00     0.00     0.00     0.00     0.00    61.25   118.84   214.32    50.17    70.56   869.28     0.00
2033   4288.90   400.00   100.00    70.00     0.00   551.70    67.00   374.20   172.00     0.00     0.00     0.00     0.00     0.00     0.00     0.00     0.00     0.00     0.00     0.00     0.00     0.00     0.00     0.00     0.00     0.00     0.00     0.00  1165.24     0.00     0.00     0.00    87.00    80.30    83.00     0.00     0.00     0.00     0.00     0.00     0.00     0.00     0.00     0.00     0.00     0.00     0.00     0.00     0.00     0.00     0.00     0.00     0.00     0.00     0.00     0.00     0.00     0.00     0.00     0.00     0.00     0.00    30.00    50.00    20.40     0.00     0.00   100.00    50.00   100.00    50.00    50.00    11.00     0.00     0.00     0.00     0.00     0.00     0.00     0.00   442.71     0.00     0.00     0.00   300.00     0.00     0.00     0.00     0.00     0.00     0.00     0.00     0.00     0.00     0.00     0.25    50.00    40.00    40.00    40.00    42.00    40.00    40.00    40.00    40.00     1.00    40.00     0.00    10.00    40.00     0.00     0.00     0.00     0.00     0.00     0.00     0.00     0.00     0.00     0.00     0.00     0.00   140.00    80.00     0.00     0.00     0.00     0.00     0.00     0.00     0.00     0.00     0.00     0.00     0.00   100.00     0.00     0.00     0.00     0.00     0.00     0.00    29.00    17.60    39.60    63.80     0.00   158.00   140.00   140.00   100.00     0.00     0.00     0.00     0.00    35.00    58.00     0.00     0.00     0.00     0.00    20.00    20.00    35.00    83.00    35.00     0.00     0.00    25.40    44.60     0.00     0.00     0.00     0.00     2.10     0.00     0.00     0.00     0.00     0.00     0.00     0.00     0.00     0.00     3.00     8.40     2.40    20.00     0.00    10.00     8.00    10.00     1.00     0.00     0.00     0.00     0.00     0.00     0.00   105.00   164.00    10.50    80.00     0.00     0.00     0.00     0.00     0.00     0.00     0.00     0.00     0.00     0.00     0.00     0.00     0.00    10.62    28.00    30.00    15.00     9.00     3.00     0.00     0.00     0.00     0.00     0.00     0.00     0.00     0.00     0.00     0.00     0.00     0.00     0.00    20.00    20.00    60.00     0.00    24.87     0.00     0.00     0.00     0.00     0.00   175.84   214.50   239.19     0.00     0.00     0.00     0.00     0.00     0.00    61.25   118.84   214.32    50.17    70.56   869.28     0.00
2034   4590.65   400.00   100.00    70.00     0.00   551.70    67.00   374.20   172.00     0.00     0.00     0.00     0.00     0.00     0.00     0.00     0.00     0.00     0.00     0.00     0.00     0.00     0.00     0.00     0.00     0.00     0.00     0.00  1567.17     0.00     0.00     0.00     0.00     0.00    83.00     0.00     0.00     0.00     0.00     0.00     0.00     0.00     0.00     0.00     0.00     0.00     0.00     0.00     0.00     0.00     0.00     0.00     0.00     0.00     0.00     0.00     0.00     0.00     0.00     0.00     0.00     0.00    30.00    50.00    20.40     0.00     0.00   100.00    50.00   100.00    50.00    50.00    11.00     0.00     0.00     0.00     0.00     0.00     0.00     0.00   526.35     0.00     0.00     0.00   300.00     0.00     0.00     0.00     0.00     0.00     0.00     0.00     0.00     0.00     0.00     0.25    50.00    40.00    40.00    40.00    42.00    40.00    40.00    40.00    40.00     1.00    40.00     0.00    10.00    40.00     0.00     0.00     0.00     0.00     0.00     0.00     0.00     0.00     0.00     0.00     0.00     0.00   140.00    80.00     0.00     0.00     0.00     0.00     0.00     0.00     0.00     0.00     0.00     0.00     0.00   100.00     0.00     0.00     0.00     0.00     0.00     0.00    29.00    17.60    39.60    63.80     0.00   158.00   140.00   140.00   100.00     0.00     0.00     0.00     0.00    35.00    58.00     0.00     0.00     0.00     0.00    20.00    20.00    35.00    83.00    35.00     0.00     0.00    25.40    44.60     0.00     0.00     0.00     0.00     2.10     0.00     0.00     0.00     0.00     0.00     0.00     0.00     0.30     6.00     3.00     8.40     2.40    20.00     0.00    10.00     8.00    10.00     1.00     0.00     0.00     0.00     0.00     0.00     0.00   105.00   164.00    10.50    80.00     0.00     0.00     0.00     0.00     0.00     0.00     0.00     0.00     0.00     0.00     0.00     0.00     0.00    10.62    28.00    30.00    15.00     9.00     3.00     0.00     0.00     0.00     0.00     0.00     0.00     0.00     0.00     0.00     0.00     0.00     0.00     0.00    20.00    20.00    60.00     0.00    24.87     0.00     0.00     0.00     0.00     0.00   175.84   214.50   239.19     0.00     0.00     0.00     0.00     0.00     0.00    61.25   118.84   214.32    50.17    70.56   869.28     0.00
2035   4906.95   400.00   100.00    70.00     0.00   551.70    67.00   374.20   172.00     0.00     0.00     0.00     0.00     0.00     0.00     0.00     0.00     0.00     0.00     0.00     0.00     0.00     0.00     0.00     0.00     0.00     0.00     0.00  1902.72     0.00     0.00     0.00     0.00     0.00     0.00     0.00     0.00     0.00     0.00     0.00     0.00     0.00     0.00     0.00     0.00     0.00     0.00     0.00     0.00     0.00     0.00     0.00     0.00     0.00     0.00     0.00     0.00     0.00   103.59     0.00     0.00     0.00    30.00    50.00     0.00     0.00     0.00   100.00    50.00   100.00    50.00    50.00    11.00     0.00     0.00     0.00     0.00     0.00     0.00     0.00   526.35     0.00     0.00     0.00   300.00     0.00     0.00     0.00     0.00     0.00     0.00     0.00     0.00     0.00     0.00     0.25    50.00    40.00    40.00    40.00    42.00    40.00    40.00    40.00    40.00     1.00    40.00     0.00    10.00    40.00     0.00     0.00     0.00     0.00     0.00     0.00     0.00     0.00     0.00     0.00     0.00     0.00   140.00    80.00     0.00     0.00     0.00     0.00     0.00     0.00     0.00     0.00     0.00     0.00     0.00   100.00     0.00     0.00     0.00     0.00     0.00     0.00    29.00    17.60    39.60    63.80     0.00   158.00   140.00   140.00   100.00     0.00     0.00     0.00     0.00    35.00    58.00     0.00     0.00     0.00     0.00    20.00    20.00    35.00    83.00    35.00     0.00     0.00    25.40    44.60     0.00     0.00     0.00     0.00     2.10     0.00     0.00     0.00     0.00     0.00     0.00     0.00     0.30     6.00     3.00     8.40     2.40    20.00     0.00    10.00     8.00    10.00     1.00     0.00     0.00     0.00     0.00     0.00     0.00   105.00   164.00    10.50    80.00     0.00     0.00     0.00     0.00     0.00     0.00     0.00     0.00     0.00     0.00     0.00     0.00     0.00    10.62    28.00    30.00    15.00     9.00     3.00     0.00     0.00     0.00     0.00     0.00     0.00     0.00     0.00     0.00     0.00     0.00     0.00     0.00    20.00    20.00    60.00     0.00    24.87     0.00     0.00     0.00     0.00     0.00   175.84   214.50   239.19     0.00     0.00     0.00     0.00     0.00     0.00    61.25   118.84   214.32    50.17    70.56   869.28     0.00
2036   5215.60   400.00   100.00    70.00     0.00   551.70    67.00   374.20   172.00     0.00     0.00     0.00     0.00     0.00     0.00     0.00     0.00     0.00     0.00     0.00     0.00     0.00     0.00     0.00     0.00     0.00     0.00     0.00  2148.36     0.00     0.00     0.00     0.00     0.00     0.00     0.00     0.00     0.00     0.00     0.00     0.00     0.00     0.00     0.00     0.00     0.00     0.00     0.00     0.00     0.00     0.00     0.00     0.00     0.00     0.00     0.00     0.00     0.00   189.13     0.00     0.00     0.00    30.00    50.00     0.00     0.00     0.00   100.00    50.00   100.00    50.00    50.00    11.00     0.00     0.00     0.00     0.00     0.00     0.00     0.00   526.35     0.00     0.00     0.00   300.00     0.00     0.00     0.00     0.00     0.00     0.00     0.00     0.00     0.00     0.00     0.25    50.00    40.00    40.00    40.00    42.00    40.00    40.00    40.00    40.00     1.00    40.00     0.00    10.00    40.00     0.00     0.00     0.00     0.00     0.00     0.00     0.00     0.00     0.00     0.00     0.00     0.00   140.00    80.00     0.00     0.00     0.00     0.00     0.00     0.00     0.00     0.00     0.00     0.00     0.00   100.00     0.00     0.00     0.00     0.00     0.00     0.00    29.00    17.60    39.60    63.80     0.00   158.00   140.00   140.00   100.00     0.00     0.00     0.00     0.00    35.00    58.00     0.00     0.00     0.00     0.00    20.00    20.00    35.00    83.00    35.00     0.00     0.00    25.40    44.60     0.00     0.00     0.00     0.00     2.10     0.00     0.00     0.00     0.00     0.00     0.00     0.00     0.30     6.00     3.00     8.40     2.40    20.00     0.00    10.00     8.00    10.00     1.00     0.00     0.00     0.00     0.00     0.00     0.00   105.00   164.00    10.50    80.00     0.00     0.00     0.00     0.00     0.00     0.00     0.00     0.00     0.00     0.00     0.00     0.00     0.00    10.62    28.00    30.00    15.00     9.00     3.00     0.00     0.00     0.00     0.00     0.00     0.00     0.00     0.00     0.00     0.00     0.00     0.00     0.00    20.00    20.00    60.00     0.00    24.87     0.00     0.00     0.00     0.00     0.00   175.84   214.50   239.19     3.16     3.16     0.00     0.00     0.00     0.00    61.25   118.84   214.32    50.17    70.56   869.28     0.00
2037   5561.53   400.00   100.00    70.00     0.00   551.70    67.00   374.20   172.00     0.00     0.00     0.00     0.00     0.00     0.00     0.00     0.00     0.00     0.00     0.00     0.00     0.00     0.00     0.00     0.00     0.00     0.00     0.00  2416.61     0.00     0.00     0.00     0.00     0.00     0.00     0.00     0.00     0.00     0.00     0.00     0.00     0.00     0.00     0.00     0.00     0.00     0.00     0.00     0.00     0.00     0.00     0.00     0.00     0.00     0.00     0.00     0.00     0.00   200.00     0.00     0.00     0.00    30.00    50.00     0.00     0.00     0.00   100.00    50.00   100.00    50.00    50.00    11.00     0.00     0.00     0.00     0.00     0.00     0.00     0.00   611.36     0.00     0.00     0.00   300.00     0.00     0.00     0.00     0.00     0.00     0.00     0.00     0.00     0.00     0.00     0.25    50.00    40.00    40.00    40.00    42.00    40.00    40.00    40.00    40.00     1.00    40.00     0.00    10.00    40.00     0.00     0.00     0.00     0.00     0.00     0.00     0.00     0.00     0.00     0.00     0.00     0.00   140.00    80.00     0.00     0.00     0.00     0.00     0.00     0.00     0.00     0.00     0.00     0.00     0.00   100.00     0.00     0.00     0.00     0.00     0.00     0.00    29.00    17.60    39.60    63.80     0.00   158.00   140.00   140.00   100.00     0.00     0.00     0.00     0.00    35.00    58.00     0.00     0.00     0.00     0.00    20.00    20.00    35.00    83.00    35.00     0.00     0.00    25.40    44.60     0.00     0.00     0.00     0.00     0.00     0.00     0.00     0.00     0.00     0.00     0.00     0.00     0.30     6.00     3.00     8.40     2.40    20.00     0.00    10.00     8.00    10.00     1.00     0.00     0.00     0.00     0.00     0.00     0.00   105.00   164.00    10.50    80.00     0.00     0.00     0.00     0.00     0.00     0.00     0.00     0.00     0.00     0.00     0.00     0.00     0.00    10.62    28.00    30.00    15.00     9.00     3.00     0.00     0.00     0.00     0.00     0.00     0.00     0.00     0.00     0.00     0.00     0.00     0.00     0.00    20.00    20.00    60.00     0.00    24.87     0.00     0.00     0.00     0.00     0.00   175.84   214.50   239.19    43.43    43.43     0.00     0.00     0.00     0.00    61.25   118.84   214.32    50.17    70.56   869.28     0.00
2038   5919.65   400.00   100.00    70.00     0.00   551.70    67.00   374.20   172.00     0.00     0.00     0.00     0.00     0.00     0.00     0.00     0.00     0.00     0.00     0.00     0.00     0.00     0.00     0.00     0.00     0.00     0.00     0.00  2898.10     0.00     0.00     0.00     0.00     0.00     0.00     0.00     0.00     0.00     0.00     0.00     0.00     0.00     0.00     0.00     0.00     0.00     0.00     0.00     0.00     0.00     0.00     0.00     0.00     0.00     0.00     0.00     0.00     0.00   200.00     0.00     0.00     0.00    30.00    50.00     0.00     0.00     0.00   100.00    50.00   100.00    50.00    50.00    11.00     0.00     0.00     0.00     0.00     0.00     0.00     0.00   959.72     0.00     0.00     0.00     0.00     0.00     0.00     0.00     0.00     0.00     0.00     0.00     0.00     0.00     0.00     0.00     0.00    40.00    40.00    40.00    42.00    40.00    40.00    40.00    40.00     1.00    40.00     0.00    10.00    40.00     0.00     0.00     0.00     0.00     0.00     0.00     0.00     0.00     0.00     0.00     0.00     0.00   140.00    80.00     0.00     0.00     0.00     0.00     0.00     0.00     0.00     0.00     0.00     0.00     0.00   100.00     0.00     0.00     0.00     0.00     0.00     0.00    29.00    17.60     0.00    63.80     0.00   158.00   140.00   140.00   100.00     0.00     0.00     0.00     0.00    35.00    58.00     0.00     0.00     0.00     0.00    20.00    20.00    35.00    83.00    35.00     0.00     0.00    25.40    44.60     0.00     0.00     0.00     0.00     0.00     0.00     0.00     0.00     0.00     0.00     0.00     0.00     0.30     6.00     3.00     8.40     2.40    20.00     0.00    10.00     8.00    10.00     1.00     0.00     0.00     0.00     0.00     0.00     0.00   105.00     0.00    10.50    80.00     0.00     0.00     0.00     0.00     0.00     0.00     0.00     0.00     0.00     0.00     0.00     0.00     0.00    10.62    28.00    30.00    15.00     9.00     3.00     0.00     0.00     0.00     0.00     0.00     0.00     0.00     0.00     0.00     0.00     0.00     0.00     0.00    20.00    20.00    60.00     0.00    24.87     0.00     0.00     0.00     0.00     0.00   175.84   214.50   239.19    75.58    75.58     0.00     0.00     0.00     0.00    61.25   118.84   214.32    50.17    70.56   869.28     0.00
2039   6297.53   400.00   100.00    70.00     0.00   551.70    67.00   374.20   172.00     0.00     0.00     0.00     0.00     0.00     0.00     0.00     0.00     0.00     0.00     0.00     0.00     0.00     0.00     0.00     0.00     0.00     0.00     0.00  3529.00     0.00     0.00     0.00     0.00     0.00     0.00     0.00     0.00     0.00     0.00     0.00     0.00     0.00     0.00     0.00     0.00     0.00     0.00     0.00     0.00     0.00     0.00     0.00     0.00     0.00     0.00     0.00     0.00     0.00   200.00     0.00     0.00     0.00    30.00    50.00     0.00     0.00     0.00   100.00    50.00   100.00    50.00    50.00    11.00     0.00     0.00     0.00     0.00     0.00     0.00     0.00  1064.45     0.00     0.00     0.00     0.00     0.00     0.00     0.00     0.00     0.00     0.00     0.00     0.00     0.00     0.00     0.00     0.00    40.00    40.00    40.00    42.00    40.00    40.00    40.00    40.00     1.00    40.00     0.00    10.00    40.00     0.00     0.00     0.00     0.00     0.00     0.00     0.00     0.00     0.00     0.00     0.00     0.00   140.00    80.00     0.00     0.00     0.00     0.00     0.00     0.00     0.00     0.00     0.00     0.00     0.00   100.00     0.00     0.00     0.00     0.00     0.00     0.00    29.00     0.00     0.00    63.80     0.00   158.00     0.00     0.00   100.00     0.00     0.00     0.00     0.00    35.00    58.00     0.00     0.00     0.00     0.00    20.00    20.00    35.00    83.00    35.00     0.00     0.00    25.40     0.00     0.00     0.00     0.00     0.00     0.00     0.00     0.00     0.00     0.00     0.00     0.00     0.00     0.30     6.00     3.00     8.40     2.40    20.00     0.00    10.00     8.00    10.00     1.00     0.00     0.00     0.00     0.00     0.00     0.00   105.00     0.00    10.50    80.00     0.00     0.00     0.00     0.00     0.00     0.00     0.00     0.00     0.00     0.00     0.00     0.00     0.00    10.62    28.00    30.00    15.00     9.00     3.00     0.00     0.00     0.00     0.00     0.00     0.00     0.00     0.00     0.00     0.00     0.00     0.00     0.00    20.00    20.00    60.00     0.00    24.87     0.00     0.00     0.00     0.00     0.00   175.84   214.50   239.19   127.67   127.67     0.00     0.00     0.00     0.00    61.25   118.84   214.32    50.17    70.56   869.28     0.00
2040   6696.37   400.00   100.00    70.00     0.00   551.70    67.00   374.20   172.00     0.00     0.00     0.00     0.00     0.00     0.00     0.00     0.00     0.00     0.00     0.00     0.00     0.00     0.00     0.00     0.00     0.00     0.00     0.00  3861.05     0.00     0.00     0.00     0.00     0.00     0.00     0.00     0.00     0.00     0.00     0.00     0.00     0.00     0.00     0.00     0.00     0.00     0.00     0.00     0.00     0.00     0.00     0.00     0.00     0.00     0.00     0.00     0.00     0.00   200.00     0.00     0.00     0.00    30.00    50.00     0.00     0.00     0.00   100.00    50.00   100.00    50.00    50.00    11.00     0.00     0.00     0.00     0.00     0.00     0.00     0.00  1175.00     0.00     0.00     0.00     0.00     0.00     0.00     0.00     0.00     0.00     0.00     0.00     0.00     0.00     0.00     0.00     0.00    40.00    40.00    40.00    42.00    40.00    40.00    40.00    40.00     1.00    40.00     0.00    10.00    40.00     0.00     0.00     0.00     0.00     0.00     0.00     0.00     0.00     0.00     0.00     0.00     0.00   140.00    80.00     0.00     0.00     0.00     0.00     0.00     0.00     0.00     0.00     0.00     0.00     0.00   100.00     0.00     0.00     0.00     0.00     0.00     0.00    29.00     0.00     0.00    63.80     0.00   158.00     0.00     0.00   100.00     0.00     0.00     0.00     0.00    35.00    58.00     0.00     0.00     0.00     0.00    20.00    20.00    35.00    83.00    35.00     0.00     0.00     0.00     0.00     0.00     0.00     0.00     0.00     0.00     0.00     0.00     0.00     0.00     0.00     0.00     0.00     0.30     6.00     3.00     8.40     2.40    20.00     0.00    10.00     8.00    10.00     1.00     0.00     0.00     0.00     0.00     0.00     0.00   105.00     0.00    10.50    80.00     0.00     0.00     0.00     0.00     0.00     0.00     0.00     0.00     0.00     0.00     0.00     0.00     0.00    10.62    28.00    30.00    15.00     9.00     3.00     0.00     0.00     0.00     0.00     0.00     0.00     0.00     0.00     0.00     0.00     0.00     0.00     0.00    20.00    20.00    60.00     0.00    24.87     0.00     0.00     0.00     0.00     0.00   175.84   214.50   239.19   174.87   174.87     0.00     0.00     0.00     0.00    61.25   118.84   214.32    50.17    70.56   869.28     0.00
2041   6696.37   400.00   100.00    70.00     0.00   551.70    67.00   374.20   172.00     0.00     0.00     0.00     0.00     0.00     0.00     0.00     0.00     0.00     0.00     0.00     0.00     0.00     0.00     0.00     0.00     0.00     0.00     0.00  4005.42     0.00     0.00     0.00     0.00     0.00     0.00     0.00     0.00     0.00     0.00     0.00     0.00     0.00     0.00     0.00     0.00     0.00     0.00     0.00     0.00     0.00     0.00     0.00     0.00     0.00     0.00     0.00     0.00     0.00   200.00     0.00     0.00     0.00    30.00    50.00     0.00     0.00     0.00     0.00    50.00   100.00    50.00    50.00    11.00     0.00     0.00     0.00     0.00     0.00     0.00     0.00  1282.58     0.00     0.00     0.00     0.00     0.00     0.00     0.00     0.00     0.00     0.00     0.00     0.00     0.00     0.00     0.00     0.00    40.00    40.00    40.00    42.00     0.00     0.00    40.00    40.00     1.00    40.00     0.00    10.00     0.00     0.00     0.00     0.00     0.00     0.00     0.00     0.00     0.00     0.00     0.00     0.00     0.00   140.00    80.00     0.00     0.00     0.00     0.00     0.00     0.00     0.00     0.00     0.00     0.00     0.00   100.00     0.00     0.00     0.00     0.00     0.00     0.00     0.00     0.00     0.00    63.80     0.00   158.00     0.00     0.00   100.00     0.00     0.00     0.00     0.00    35.00    58.00     0.00     0.00     0.00     0.00    20.00    20.00    35.00    83.00    35.00     0.00     0.00     0.00     0.00     0.00     0.00     0.00     0.00     0.00     0.00     0.00     0.00     0.00     0.00     0.00     0.00     0.30     6.00     3.00     8.40     2.40    20.00     0.00    10.00     8.00    10.00     1.00     0.00     0.00     0.00     0.00     0.00     0.00     0.00     0.00    10.50    80.00     0.00     0.00     0.00     0.00     0.00     0.00     0.00     0.00     0.00     0.00     0.00     0.00     0.00    10.62    28.00    30.00    15.00     9.00     3.00     0.00     0.00     0.00     0.00     0.00     0.00     0.00     0.00     0.00     0.00     0.00     0.00     0.00    20.00    20.00    60.00     0.00    24.87     0.00     0.00     0.00     0.00     0.00   175.84   214.50   239.19   179.16   179.16     0.00     0.00     0.00     0.00    61.25   118.84   214.32    50.17    70.56   869.28     0.00
2042   6696.37   400.00   100.00    70.00     0.00   551.70    67.00   374.20   172.00     0.00     0.00     0.00     0.00     0.00     0.00     0.00     0.00     0.00     0.00     0.00     0.00     0.00     0.00     0.00     0.00     0.00     0.00     0.00  4005.42     0.00     0.00     0.00     0.00     0.00     0.00     0.00     0.00     0.00     0.00     0.00     0.00     0.00     0.00     0.00     0.00     0.00     0.00     0.00     0.00     0.00     0.00     0.00     0.00     0.00     0.00     0.00     0.00     0.00   200.00     0.00     0.00     0.00    30.00    50.00     0.00     0.00     0.00     0.00    50.00   100.00    50.00    50.00    11.00     0.00     0.00     0.00     0.00     0.00     0.00     0.00  1286.32     0.00     0.00     0.00     0.00     0.00     0.00     0.00     0.00     0.00     0.00     0.00     0.00     0.00     0.00     0.00     0.00    40.00    40.00    40.00    42.00     0.00     0.00     0.00    40.00     1.00    40.00     0.00    10.00     0.00     0.00     0.00     0.00     0.00     0.00     0.00     0.00     0.00     0.00     0.00     0.00     0.00   140.00    80.00     0.00     0.00     0.00     0.00     0.00     0.00     0.00     0.00     0.00     0.00     0.00   100.00     0.00     0.00     0.00     0.00     0.00     0.00     0.00     0.00     0.00    63.80     0.00   158.00     0.00     0.00   100.00     0.00     0.00     0.00     0.00    35.00    58.00     0.00     0.00     0.00     0.00    20.00    20.00    35.00    83.00    35.00     0.00     0.00     0.00     0.00     0.00     0.00     0.00     0.00     0.00     0.00     0.00     0.00     0.00     0.00     0.00     0.00     0.30     6.00     3.00     8.40     2.40    20.00     0.00    10.00     8.00    10.00     1.00     0.00     0.00     0.00     0.00     0.00     0.00     0.00     0.00    10.50    80.00     0.00     0.00     0.00     0.00     0.00     0.00     0.00     0.00     0.00     0.00     0.00     0.00     0.00    10.62    28.00    30.00    15.00     9.00     3.00     0.00     0.00     0.00     0.00     0.00     0.00     0.00     0.00     0.00     0.00     0.00     0.00     0.00    20.00    20.00    60.00     0.00    24.87     0.00     0.00     0.00     0.00     0.00   175.84   214.50   239.19   179.16   179.16     0.00     0.00     0.00     0.00    61.25   118.84   214.32    50.17    70.56   869.28     0.00
2043   6696.37   400.00   100.00    70.00     0.00   551.70    67.00   374.20   172.00     0.00     0.00     0.00     0.00     0.00     0.00     0.00     0.00     0.00     0.00     0.00     0.00     0.00     0.00     0.00     0.00     0.00     0.00     0.00  4057.78     0.00     0.00     0.00     0.00     0.00     0.00     0.00     0.00     0.00     0.00     0.00     0.00     0.00     0.00     0.00     0.00     0.00     0.00     0.00     0.00     0.00     0.00     0.00     0.00     0.00     0.00     0.00     0.00     0.00   200.00     0.00     0.00     0.00    30.00    50.00     0.00     0.00     0.00     0.00    50.00   100.00    50.00    50.00    11.00     0.00     0.00     0.00     0.00     0.00     0.00     0.00  1299.03     0.00     0.00     0.00     0.00     0.00     0.00     0.00     0.00     0.00     0.00     0.00     0.00     0.00     0.00     0.00     0.00    40.00    40.00    40.00    42.00     0.00     0.00     0.00    40.00     0.00    40.00     0.00    10.00     0.00     0.00     0.00     0.00     0.00     0.00     0.00     0.00     0.00     0.00     0.00     0.00     0.00   140.00    80.00     0.00     0.00     0.00     0.00     0.00     0.00     0.00     0.00     0.00     0.00     0.00   100.00     0.00     0.00     0.00     0.00     0.00     0.00     0.00     0.00     0.00     0.00     0.00   158.00     0.00     0.00   100.00     0.00     0.00     0.00     0.00    35.00    58.00     0.00     0.00     0.00     0.00    20.00    20.00    35.00    83.00    35.00     0.00     0.00     0.00     0.00     0.00     0.00     0.00     0.00     0.00     0.00     0.00     0.00     0.00     0.00     0.00     0.00     0.30     6.00     3.00     8.40     2.40    20.00     0.00    10.00     8.00    10.00     0.00     0.00     0.00     0.00     0.00     0.00     0.00     0.00     0.00    10.50    80.00     0.00     0.00     0.00     0.00     0.00     0.00     0.00     0.00     0.00     0.00     0.00     0.00     0.00    10.62    28.00    30.00    15.00     9.00     3.00     0.00     0.00     0.00     0.00     0.00     0.00     0.00     0.00     0.00     0.00     0.00     0.00     0.00    20.00    20.00    60.00     0.00    24.87     0.00     0.00     0.00     0.00     0.00   175.84   214.50   239.19   179.16   179.16     0.00     0.00     0.00     0.00    61.25   118.84   214.32    50.17    70.56   869.28     0.00
2044   6696.37   400.00   100.00    70.00     0.00   551.70    67.00   374.20   172.00     0.00     0.00     0.00     0.00     0.00     0.00     0.00     0.00     0.00     0.00     0.00     0.00     0.00     0.00     0.00     0.00     0.00     0.00     0.00  4216.78     0.00     0.00     0.00     0.00     0.00     0.00     0.00     0.00     0.00     0.00     0.00     0.00     0.00     0.00     0.00     0.00     0.00     0.00     0.00     0.00     0.00     0.00     0.00     0.00     0.00     0.00     0.00     0.00     0.00   200.00     0.00     0.00     0.00    30.00    50.00     0.00     0.00     0.00     0.00    50.00   100.00    50.00    50.00    11.00     0.00     0.00     0.00     0.00     0.00     0.00     0.00  1299.35     0.00     0.00     0.00     0.00     0.00     0.00     0.00     0.00     0.00     0.00     0.00     0.00     0.00     0.00     0.00     0.00    40.00     0.00    40.00    42.00     0.00     0.00     0.00    40.00     0.00    40.00     0.00    10.00     0.00     0.00     0.00     0.00     0.00     0.00     0.00     0.00     0.00     0.00     0.00     0.00     0.00   140.00    80.00     0.00     0.00     0.00     0.00     0.00     0.00     0.00     0.00     0.00     0.00     0.00   100.00     0.00     0.00     0.00     0.00     0.00     0.00     0.00     0.00     0.00     0.00     0.00     0.00     0.00     0.00   100.00     0.00     0.00     0.00     0.00    35.00    58.00     0.00     0.00     0.00     0.00    20.00    20.00    35.00    83.00    35.00     0.00     0.00     0.00     0.00     0.00     0.00     0.00     0.00     0.00     0.00     0.00     0.00     0.00     0.00     0.00     0.00     0.30     6.00     3.00     8.40     2.40    20.00     0.00    10.00     8.00    10.00     0.00     0.00     0.00     0.00     0.00     0.00     0.00     0.00     0.00    10.50    80.00     0.00     0.00     0.00     0.00     0.00     0.00     0.00     0.00     0.00     0.00     0.00     0.00     0.00    10.62    28.00    30.00    15.00     9.00     3.00     0.00     0.00     0.00     0.00     0.00     0.00     0.00     0.00     0.00     0.00     0.00     0.00     0.00    20.00    20.00    60.00     0.00    24.87     0.00     0.00     0.00     0.00     0.00   175.84   214.50   239.19   179.16   179.16     0.00     0.00     0.00     0.00    61.25   118.84   214.32    50.17    70.56   869.28     0.00
2045   6696.37   400.00   100.00    70.00     0.00   551.70    67.00   374.20   172.00     0.00     0.00     0.00     0.00     0.00     0.00     0.00     0.00     0.00     0.00     0.00     0.00     0.00     0.00     0.00     0.00     0.00     0.00     0.00  4216.78     0.00     0.00     0.00     0.00     0.00     0.00     0.00     0.00     0.00     0.00     0.00     0.00     0.00     0.00     0.00     0.00     0.00     0.00     0.00     0.00     0.00     0.00     0.00     0.00     0.00     0.00     0.00     0.00     0.00   200.00     0.00     0.00     0.00    30.00     0.00     0.00     0.00     0.00     0.00    50.00   100.00     0.00     0.00    11.00     0.00     0.00     0.00     0.00     0.00     0.00     0.00  1299.78     0.00     0.00     0.00     0.00     0.00     0.00     0.00     0.00     0.00     0.00     0.00     0.00     0.00     7.36     0.00     0.00    40.00     0.00     0.00    42.00     0.00     0.00     0.00    40.00     0.00    40.00    30.00    10.00     0.00     0.00     0.00     0.00     0.00     0.00     0.00     0.00     0.00     0.00     0.00     0.00     0.00   140.00    80.00     0.00     0.00     0.00     0.00     0.00     0.00     0.00     0.00     0.00     0.00     0.00   100.00     0.00     0.00     0.00     0.00     0.00     0.00     0.00     0.00     0.00     0.00     0.00     0.00     0.00     0.00   100.00     0.00     0.00     0.00     0.00    35.00    58.00     0.00     0.00     0.00     0.00    20.00    20.00    35.00    83.00    35.00     0.00     0.00     0.00     0.00     0.00     0.00     0.00     0.00     0.00     0.00     0.00     0.00     0.00     0.00     0.00     0.00     0.30     6.00     3.00     8.40     2.40    20.00     0.00    10.00     8.00    10.00     0.00     0.00     0.00     0.00     0.00     0.00     0.00     0.00     0.00    10.50    80.00     0.00     0.00     0.00     0.00     0.00     0.00     0.00     0.00     0.00     0.00     0.00     0.00     0.00    10.62    28.00    30.00    15.00     9.00     3.00     0.00     0.00     0.00     0.00     0.00     0.00     0.00     0.00     0.00     0.00     0.00     0.00     0.00    20.00    20.00    60.00     0.00    24.87     0.00     0.00     0.00     0.00     0.00   175.84   214.50   239.19   179.16   179.16     0.00     0.00     0.00     0.00    61.25   118.84   214.32    50.17    70.56   869.28     0.00
