"KEa, Highdemand"
"Table 1:"		"KEa - Highdemand"
"Aug 19, 2024 23:48"		"Objective"
	Obj
2022	28215400.000000
2023	0.000000
2024	0.000000
2025	0.000000
2026	0.000000
2027	0.000000
2028	0.000000
2029	0.000000
2030	0.000000
2031	0.000000
2032	0.000000
2033	0.000000
2034	0.000000
2035	0.000000
2036	0.000000
2037	0.000000
2038	0.000000
2039	0.000000
2040	0.000000
2041	0.000000
2042	0.000000
2043	0.000000
2044	0.000000
2045	0.000000

" "
"Table 2:"		"KEa - Highdemand"
"Aug 19, 2024 23:48"		"KEaOutput"
	KEEL00T00_01	KEEL00i00_HVDC_01	KEEL00i00_TANESCO_01	KEEL00i00_TANESCO_02	KEEL00i00_UETCL_01	KEEL00i00_UETCL_02	KEEL00i00_01	KEEL00TDI_01	KEEL00TDR_01	KEEL00TDU_01	KEEL00TDC_01	KEEL00TUI_01	KEEL00TUR_01	KEEL00TUS_01	KEEL00TUU_01	KEEL00TUC_01	KEDS00I00_01	KENU00I00_01	KEGE00I00_01	KEGE00I00_Generic_01	KEGE00I00_steam_01	KEDSRC00_01	KEDSRC01_Tsavo_Extended_01	KEDSSC00_01	KEDSRI00_01	KEDSRU00_01	KEDSRB00_01	KEDSRR00_01	KEHF00I00_NAIROBI_01	KEHF00I00_01	KEHFRC00_01	KEHFRC01_Tsavo_01	KEHFRC01_Rabai_01	KEHFRC01_Kipevu_III_01	KEHFRC10_Thika_01	KEHFRC10_Gulf_01	KEHFRC10_Triumph_01	KEHFRC03_01	KEHFRC10_01	KEHFRC02_01	KEHFRC01_01	KECO00X00_01	KECOSC00_01	KECOSC11_01	KENG00I00_LNG_01	KENG00I00_01	KENGSC00_01	KENGSC12_Dongo_Kundu_01	KENGCC00_01	KENGCC12_LNG_Backup2_01	KENGCC12_LNG_Backup26_01	KENGCC12_LNG_Backup35_01	KENGCC12_LNG_Backup4_01	KENGCC12_LNG2_01	KENUPW00_01	KENUPW20_Nuclear_III_01	KENUPW20_Nuclear_II_01	KENUPW20_Nuclear_I_01	KENUPW20_01	KEWDLC00_01	KEWDLCZ004_Marsabit_PhII_01	KEWDLCZ007_Meru_PhIII_01	KEWDLCZ007_Meru_PhII_01	KEWDLCZ007_Meru_PhI_01	KEWDLCZ008_Oldanyat_01	KEWDLCZ008_Prunus_01	KEWDLCZH08_Ngong_PhII_01	KEWDLCZH08_Ngong_PhI_01	KEWDLCZ001_Bahari2_01	KEWDLCZH08_Kipeto_01	KEWDLCZ001_Bahari_PhI_01	KEWDLCZ004_Marsabit_PhI_01	KEWDLCZ008_Aperture_01	KEWDLCZ008_Chania_01	KEWDLCZ008_Ngong1_PhIII_01	KEWDOC00_01	KEWDLCZ010_01	KEWDLCZ009_01	KEWDLCZ008_01	KEWDLCZ007_01	KEWDLCZ006_01	KEWDLCZ005_01	KEWDLCZ004_01	KEWDLCZ003_01	KEWDLCZ002_01	KEWDLCZ001_01	KEWDLCZDP09_Lake_Turkana_01	KEWDLCZH08_01	KESOTN00_01	KESOTNZ002_01	KESOTNZ001_01	KESOTS00_01	KESOTSZ002_01	KESOTSZ001_01	KESOTG00_01	KESOPC00_01	KESOPCZ001_Kenya_Solar_01	KESOPCZ003_Strathmore_01	KESOPCZ003_REA_Garissa_01	KESOPCZ008_Kibwezi_01	KESOPCZ008_Tarita_Green_01	KESOPCZ008_Kopere_01	KESOPCZ001_SevenForks_01	KESOPCZ003_Eldosol_01	KESOPCZ003_Selenkei_01	KESOPCZ003_Alten_01	KESOPCZ009_Kenergy_01	KESOPCZ009_MarcoBorero_01	KESOPCZ001_Greenmillenia_01	KESOPCZ001_Makindu_01	KESOPCZ001_HannanArya_01	KESOPCZ001_Malindi_01	KESOPCZ010_01	KESOPCZ009_01	KESOPCZ008_01	KESOPCZ007_01	KESOPCZ006_01	KESOPCZ005_01	KESOPCZ004_01	KESOPCZ003_01	KESOPCZ002_01	KESOPCZ001_01	KEGOCV00_01	KEGOCV18_Menengai_V_01	KEGOCV16_Olkaria_7_01	KEGOCV16_Olkaria_6_01	KEGOCV12_Suswa_I_01	KEGOCV12_Suswa_II_01	KEGOCV12_Suswa_III_01	KEGOCV12_Olsuswa_I_01	KEGOCV13_Akiira_I_01	KEGOCV13_Akiira_II_01	KEGOCV20_AGIL_I_01	KEGOCV20_AGIL_II_01	KEGOCV20_AGIL_III_01	KEGOCV20_AGIL_IV_01	KEGOCV17_Korosi_I_01	KEGOCV17_Paka_I_01	KEGOCV16_Olkaria_II_Rehab_01	KEGOCV17_Paka_II_01	KEGOCV17_Silali_II_01	KEGOCV17_Paka_III_01	KEGOCV17_Silali_III_01	KEGOCV18_Menengai_IV_01	KEGOCV01_Orpower_4P4_01	KEGOCV01_Orpower_4P3_01	KEGOCV01_Orpower_4P2_01	KEGOCV01_Orpower_4PI_01	KEGOCV01_Olkaria_2_01	KEGOCV10_OLK_V_01	KEGOCV10_OLK_IAU_01	KEGOCV10_OLK_IV_01	KEGOCV17_Baringo_Silali_I_01	KEGOCV18_Menengai_III_01	KEGOCV18_Menengai_1_Stage2_01	KEGOCV12_Suswa_01	KEGOCV12_Eburru_01	KEGOCV16_Menengai_1_Orpower22_01	KEGOCV18_Wellheadleasing_01	KEGOCV13_Marine_Power_Akiira_01	KEGOCV16_Olkaria8_01	KEGOCV16_Olkaria9_01	KEGOCV17_Baringo_Silali_01	KEGOCV16_Olkaria_1V_Uprating_01	KEGOCV16_Olkaria_1_Uprating_01	KEGOCV18_Menengai_1_Quantum_01	KEGOCV16_Olkaria_1_Unit6_01	KEGOCV18_Menengai_1_Sosian_01	KEGOCV20_01	KEGOCV16_01	KEGOCV15_01	KEGOCV14_01	KEGOCV13_01	KEGOCV12_01	KEGOCV11_01	KEGOCV10_01	KEGOCV03_01	KEGOCV02_01	KEBM00X00_01	KEBW00X00_01	KEHY00X00_01	KESO00X00_01	KEWD00X00_01	KEBMST00_01	KEBMST10_BiogasH_01	KEBMST10_WestKenya_01	KEBMST10_VRHoldings_01	KEBMST10_Cummins_Cogen_01	KEBMST10_Viability_01	KEBMST10_Tana_Biogas_01	KEBMST10_MunicipalWtE_Biogas_01	KEBMST10_Roadtech_01	KEBMST10_ThikaWayBiogas_01	KEBMST10_Kwale_01	KEBMST10_REA_Vipingo_01	KEBWST00_01	KEBMST10_01	KEBMST01_01	KEHYDM00_01	KEHYDM_High_Grand_01	KEHYDM_Karura_01	KEHYDM_TURKWEL_01	KEHYDM_KIAMBERE_01	KEHYDM_Kindaruma_01	KEHYDM_Gitaru_01	KEHYDM_KAMBURU_01	KEHYDM_MASINGA_01	KEHYRO_Lower_Grand_01	KEHYDM_Kamburu_Masinga_01	KEHYDM_Turkwell_01	KEHYDM_Kiambere_01	KEHYRO00_01	KEHYRO_Small_2033_01	KEHYRO_Small_2032_01	KEHYRO_Small_2031_01	KEHYRO_Small_KTDA_2031_01	KEHYRO_Small_2030_01	KEHYRO_Small_KTDA_2030_01	KEHYRO_Small_2029_01	KEHYRO_Small_2028_01	KEHYRO_Small_2027_01	KEHYRO_Small_2026_01	KEHYRO_Small_2025_01	KEHYRO_Small_KTDA_2024_01	KEHYRO_Small_Chevron_01	KEHYRO_Small_KDTA2_01	KEHYRO_Small_Rareh_01	KEHYRO_Small_Kirogori_01	KEHYRO_Small_GemGen_01	KEHYRO_Small_Kaptis_01	KEHYRO_Small_Nithi_01	KEHYRO_Small_Tindinyo_01	KEHYRO_Small_Gatiki_01	KEHYRO_Small_KTDA_Gogo_01	KEHYRO_Small_MtKenya_CBO_01	KEHYRO_Small_KTDA_01	KEHYRO_Small_KTDA_Kleen_01	KEHYRO_Tana_01	KEHYRO_Sangoro_01	KEHYRO_Sondu_Miriu_01	KEHYMI00_01	KEHYRO_Existing_Small_01	KESOPU00_01	KESOPB00_01	KESOPR00_01	KESOPS00_01	KEELBS00_01	KERIDM_Kamburu_Masinga_01	KERIDM_Turkwell_01	KERIDM_Kiambere_01	KEELST04_01	KEELST04_02	KEELPT04_01	KEELDT04_01_01	KEELDT04_01_02	KEELDT04_02_01	KEELDT04_02_02	KEELDT04_03_01	KEELDT04_03_02	KEEXDT00_01	KERIDM_MASINGA_01	KERIDM_KAMBURU_01	KERIDM_Gitaru_01	KERIDM_Kindaruma_01	KERIDM_Karura_01	KERIDM_High_Grand_01	KEELDT04_04_01	KEELDT04_04_02
2022	1444.410100	298.156182	0.000000	100.000000	0.000000	69.234303	0.000000	0.000000	0.000000	0.000000	0.000000	0.000000	0.000000	1444.410000	0.000000	0.000000	0.000000	0.000000	440.588000	0.000000	236.992000	0.000000	0.000000	0.000000	0.000000	0.000000	0.000000	0.000000	0.000000	71.573600	0.000000	0.000000	4.429998	5.749999	4.349997	4.015000	4.149998	0.000000	0.000000	2.625001	0.000000	0.000000	0.000000	0.000000	0.000000	0.000000	0.000000	0.000000	0.000000	0.000000	0.000000	0.000000	0.000000	0.000000	0.000000	0.000000	0.000000	0.000000	0.000000	0.000000	0.000000	0.000000	0.000000	0.000000	0.000000	0.000000	10.424738	2.606187	0.000000	47.851351	0.000000	0.000000	0.000000	0.000000	0.000000	0.000000	0.000000	0.000000	0.000000	0.000000	0.000000	0.000000	0.000000	0.000000	0.000000	0.000000	152.638640	0.000000	0.000000	0.000000	0.000000	0.000000	0.000000	0.000000	0.000000	0.000000	0.000000	0.052015	10.402989	0.000000	0.000000	0.000000	0.000000	8.322389	8.322389	0.000000	0.000000	0.000000	0.000000	0.000000	0.000000	8.389009	0.000000	0.000000	0.000000	0.000000	0.000000	0.000000	0.000000	0.000000	0.000000	0.000000	0.000000	0.000000	0.000000	0.000000	0.000000	0.000000	0.000000	0.000000	0.000000	0.000000	0.000000	0.000000	0.000000	0.000000	0.000000	0.000000	0.000000	0.000000	0.000000	0.000000	0.000000	0.000000	17.418092	10.571000	23.784687	38.319911	85.486400	133.731030	118.495990	118.495990	0.000000	0.000000	0.000000	0.000000	0.000000	0.000000	0.000000	0.000000	0.000000	0.000000	0.000000	0.000000	0.000000	0.000000	70.251220	0.000000	0.000000	0.000000	21.498619	37.749391	0.000000	0.000000	0.000000	0.000000	1.777439	0.000000	0.000000	0.000000	363.579000	35.488800	213.521000	0.000000	0.000000	0.000000	0.000000	0.000000	0.000000	0.000000	0.000000	0.000000	0.000000	0.000000	0.000000	0.000000	0.000000	0.000000	0.000000	0.000000	0.000000	52.499997	82.000000	5.249997	107.999930	44.999991	20.000000	0.000000	0.000000	0.000000	0.000000	0.000000	0.000000	0.000000	0.000000	0.000000	0.000000	0.000000	0.000000	0.000000	0.000000	0.000000	0.000000	0.000000	0.000000	0.000000	0.000000	0.000000	0.000000	0.000000	0.000000	0.000000	0.000000	0.000000	0.000000	0.000000	0.000000	6.575462	7.954557	23.863667	0.000000	12.434997	0.000000	0.000000	0.000000	0.000000	0.000000	0.000000	0.000000	0.000000	0.000000	0.000000	0.000000	0.000000	0.000000	0.000000	0.000000	0.000000	0.000000	0.000000	10.919999	43.649988	107.659932	5.129997	0.000000	0.000000	0.000000	0.000000
2023	1555.640900	369.769819	0.000000	99.533003	0.974890	69.006220	0.000000	0.000000	0.000000	0.000000	0.000000	0.000000	0.000000	1555.640000	0.000000	0.000000	0.000000	0.000000	440.588000	0.000000	266.616000	0.000000	0.000000	0.000000	0.000000	0.000000	0.000000	0.000000	0.000000	71.573600	0.000000	0.000000	4.429998	5.749999	4.349997	4.015000	4.149998	0.000000	0.000000	2.625001	0.000000	0.000000	0.000000	0.000000	0.000000	0.000000	0.000000	0.000000	0.000000	0.000000	0.000000	0.000000	0.000000	0.000000	0.000000	0.000000	0.000000	0.000000	0.000000	0.000000	0.000000	0.000000	0.000000	0.000000	0.000000	0.000000	10.424738	2.606187	0.000000	47.851351	0.000000	0.000000	0.000000	0.000000	0.000000	0.000000	0.000000	0.000000	0.000000	0.000000	0.000000	0.000000	0.000000	0.000000	0.000000	0.000000	152.638640	0.000000	0.000000	0.000000	0.000000	0.000000	0.000000	0.000000	0.000000	0.000000	0.000000	0.052015	10.402989	0.000000	0.000000	0.000000	0.000000	8.322389	8.322389	8.322389	0.000000	0.000000	0.000000	0.000000	0.000000	8.389009	0.000000	0.000000	0.000000	0.000000	0.000000	0.000000	0.000000	0.000000	0.000000	0.000000	0.000000	0.000000	0.000000	0.000000	0.000000	0.000000	0.000000	0.000000	0.000000	0.000000	0.000000	0.000000	0.000000	0.000000	0.000000	0.000000	0.000000	0.000000	0.000000	0.000000	0.000000	0.000000	17.418096	10.570998	23.784691	38.319887	85.486400	133.731030	118.496000	118.495990	0.000000	0.000000	0.000000	0.000000	0.000000	0.000000	0.000000	0.000000	0.000000	0.000000	0.000000	0.000000	0.000000	0.000000	70.251211	29.624015	0.000000	0.000000	21.498615	37.749385	0.000000	0.000000	0.000000	0.000000	1.777440	0.000000	0.000000	0.000000	363.579000	43.811200	213.521000	0.000000	0.000000	0.000000	0.000000	0.000000	0.000000	0.000000	0.000000	0.000000	0.000000	0.000000	0.000000	0.000000	0.000000	0.000000	0.000000	0.000000	0.000000	52.500000	82.000010	5.250000	107.999890	44.999988	19.999999	0.000000	0.000000	0.000000	0.000000	0.000000	0.000000	0.000000	0.000000	0.000000	0.000000	0.000000	0.000000	0.000000	0.000000	0.000000	0.000000	0.000000	0.000000	0.000000	0.000000	0.000000	0.000000	0.000000	0.000000	0.000000	0.000000	0.000000	0.000000	0.000000	0.000000	6.575462	7.954557	23.863667	0.000000	12.434997	0.000000	0.000000	0.000000	0.000000	0.000000	0.000000	0.000000	0.000000	0.000000	0.000000	0.000000	0.000000	0.000000	0.000000	0.000000	0.000000	0.000000	0.000000	20.000000	44.999988	107.999891	5.250000	0.000000	0.000000	0.000000	0.000000
2024	1613.310100	400.000000	0.784033	98.607300	2.940630	3.784300	0.000000	0.000000	0.000000	0.000000	0.000000	0.000000	0.000000	1613.310000	0.000000	0.000000	0.000000	0.000000	440.588000	0.000000	266.616000	0.000000	0.000000	0.000000	0.000000	0.000000	0.000000	0.000000	0.000000	74.562400	0.000000	0.000000	4.429998	5.749999	4.349997	4.015000	4.149998	0.000000	0.000000	3.790648	0.000000	0.000000	0.000000	0.000000	0.000000	0.000000	0.000000	0.000000	0.000000	0.000000	0.000000	0.000000	0.000000	0.000000	0.000000	0.000000	0.000000	0.000000	0.000000	0.000000	0.000000	0.000000	0.000000	0.000000	0.000000	0.000000	10.424738	2.606187	0.000000	47.851351	0.000000	0.000000	0.000000	0.000000	0.000000	0.000000	0.000000	0.000000	0.000000	0.000000	0.000000	0.000000	0.000000	0.000000	0.000000	0.000000	152.638640	0.000000	0.000000	0.000000	0.000000	0.000000	0.000000	0.000000	0.000000	0.000000	0.000000	0.052015	10.402989	0.000000	0.000000	0.000000	0.000000	8.322389	8.322389	8.322389	0.000000	0.207667	0.000000	0.000000	0.000000	8.389009	0.000000	0.000000	0.000000	0.000000	0.000000	0.000000	0.000000	0.000000	0.000000	0.000000	0.000000	0.000000	0.000000	0.000000	0.000000	0.000000	0.000000	0.000000	0.000000	0.000000	0.000000	0.000000	0.000000	0.000000	0.000000	0.000000	0.000000	0.000000	0.000000	0.000000	0.000000	0.000000	17.418087	10.570997	23.784692	38.319885	85.486410	133.731030	118.496000	118.495990	0.000000	0.000000	0.000000	0.000000	0.000000	0.000000	0.000000	0.000000	0.000000	0.000000	0.000000	0.000000	0.000000	0.000000	70.251223	29.624010	0.000000	0.000000	21.498613	37.749390	0.000000	0.000000	0.000000	0.000000	1.777440	0.000000	2.573550	0.000000	320.079000	44.018800	213.521000	0.000000	0.000000	0.000000	0.000000	0.000000	0.000000	0.000000	0.000000	0.000000	0.000000	0.000000	0.669124	0.000000	0.000000	0.000000	0.000000	0.000000	0.000000	52.499994	81.999980	5.249998	107.999970	0.000000	19.999993	0.000000	0.000000	0.000000	0.000000	0.000000	0.000000	0.000000	0.000000	0.000000	0.000000	0.000000	0.000000	0.000000	0.000000	0.000000	0.000000	1.499999	0.000000	0.000000	0.000000	0.000000	0.000000	0.000000	0.000000	0.000000	0.000000	0.000000	0.000000	0.000000	0.000000	6.575462	7.954557	23.863667	0.000000	12.434997	0.000000	0.000000	0.000000	0.000000	0.000000	0.000000	0.000000	0.000000	0.000000	0.000000	0.000000	0.000000	0.000000	0.000000	0.000000	0.000000	0.000000	0.000000	20.000002	0.000000	107.999965	5.249998	0.000000	0.000000	0.000000	0.000000
2025	1690.220800	400.000000	0.000000	100.000000	18.732570	0.000000	0.000000	0.000000	0.000000	0.000000	0.000000	0.000000	0.000000	1690.220000	0.000000	0.000000	0.000000	0.000000	457.516000	0.000000	296.240000	0.000000	0.000000	0.000000	0.000000	0.000000	0.000000	0.000000	0.000000	76.346500	0.000000	0.000000	4.429998	5.749999	4.349997	4.015000	4.149998	0.000000	0.000000	4.486419	0.000000	0.000000	0.000000	0.000000	0.000000	0.000000	0.000000	0.000000	0.000000	0.000000	0.000000	0.000000	0.000000	0.000000	0.000000	0.000000	0.000000	0.000000	0.000000	0.000000	0.000000	0.000000	0.000000	0.000000	0.000000	0.000000	10.424738	2.606187	0.000000	47.851351	0.000000	0.000000	0.000000	0.000000	0.000000	0.000000	0.000000	0.000000	0.000000	0.000000	0.000000	0.000000	0.000000	0.000000	0.000000	0.000000	152.638640	0.000000	0.000000	0.000000	0.000000	0.000000	0.000000	0.000000	0.000000	0.000000	0.000000	0.052015	10.402989	0.000000	8.116384	0.000000	0.000000	8.322389	8.322389	8.322389	0.000000	0.207667	0.000000	0.000000	0.000000	8.389009	0.000000	0.000000	0.000000	0.000000	0.000000	0.000000	0.000000	0.000000	0.000000	0.000000	0.000000	0.000000	0.000000	0.000000	0.000000	0.000000	0.000000	0.000000	0.000000	0.000000	0.000000	0.000000	0.000000	0.000000	0.000000	0.000000	0.000000	0.000000	0.000000	0.000000	0.000000	0.000000	17.418094	10.570999	23.784690	38.319908	85.486395	133.731030	118.495990	118.495990	0.000000	0.000000	0.000000	0.000000	0.000000	0.000000	0.000000	0.000000	0.000000	0.000000	0.000000	16.928001	0.000000	29.624014	70.251221	29.624012	0.000000	0.000000	21.498612	37.749387	0.000000	0.000000	0.000000	0.000000	1.777440	0.000000	2.573550	0.000000	324.579000	52.135200	213.521000	0.000000	0.000000	0.000000	0.000000	0.000000	0.000000	0.000000	0.000000	0.000000	0.000000	0.000000	0.669124	0.000000	0.000000	0.000000	0.000000	0.000000	0.000000	52.499997	82.000013	5.249998	107.999941	0.000000	19.999997	0.000000	0.000000	0.000000	0.000000	0.000000	0.000000	0.000000	0.000000	0.000000	0.000000	0.000000	0.000000	0.000000	0.000000	0.000000	4.500001	1.499999	0.000000	0.000000	0.000000	0.000000	0.000000	0.000000	0.000000	0.000000	0.000000	0.000000	0.000000	0.000000	0.000000	6.575462	7.954557	23.863667	0.000000	12.434997	0.000000	0.000000	0.000000	0.000000	0.000000	0.000000	0.000000	0.000000	3.182954	3.536611	72.331818	0.000000	0.000000	0.000000	0.000000	0.000000	0.000000	0.000000	19.999996	0.000000	107.999938	5.249999	0.000000	0.000000	0.000000	0.000000
2026	1869.381100	400.000000	0.000000	100.000000	0.000000	68.533730	0.000000	0.000000	0.000000	0.000000	0.000000	0.000000	0.000000	1869.380000	0.000000	0.000000	0.000000	0.000000	523.535000	0.000000	325.864000	0.000000	0.000000	0.000000	0.000000	0.000000	0.000000	0.000000	0.000000	78.706900	0.000000	0.000000	4.429998	5.749999	4.349997	4.015000	4.149998	0.000000	0.000000	5.407004	0.000000	0.000000	0.000000	0.000000	0.000000	0.000000	0.000000	0.000000	0.000000	0.000000	0.000000	0.000000	0.000000	0.000000	0.000000	0.000000	0.000000	0.000000	0.000000	0.000000	0.000000	0.000000	0.000000	0.000000	0.000000	23.925672	10.424738	2.606187	0.000000	47.851351	0.000000	0.000000	23.925672	23.925672	0.000000	0.000000	0.000000	0.000000	0.000000	0.000000	0.000000	0.000000	0.000000	0.000000	0.000000	0.000000	152.638640	0.000000	0.000000	82.730512	0.000000	0.000000	0.000000	0.000000	0.000000	0.000000	0.000000	0.052015	10.402989	0.000000	8.116384	8.116384	0.000000	8.322389	8.322389	8.322389	0.000000	0.207667	0.000000	0.000000	0.000000	8.389009	0.000000	0.000000	0.000000	0.000000	0.000000	0.000000	0.000000	0.000000	0.000000	0.000000	0.000000	0.000000	0.000000	0.000000	0.000000	0.000000	0.000000	0.000000	0.000000	0.000000	0.000000	0.000000	0.000000	0.000000	0.000000	0.000000	0.000000	0.000000	0.000000	0.000000	0.000000	0.000000	17.418090	10.570999	23.784693	38.319894	85.486397	133.731030	118.495990	118.495990	0.000000	0.000000	0.000000	0.000000	0.000000	29.624013	49.091221	0.000000	0.000000	0.000000	0.000000	16.928002	16.928008	29.624023	70.251218	29.624015	0.000000	0.000000	21.498617	37.749387	0.000000	0.000000	0.000000	0.000000	1.777440	0.000000	2.573550	0.000000	332.079000	60.251600	285.298000	0.000000	0.000000	0.000000	0.000000	0.000000	0.000000	0.000000	0.000000	0.000000	0.000000	0.000000	0.669124	0.000000	0.000000	0.000000	0.000000	0.000000	0.000000	52.499993	82.000000	5.249998	107.999930	0.000000	19.999996	0.000000	0.000000	0.000000	0.000000	0.000000	0.000000	0.000000	0.000000	0.000000	0.000000	0.000000	0.000000	0.000000	0.000000	7.499999	4.500001	1.499999	0.000000	0.000000	0.000000	0.000000	0.000000	0.000000	0.000000	0.000000	0.000000	0.000000	0.000000	0.000000	0.000000	6.575462	7.954557	23.863667	0.000000	12.434998	0.000000	0.000000	0.000000	0.000000	0.000000	0.000000	0.000000	0.000000	5.534890	6.149890	72.331818	0.000000	0.000000	0.000000	0.000000	0.000000	0.000000	0.000000	20.000000	0.000000	107.999871	5.249998	0.000000	0.000000	0.000000	0.000000
2027	1974.709700	221.671378	0.000000	100.000000	0.000000	70.000000	0.000000	0.000000	0.000000	0.000000	0.000000	0.000000	0.000000	1974.710000	0.000000	0.000000	0.000000	0.000000	656.225000	84.087500	325.864000	0.000000	0.000000	0.000000	0.000000	0.000000	0.000000	0.000000	0.000000	71.573600	0.000000	0.000000	4.429998	5.749999	4.349997	4.015000	4.149998	0.000000	0.000000	2.625001	0.000000	0.000000	0.000000	0.000000	0.000000	0.000000	0.000000	0.000000	0.000000	0.000000	0.000000	0.000000	0.000000	0.000000	0.000000	0.000000	0.000000	0.000000	0.000000	0.000000	0.000000	0.000000	0.000000	0.000000	0.000000	23.925672	10.424738	2.606187	0.000000	47.851351	0.000000	0.000000	23.925672	23.925672	0.000000	0.000000	0.000000	0.000000	0.000000	0.000000	0.000000	0.000000	0.000000	0.000000	0.000000	0.000000	152.638640	0.000000	0.000000	82.730512	0.000000	0.000000	0.000000	0.000000	0.000000	0.000000	0.000000	0.052015	10.402989	8.116384	8.116384	8.116384	8.808462	8.322389	8.322389	8.322389	8.306660	0.207667	8.389009	0.000000	2.097250	8.389009	0.000000	0.000000	0.000000	0.000000	0.000000	0.000000	0.000000	0.000000	0.000000	0.000000	0.000000	0.000000	84.087470	48.049989	0.000000	0.000000	0.000000	0.000000	0.000000	0.000000	0.000000	0.000000	0.000000	0.000000	0.000000	84.639980	0.000000	0.000000	0.000000	0.000000	0.000000	0.000000	17.418086	10.570998	23.784689	38.319903	85.486400	133.731000	118.496000	118.495990	0.000000	0.000000	0.000000	0.000000	0.000000	29.624019	49.091224	0.000000	0.000000	0.000000	0.000000	16.928002	16.928000	29.624015	70.251211	29.624015	0.000000	0.000000	21.498619	37.749392	0.000000	0.000000	0.000000	0.000000	1.777440	0.000000	79.780200	0.000000	347.079000	95.969400	285.298000	0.000000	0.000000	0.000000	0.000000	0.000000	0.000000	13.382481	0.000000	0.000000	0.000000	6.691240	0.669124	0.000000	0.000000	0.000000	0.000000	0.000000	0.000000	52.499990	82.000000	5.249998	107.999960	0.000000	20.000000	0.000000	0.000000	0.000000	0.000000	0.000000	0.000000	0.000000	0.000000	0.000000	0.000000	0.000000	0.000000	0.000000	14.999995	7.499999	4.500002	1.499999	0.000000	0.000000	0.000000	0.000000	0.000000	0.000000	0.000000	0.000000	0.000000	0.000000	0.000000	0.000000	0.000000	6.575462	7.954557	23.863667	0.000000	12.434997	0.000000	0.000000	0.000000	0.000000	0.000000	0.000000	0.000000	0.000000	2.494120	2.771240	72.331818	0.000000	0.000000	0.000000	0.000000	0.000000	0.000000	0.000000	19.999995	0.000000	107.999861	5.249998	0.000000	0.000000	0.000000	0.000000
2028	2089.690400	275.165650	0.000000	100.000000	0.000000	70.000000	0.000000	0.000000	0.000000	0.000000	0.000000	0.000000	0.000000	2089.690000	0.000000	0.000000	0.000000	0.000000	570.739000	84.087500	325.864000	0.000000	0.000000	0.000000	0.000000	0.000000	0.000000	0.000000	0.000000	71.573600	0.000000	0.000000	4.429998	5.749999	4.349997	4.015000	4.149998	0.000000	0.000000	2.625001	0.000000	0.000000	0.000000	0.000000	0.000000	0.000000	0.000000	0.000000	0.000000	0.000000	0.000000	0.000000	0.000000	0.000000	0.000000	0.000000	0.000000	0.000000	0.000000	0.000000	0.000000	0.000000	0.000000	0.000000	14.355392	23.925672	10.424738	0.000000	0.000000	47.851351	24.673900	65.472272	23.925672	23.925672	5.263647	0.000000	0.000000	0.000000	0.000000	0.000000	0.000000	0.000000	0.000000	0.000000	0.000000	0.000000	152.638640	0.000000	0.000000	172.010241	0.000000	0.000000	0.000000	0.000000	0.000000	0.000000	0.000000	0.052015	10.402989	8.116384	8.116384	8.116384	8.808462	8.322389	8.322389	8.322389	8.306660	0.207667	8.389009	0.000000	2.097250	8.389009	0.000000	0.000000	0.000000	0.000000	0.000000	0.000000	0.000000	0.000000	0.000000	0.000000	0.000000	0.000000	84.087472	48.049976	0.000000	0.000000	0.000000	0.000000	0.000000	0.000000	0.000000	0.000000	0.000000	0.000000	0.000000	84.639970	0.000000	0.000000	0.000000	0.000000	0.000000	0.000000	17.418089	10.571000	23.784709	38.319892	0.000000	133.731030	118.495996	118.495990	0.000000	0.000000	0.000000	0.000000	0.000000	29.624019	49.091238	0.000000	0.000000	0.000000	0.000000	16.928002	16.927997	29.624011	70.251222	29.624008	0.000000	0.000000	21.498617	37.749391	0.000000	0.000000	0.000000	0.000000	1.777440	0.000000	100.369000	0.000000	293.079000	95.969400	392.457000	0.000000	0.000000	0.000000	0.000000	0.000000	0.000000	13.382483	0.000000	0.000000	5.352985	6.691238	0.669124	0.000000	0.000000	0.000000	0.000000	0.000000	0.000000	52.499990	82.000000	5.249998	39.999993	0.000000	20.000001	0.000000	0.000000	0.000000	0.000000	0.000000	0.000000	0.000000	0.000000	0.000000	0.000000	0.000000	0.000000	14.000002	14.999995	7.500000	4.500002	1.499999	0.000000	0.000000	0.000000	0.000000	0.000000	0.000000	0.000000	0.000000	0.000000	0.000000	0.000000	0.000000	0.000000	6.575462	7.954557	23.863667	0.000000	12.434997	0.000000	0.000000	0.000000	0.000000	0.000000	0.000000	0.000000	0.000000	9.871280	10.968100	72.331818	0.000000	0.000000	0.000000	0.000000	0.000000	0.000000	0.000000	19.999998	0.000000	39.999994	5.249997	0.000000	0.000000	0.000000	0.000000
2029	2253.630800	245.631829	0.000000	100.000000	0.000000	70.000000	0.000000	0.000000	0.000000	0.000000	0.000000	0.000000	0.000000	2253.630000	0.000000	0.000000	0.000000	0.000000	655.379000	84.087500	325.864000	0.000000	0.000000	0.000000	0.000000	0.000000	0.000000	0.000000	0.000000	64.842800	0.000000	0.000000	4.429998	5.749999	4.349997	4.015000	4.149998	0.000000	0.000000	0.000000	0.000000	0.000000	0.000000	0.000000	0.000000	0.000000	0.000000	0.000000	0.000000	0.000000	0.000000	0.000000	0.000000	0.000000	0.000000	0.000000	0.000000	0.000000	0.000000	0.000000	0.000000	0.000000	0.000000	0.000000	14.355392	23.925672	10.424738	0.000000	0.000000	47.851351	24.673900	65.472272	23.925672	23.925672	5.263647	0.000000	0.000000	0.000000	0.000000	0.000000	0.000000	0.000000	0.000000	0.000000	0.000000	0.000000	152.638640	0.000000	0.000000	256.317400	0.000000	0.000000	0.000000	0.000000	0.000000	0.000000	0.000000	0.052015	10.402989	8.116384	8.116384	8.116384	8.808462	8.322389	8.322389	8.322389	8.306660	0.207667	8.389009	0.000000	2.097250	8.389009	0.000000	0.000000	0.000000	0.000000	0.000000	0.000000	0.000000	0.000000	0.000000	0.000000	0.000000	0.000000	84.087466	48.049985	0.000000	0.000000	0.000000	0.000000	0.000000	0.000000	0.000000	0.000000	0.000000	0.000000	0.000000	84.639980	0.000000	0.000000	0.000000	0.000000	0.000000	0.000000	17.418088	10.570998	23.784703	38.319903	0.000000	133.731000	118.495990	118.495990	84.639979	0.000000	0.000000	0.000000	0.000000	29.624008	49.091224	0.000000	0.000000	0.000000	0.000000	16.928003	16.928001	29.624007	70.251213	29.624011	0.000000	0.000000	21.498619	37.749389	0.000000	0.000000	0.000000	0.000000	1.777440	0.000000	100.369000	0.000000	320.429000	95.969400	392.457000	0.000000	0.000000	0.000000	0.000000	0.000000	0.000000	13.382479	0.000000	0.000000	5.352987	6.691240	0.669124	0.000000	0.000000	0.000000	0.000000	0.000000	0.000000	52.499985	81.999990	5.250000	40.000000	0.000000	19.999999	0.000000	0.000000	0.000000	0.000000	0.000000	0.000000	0.000000	0.000000	0.000000	0.000000	0.000000	27.350011	14.000002	14.999993	7.499999	4.500002	1.499999	0.000000	0.000000	0.000000	0.000000	0.000000	0.000000	0.000000	0.000000	0.000000	0.000000	0.000000	0.000000	0.000000	6.575462	7.954557	23.863667	0.000000	12.434997	0.000000	0.000000	0.000000	0.000000	0.000000	0.000000	0.000000	0.000000	11.654850	12.949834	72.331818	0.000000	0.000000	0.000000	0.000000	0.000000	0.000000	0.000000	19.999996	0.000000	39.999999	5.250000	0.000000	0.000000	0.000000	0.000000
2030	2448.640200	400.000000	0.000000	100.000000	0.000000	70.000000	0.000000	0.000000	0.000000	0.000000	0.000000	0.000000	0.000000	2448.640000	0.000000	0.000000	0.000000	0.000000	655.379000	84.087500	325.864000	0.000000	0.000000	0.000000	0.000000	0.000000	0.000000	0.000000	0.000000	107.791000	0.000000	0.000000	0.000000	13.895329	8.911452	6.366932	8.553107	0.000000	0.000000	0.000000	0.000000	0.000000	0.000000	0.000000	0.000000	53.446900	18.706418	0.000000	0.000000	0.000000	0.000000	0.000000	0.000000	0.000000	0.000000	0.000000	0.000000	0.000000	0.000000	0.000000	0.000000	0.000000	0.000000	0.000000	14.355392	23.925672	10.424738	0.000000	0.000000	47.851351	24.673900	65.472272	23.925672	23.925672	5.263647	0.000000	0.000000	0.000000	0.000000	0.000000	0.000000	0.000000	0.000000	0.000000	0.000000	0.000000	152.638640	0.000000	0.000000	256.317400	0.000000	0.000000	0.000000	0.000000	0.000000	0.000000	0.000000	0.052015	10.402989	8.116384	8.116384	8.116384	8.808462	8.322389	8.322389	8.322389	8.306660	0.207667	8.389009	0.000000	2.097250	8.389009	0.000000	0.000000	0.000000	0.000000	0.000000	0.000000	0.000000	0.000000	0.000000	0.000000	0.000000	0.000000	84.087466	48.049962	0.000000	0.000000	0.000000	0.000000	0.000000	0.000000	0.000000	0.000000	0.000000	0.000000	0.000000	84.639970	0.000000	0.000000	0.000000	0.000000	0.000000	0.000000	17.418088	10.570999	23.784694	38.319914	0.000000	133.731000	118.495991	118.495990	84.639979	0.000000	0.000000	0.000000	0.000000	29.624015	49.091243	0.000000	0.000000	0.000000	0.000000	16.928000	16.927999	29.624010	70.251212	29.624008	0.000000	0.000000	21.498619	37.749396	0.000000	0.000000	0.000000	0.000000	1.777440	0.000000	126.104000	0.000000	320.429000	95.969400	392.457000	0.000000	0.000000	0.000000	0.000000	0.000000	0.000000	13.382478	0.000000	6.691242	5.352988	6.691240	0.669124	0.000000	0.000000	0.000000	0.000000	0.000000	0.000000	52.499987	81.999990	5.250000	39.999993	0.000000	20.000001	0.000000	0.000000	0.000000	0.000000	0.000000	0.000000	0.000000	0.000000	0.000000	0.000000	0.000000	27.350011	14.000002	14.999993	7.499999	4.500002	1.499999	0.000000	0.000000	0.000000	0.000000	0.000000	0.000000	0.000000	0.000000	0.000000	0.000000	0.000000	0.000000	0.000000	6.575462	7.954557	23.863667	0.000000	12.434998	0.000000	0.000000	0.000000	0.000000	0.000000	0.000000	0.000000	0.000000	9.744230	10.826909	72.331818	0.000000	0.000000	0.000000	0.000000	0.000000	0.000000	0.000000	20.000006	0.000000	39.999992	5.250000	0.000000	0.000000	0.000000	0.000000
2031	2678.339000	400.000000	0.000000	100.000000	5.876618	62.712370	0.000000	0.000000	0.000000	0.000000	0.000000	0.000000	0.000000	2678.340000	0.000000	0.000000	0.000000	0.000000	655.379000	84.087500	325.864000	0.000000	0.000000	0.000000	0.000000	0.000000	0.000000	0.000000	0.000000	510.863000	0.000000	0.000000	0.000000	0.000000	64.966328	54.835546	59.000249	0.000000	0.000000	0.000000	0.000000	0.000000	0.000000	0.000000	0.000000	125.318000	43.861377	0.000000	0.000000	0.000000	0.000000	0.000000	0.000000	0.000000	0.000000	0.000000	0.000000	0.000000	0.000000	0.000000	0.000000	0.000000	0.000000	38.975273	14.355392	23.925672	10.424738	0.000000	19.739120	47.851351	24.673900	65.472272	23.925672	23.925672	5.263647	0.000000	0.000000	0.000000	0.000000	0.000000	0.000000	0.000000	0.000000	0.000000	0.000000	0.000000	152.638640	0.000000	0.000000	256.317400	0.000000	0.000000	0.000000	0.000000	0.000000	0.000000	6.291749	0.052015	10.402989	8.116384	8.116384	8.116384	8.808462	8.322389	8.322389	8.322389	8.306660	0.207667	8.389009	6.291749	2.097250	8.389009	0.000000	0.000000	0.000000	0.000000	0.000000	0.000000	0.000000	0.000000	0.000000	0.000000	0.000000	0.000000	84.087470	48.049980	0.000000	0.000000	0.000000	0.000000	0.000000	0.000000	0.000000	0.000000	0.000000	0.000000	0.000000	84.639980	0.000000	0.000000	0.000000	0.000000	0.000000	0.000000	17.418089	10.571000	23.784698	38.319898	0.000000	133.731000	118.495990	118.496000	84.639990	0.000000	0.000000	0.000000	0.000000	29.624019	49.091230	0.000000	0.000000	0.000000	0.000000	16.927999	16.928000	29.624013	70.251222	29.624015	0.000000	0.000000	21.498619	37.749383	0.000000	0.000000	0.000000	0.000000	1.777440	0.000000	126.104000	0.000000	300.429000	108.553000	451.171000	0.000000	0.000000	0.000000	0.000000	0.000000	0.000000	13.382478	0.000000	6.691241	5.352989	6.691242	0.669124	0.000000	0.000000	0.000000	0.000000	0.000000	0.000000	52.499991	81.999978	5.250000	39.999997	0.000000	0.000000	0.000000	0.000000	0.000000	0.000000	0.000000	0.000000	0.000000	0.000000	0.000000	0.000000	0.000000	27.350011	14.000002	14.999993	7.500000	4.500001	1.499999	0.000000	0.000000	0.000000	0.000000	0.000000	0.000000	0.000000	0.000000	0.000000	0.000000	0.000000	0.000000	0.000000	6.575462	7.954557	23.863667	0.000000	12.434998	0.000000	0.000000	0.000000	0.000000	0.000000	0.000000	0.000000	0.000000	18.675290	20.750330	72.331818	0.000000	0.000000	0.000000	0.000000	0.000000	0.000000	0.000000	0.000000	0.000000	39.999997	5.250001	0.000000	0.000000	0.000000	0.000000
2032	2907.111200	400.000000	0.000000	100.000000	6.427765	62.712370	0.000000	0.000000	0.000000	0.000000	0.000000	0.000000	0.000000	2907.110000	0.000000	0.000000	0.000000	0.000000	655.379000	84.087500	325.864000	0.000000	0.000000	0.000000	0.000000	0.000000	0.000000	0.000000	0.000000	1130.520000	195.631574	0.000000	0.000000	0.000000	69.533529	64.178599	66.336606	0.000000	0.000000	0.000000	0.000000	0.000000	0.000000	0.000000	0.000000	138.335000	48.417197	0.000000	0.000000	0.000000	0.000000	0.000000	0.000000	0.000000	0.000000	0.000000	0.000000	0.000000	0.000000	0.000000	0.000000	0.000000	0.000000	38.975273	14.355392	23.925672	10.424738	0.000000	19.739120	47.851351	24.673900	65.472272	23.925672	23.925672	5.263647	0.000000	0.000000	0.000000	0.000000	0.000000	0.000000	0.000000	0.000000	0.000000	0.000000	0.000000	152.638640	0.000000	0.000000	256.317400	0.000000	0.000000	0.000000	0.000000	0.000000	0.000000	6.291749	0.052015	10.402989	8.116384	8.116384	8.116384	8.808462	8.322389	8.322389	8.322389	8.306660	0.207667	8.389009	6.291749	2.097250	8.389009	0.000000	0.000000	0.000000	0.000000	0.000000	0.000000	0.000000	0.000000	0.000000	0.000000	0.000000	0.000000	84.087476	48.049992	0.000000	0.000000	0.000000	0.000000	0.000000	0.000000	0.000000	0.000000	0.000000	0.000000	0.000000	84.639979	0.000000	0.000000	0.000000	0.000000	0.000000	0.000000	17.418084	10.570997	23.784691	38.319909	0.000000	133.731030	118.496000	118.495990	84.639991	0.000000	0.000000	0.000000	0.000000	29.624013	49.091240	0.000000	0.000000	0.000000	0.000000	16.928002	16.927997	29.624013	70.251216	29.624006	0.000000	0.000000	21.498613	37.749390	0.000000	0.000000	0.000000	0.000000	1.777440	0.000000	153.899000	0.000000	300.429000	108.553000	451.171000	0.000000	0.000000	0.000000	0.000000	5.620643	1.605897	13.382479	0.000000	6.691242	5.352988	6.691239	0.669124	0.000000	0.000000	0.000000	0.000000	0.000000	0.000000	52.499982	82.000010	5.249999	39.999990	0.000000	0.000000	0.000000	0.000000	0.000000	0.000000	0.000000	0.000000	0.000000	0.000000	0.000000	0.000000	0.000000	27.350011	14.000002	14.999993	7.499999	4.500001	1.499999	0.000000	0.000000	0.000000	0.000000	0.000000	0.000000	0.000000	0.000000	0.000000	0.000000	0.000000	0.000000	0.000000	6.575462	7.954557	23.863667	0.000000	12.434998	0.000000	0.000000	0.000000	0.000000	0.000000	0.000000	0.000000	0.000000	22.650864	25.167603	72.331818	0.000000	0.000000	0.000000	0.000000	0.000000	0.000000	0.000000	0.000000	0.000000	39.999991	5.249999	0.000000	0.000000	0.000000	0.000000
2033	3113.117300	400.000000	0.000000	100.000000	0.000000	62.712370	0.000000	0.000000	0.000000	0.000000	0.000000	0.000000	0.000000	3113.120000	0.000000	0.000000	0.000000	0.000000	655.379000	84.087500	325.864000	0.000000	0.000000	0.000000	0.000000	0.000000	0.000000	0.000000	0.000000	1727.270000	404.496103	0.000000	0.000000	0.000000	69.533563	64.178592	66.336605	0.000000	0.000000	0.000000	0.000000	0.000000	0.000000	0.000000	0.000000	145.173000	50.810627	0.000000	0.000000	0.000000	0.000000	0.000000	0.000000	0.000000	0.000000	0.000000	0.000000	0.000000	0.000000	0.000000	0.000000	0.000000	0.000000	38.975273	14.355392	23.925672	10.424738	0.000000	19.739120	47.851351	24.673900	65.472272	23.925672	23.925672	5.263647	0.000000	0.000000	0.000000	0.000000	0.000000	0.000000	0.000000	0.000000	0.000000	0.000000	0.000000	152.638640	0.000000	0.000000	256.317400	0.000000	0.000000	0.000000	0.000000	0.000000	0.000000	6.291749	0.052015	10.402989	8.116384	8.116384	8.116384	8.808462	8.322389	8.322389	8.322389	8.306660	0.207667	8.389009	6.291749	2.097250	8.389009	0.000000	0.000000	0.000000	0.000000	0.000000	0.000000	0.000000	0.000000	0.000000	0.000000	0.000000	0.000000	84.087466	48.049978	0.000000	0.000000	0.000000	0.000000	0.000000	0.000000	0.000000	0.000000	0.000000	0.000000	0.000000	84.639980	0.000000	0.000000	0.000000	0.000000	0.000000	0.000000	17.418079	10.571000	23.784690	38.319892	0.000000	133.731030	118.495996	118.496000	84.639990	0.000000	0.000000	0.000000	0.000000	29.624018	49.091221	0.000000	0.000000	0.000000	0.000000	16.928002	16.928001	29.624015	70.251214	29.624015	0.000000	0.000000	21.498615	37.749383	0.000000	0.000000	0.000000	0.000000	1.777440	0.000000	161.619000	0.000000	300.429000	108.553000	451.171000	0.000000	0.000000	0.000000	2.007372	5.620642	1.605897	13.382479	0.000000	6.691241	5.352986	6.691241	0.669124	0.000000	0.000000	0.000000	0.000000	0.000000	0.000000	52.499970	81.999991	5.250000	40.000005	0.000000	0.000000	0.000000	0.000000	0.000000	0.000000	0.000000	0.000000	0.000000	0.000000	0.000000	0.000000	0.000000	27.350011	14.000002	14.999993	7.499999	4.500002	1.499999	0.000000	0.000000	0.000000	0.000000	0.000000	0.000000	0.000000	0.000000	0.000000	0.000000	0.000000	0.000000	0.000000	6.575462	7.954557	23.863667	0.000000	12.434998	0.000000	0.000000	0.000000	0.000000	0.000000	0.000000	0.000000	0.000000	30.098189	33.442380	72.331818	0.000000	0.000000	0.000000	0.000000	0.000000	0.000000	0.000000	0.000000	0.000000	40.000005	5.250000	0.000000	0.000000	0.000000	0.000000
2034	3332.149100	400.000000	0.000000	100.000000	0.000000	70.000000	0.000000	0.000000	0.000000	0.000000	0.000000	0.000000	0.000000	3332.150000	0.000000	0.000000	0.000000	0.000000	655.379000	84.087500	325.864000	0.000000	0.000000	0.000000	0.000000	0.000000	0.000000	0.000000	0.000000	1724.710000	537.311943	0.000000	0.000000	0.000000	0.000000	0.000000	66.336586	0.000000	0.000000	0.000000	0.000000	0.000000	0.000000	0.000000	0.000000	191.852000	67.148172	0.000000	0.000000	0.000000	0.000000	0.000000	0.000000	0.000000	0.000000	0.000000	0.000000	0.000000	0.000000	0.000000	0.000000	0.000000	48.719088	38.975273	14.355392	23.925672	10.424738	0.000000	19.739120	47.851351	24.673900	65.472272	23.925672	23.925672	5.263647	0.000000	0.000000	0.000000	0.000000	0.000000	0.000000	0.000000	0.000000	0.000000	0.000000	0.000000	152.638640	0.000000	0.000000	256.317400	0.000000	0.000000	0.000000	0.000000	0.000000	161.471860	6.291749	0.052015	10.402989	8.116384	8.116384	8.116384	8.808462	8.322389	8.322389	8.322389	8.306660	0.207667	8.389009	6.291749	2.097250	8.389009	0.000000	0.000000	0.000000	0.000000	0.000000	0.000000	0.000000	0.000000	0.000000	0.000000	0.000000	0.000000	84.087476	48.049977	0.000000	0.000000	0.000000	0.000000	0.000000	0.000000	0.000000	0.000000	0.000000	0.000000	0.000000	84.639980	0.000000	0.000000	0.000000	0.000000	0.000000	0.000000	17.418084	10.570998	23.784698	38.319894	0.000000	133.731000	118.496000	118.495990	84.639979	0.000000	0.000000	0.000000	0.000000	29.624019	49.091220	0.000000	0.000000	0.000000	0.000000	16.927997	16.928002	29.624019	70.251214	29.624019	0.000000	0.000000	21.498615	37.749387	0.000000	0.000000	0.000000	0.000000	1.777440	0.000000	177.833000	0.000000	300.429000	270.025000	499.890000	0.000000	0.200737	4.014743	2.007372	5.620643	1.605897	13.382477	0.000000	6.691239	5.352989	6.691239	0.669124	0.000000	0.000000	0.000000	0.000000	0.000000	0.000000	52.499988	82.000010	5.249999	40.000005	0.000000	0.000000	0.000000	0.000000	0.000000	0.000000	0.000000	0.000000	0.000000	0.000000	0.000000	0.000000	0.000000	27.350010	14.000002	14.999995	7.499999	4.500002	1.499999	0.000000	0.000000	0.000000	0.000000	0.000000	0.000000	0.000000	0.000000	0.000000	0.000000	0.000000	0.000000	0.000000	6.575462	7.954557	23.863667	0.000000	12.434998	0.000000	0.000000	0.000000	0.000000	0.000000	0.000000	0.000000	0.000000	61.871394	68.745870	72.331818	0.000000	0.000000	0.000000	0.000000	0.000000	0.000000	0.000000	0.000000	0.000000	40.000010	5.250000	0.000000	0.000000	0.000000	0.000000
2035	3561.738800	400.000000	0.000000	100.000000	0.000000	70.000000	0.000000	0.000000	0.000000	0.000000	0.000000	0.000000	0.000000	3561.740000	0.000000	0.000000	0.000000	0.000000	655.379000	84.087500	325.864000	0.000000	0.000000	0.000000	0.000000	0.000000	0.000000	0.000000	0.000000	2006.450000	702.256380	0.000000	0.000000	0.000000	0.000000	0.000000	0.000000	0.000000	0.000000	0.000000	0.000000	0.000000	0.000000	0.000000	0.000000	223.931000	78.375885	0.000000	0.000000	0.000000	0.000000	0.000000	0.000000	0.000000	0.000000	0.000000	0.000000	0.000000	0.000000	0.000000	130.944580	0.000000	48.719088	38.975273	14.355392	23.925672	0.000000	0.000000	19.739120	47.851351	24.673900	65.472272	23.925672	23.925672	5.263647	0.000000	0.000000	0.000000	0.000000	0.000000	0.000000	0.000000	0.000000	0.000000	0.000000	0.000000	152.638640	0.000000	0.000000	256.317400	0.000000	0.000000	0.000000	0.000000	0.000000	161.471860	6.291749	0.052015	10.402989	8.116384	8.116384	8.116384	8.808462	8.322389	8.322389	8.322389	8.306660	0.207667	8.389009	6.291749	2.097250	8.389009	0.000000	0.000000	0.000000	0.000000	0.000000	0.000000	0.000000	0.000000	0.000000	0.000000	0.000000	0.000000	84.087482	48.049982	0.000000	0.000000	0.000000	0.000000	0.000000	0.000000	0.000000	0.000000	0.000000	0.000000	0.000000	84.639990	0.000000	0.000000	0.000000	0.000000	0.000000	0.000000	17.418097	10.570999	23.784697	38.319890	0.000000	133.731000	118.496000	118.496000	84.639980	0.000000	0.000000	0.000000	0.000000	29.624013	49.091230	0.000000	0.000000	0.000000	0.000000	16.928003	16.928002	29.624017	70.251214	29.624010	0.000000	0.000000	21.498615	37.749390	0.000000	0.000000	0.000000	0.000000	1.777440	0.000000	177.833000	0.000000	300.429000	270.025000	620.410000	0.000000	0.200737	4.014743	2.007372	5.620643	1.605897	13.382480	0.000000	6.691241	5.352986	6.691241	0.669124	0.000000	0.000000	0.000000	0.000000	0.000000	0.000000	52.499998	82.000000	5.249999	40.000000	0.000000	0.000000	0.000000	0.000000	0.000000	0.000000	0.000000	0.000000	0.000000	0.000000	0.000000	0.000000	0.000000	27.350011	14.000002	14.999993	7.499999	4.500001	1.499999	0.000000	0.000000	0.000000	0.000000	0.000000	0.000000	0.000000	0.000000	0.000000	0.000000	0.000000	0.000000	0.000000	6.575462	7.954557	23.863667	0.000000	12.434998	0.000000	0.000000	0.000000	0.000000	0.000000	0.000000	0.000000	0.000000	68.759070	76.398930	72.331818	0.000000	0.000000	0.000000	0.000000	0.000000	0.000000	0.000000	0.000000	0.000000	39.999999	5.250000	0.000000	0.000000	0.000000	0.000000
2036	3785.771400	400.000000	0.000000	100.000000	0.000000	70.000000	0.000000	0.000000	0.000000	0.000000	0.000000	0.000000	0.000000	3785.770000	0.000000	0.000000	0.000000	0.000000	655.379000	84.087500	325.864000	0.000000	0.000000	0.000000	0.000000	0.000000	0.000000	0.000000	0.000000	2470.980000	864.843700	0.000000	0.000000	0.000000	0.000000	0.000000	0.000000	0.000000	0.000000	0.000000	0.000000	0.000000	0.000000	0.000000	0.000000	243.371000	85.179976	0.000000	0.000000	0.000000	0.000000	0.000000	0.000000	0.000000	0.000000	0.000000	0.000000	0.000000	0.000000	0.000000	130.944580	0.000000	48.719088	38.975273	14.355392	23.925672	0.000000	0.000000	19.739120	47.851351	24.673900	65.472272	23.925672	23.925672	5.263647	0.000000	0.000000	0.000000	0.000000	0.000000	0.000000	0.000000	0.000000	0.000000	0.000000	0.000000	152.638640	0.000000	0.000000	256.317400	0.000000	0.000000	0.000000	0.000000	0.000000	217.479330	6.291749	0.052015	10.402989	8.116384	8.116384	8.116384	8.808462	8.322389	8.322389	8.322389	8.306660	0.207667	8.389009	6.291749	2.097250	8.389009	0.000000	0.000000	0.000000	0.000000	0.000000	0.000000	0.000000	0.000000	0.000000	0.000000	0.000000	0.000000	84.087480	48.049987	0.000000	0.000000	0.000000	0.000000	0.000000	0.000000	0.000000	0.000000	0.000000	0.000000	0.000000	84.639989	0.000000	0.000000	0.000000	0.000000	0.000000	0.000000	17.418087	10.570999	23.784682	38.319898	0.000000	133.731000	118.495990	118.496000	84.639980	0.000000	0.000000	0.000000	0.000000	29.624011	49.091240	0.000000	0.000000	0.000000	0.000000	16.928005	16.927997	29.624019	70.251220	29.624013	0.000000	0.000000	21.498615	37.749387	0.000000	0.000000	0.000000	0.000000	1.777440	0.000000	177.833000	0.000000	300.429000	326.032000	620.410000	0.000000	0.200737	4.014742	2.007373	5.620642	1.605897	13.382478	0.000000	6.691237	5.352990	6.691240	0.669124	0.000000	0.000000	0.000000	0.000000	0.000000	0.000000	52.500000	82.000003	5.250000	40.000000	0.000000	0.000000	0.000000	0.000000	0.000000	0.000000	0.000000	0.000000	0.000000	0.000000	0.000000	0.000000	0.000000	27.350010	14.000002	14.999993	7.499999	4.500001	1.499999	0.000000	0.000000	0.000000	0.000000	0.000000	0.000000	0.000000	0.000000	0.000000	0.000000	0.000000	0.000000	0.000000	6.575462	7.954557	23.863667	0.000000	12.434997	0.000000	0.000000	0.000000	0.000000	0.000000	0.000000	0.000000	0.000000	81.071980	90.079920	72.331818	0.000000	0.000000	0.000000	0.000000	0.000000	0.000000	0.000000	0.000000	0.000000	40.000000	5.250000	0.000000	0.000000	0.000000	0.000000
2037	4036.869600	400.000000	0.000000	100.000000	0.000000	70.000000	0.000000	0.000000	0.000000	0.000000	0.000000	0.000000	0.000000	4036.870000	0.000000	0.000000	0.000000	0.000000	653.601000	84.087500	325.864000	0.000000	0.000000	0.000000	0.000000	0.000000	0.000000	0.000000	0.000000	2996.740000	1048.858545	0.000000	0.000000	0.000000	0.000000	0.000000	0.000000	0.000000	0.000000	0.000000	0.000000	0.000000	0.000000	0.000000	0.000000	265.141000	92.799343	0.000000	0.000000	0.000000	0.000000	0.000000	0.000000	0.000000	0.000000	0.000000	0.000000	0.000000	0.000000	0.000000	130.944580	0.000000	48.719088	38.975273	14.355392	23.925672	0.000000	0.000000	19.739120	47.851351	24.673900	65.472272	23.925672	23.925672	5.263647	0.000000	0.000000	0.000000	0.000000	0.000000	0.000000	0.000000	0.000000	0.000000	0.000000	0.000000	152.638640	0.000000	0.000000	256.317400	0.000000	0.000000	0.000000	0.000000	0.000000	280.254420	6.291749	0.052015	10.402989	8.116384	8.116384	8.116384	8.808462	8.322389	8.322389	8.322389	8.306660	0.207667	8.389009	6.291749	2.097250	8.389009	0.000000	0.000000	0.000000	0.000000	0.000000	0.000000	0.000000	0.000000	0.000000	0.000000	0.000000	0.000000	84.087476	48.049979	0.000000	0.000000	0.000000	0.000000	0.000000	0.000000	0.000000	0.000000	0.000000	0.000000	0.000000	84.639970	0.000000	0.000000	0.000000	0.000000	0.000000	0.000000	17.418095	10.570997	23.784699	38.319904	0.000000	133.731000	118.496000	118.496000	84.639980	0.000000	0.000000	0.000000	0.000000	29.624016	49.091225	0.000000	0.000000	0.000000	0.000000	16.928000	16.928002	29.624013	70.251214	29.624013	0.000000	0.000000	21.498618	37.749396	0.000000	0.000000	0.000000	0.000000	0.000000	0.000000	177.833000	0.000000	300.429000	388.807000	620.410000	0.000000	0.200737	4.014743	2.007372	5.620644	1.605897	13.382477	0.000000	6.691240	5.352988	6.691241	0.669124	0.000000	0.000000	0.000000	0.000000	0.000000	0.000000	52.499992	82.000010	5.249999	40.000003	0.000000	0.000000	0.000000	0.000000	0.000000	0.000000	0.000000	0.000000	0.000000	0.000000	0.000000	0.000000	0.000000	27.350014	14.000002	14.999993	7.500000	4.500002	1.499999	0.000000	0.000000	0.000000	0.000000	0.000000	0.000000	0.000000	0.000000	0.000000	0.000000	0.000000	0.000000	0.000000	6.575462	7.954557	23.863667	0.000000	12.434998	0.000000	0.000000	0.000000	0.000000	0.000000	0.000000	0.000000	0.000000	94.863460	105.403780	72.331818	0.000000	0.000000	0.000000	0.000000	0.000000	0.000000	0.000000	0.000000	0.000000	39.999999	5.249999	0.000000	0.000000	0.000000	0.000000
2038	4296.809300	400.000000	0.000000	100.000000	0.000000	69.839414	0.000000	0.000000	0.000000	0.000000	0.000000	0.000000	0.000000	4296.810000	0.000000	0.000000	0.000000	0.000000	629.816000	84.087500	325.864000	0.000000	0.000000	0.000000	0.000000	0.000000	0.000000	0.000000	0.000000	3840.210000	1344.072555	0.000000	0.000000	0.000000	0.000000	0.000000	0.000000	0.000000	0.000000	0.000000	0.000000	0.000000	0.000000	0.000000	0.000000	297.735000	104.207246	0.000000	0.000000	0.000000	0.000000	0.000000	0.000000	0.000000	0.000000	0.000000	0.000000	0.000000	0.000000	0.000000	130.944580	0.000000	48.719088	38.975273	14.355392	23.925672	0.000000	0.000000	19.739120	47.851351	24.673900	65.472272	23.925672	23.925672	5.263647	0.000000	0.000000	0.000000	0.000000	0.000000	0.000000	0.000000	0.000000	0.000000	0.000000	0.000000	0.000000	0.000000	0.000000	256.317400	0.000000	0.000000	0.000000	0.000000	0.000000	508.332890	6.291749	0.000000	0.000000	8.116384	8.116384	8.116384	8.808462	8.322389	8.322389	8.322389	8.306660	0.207667	8.389009	6.291749	2.097250	8.389009	0.000000	0.000000	0.000000	0.000000	0.000000	0.000000	0.000000	0.000000	0.000000	0.000000	0.000000	0.000000	84.087490	48.049978	0.000000	0.000000	0.000000	0.000000	0.000000	0.000000	0.000000	0.000000	0.000000	0.000000	0.000000	84.639970	0.000000	0.000000	0.000000	0.000000	0.000000	0.000000	17.418092	10.570998	0.000000	38.319893	0.000000	133.731000	118.495990	118.496000	84.639980	0.000000	0.000000	0.000000	0.000000	29.624018	49.091240	0.000000	0.000000	0.000000	0.000000	16.928003	16.928003	29.624015	70.251220	29.624019	0.000000	0.000000	21.498618	37.749391	0.000000	0.000000	0.000000	0.000000	0.000000	0.000000	177.833000	0.000000	218.429000	606.431000	467.772000	0.000000	0.200737	4.014743	2.007372	5.620643	1.605897	13.382482	0.000000	6.691242	5.352987	6.691240	0.669124	0.000000	0.000000	0.000000	0.000000	0.000000	0.000000	52.499990	0.000000	5.249998	40.000000	0.000000	0.000000	0.000000	0.000000	0.000000	0.000000	0.000000	0.000000	0.000000	0.000000	0.000000	0.000000	0.000000	27.350004	14.000002	14.999993	7.499999	4.500002	1.499999	0.000000	0.000000	0.000000	0.000000	0.000000	0.000000	0.000000	0.000000	0.000000	0.000000	0.000000	0.000000	0.000000	6.575462	7.954557	23.863667	0.000000	12.434998	0.000000	0.000000	0.000000	0.000000	0.000000	0.000000	0.000000	0.000000	149.244679	165.827200	72.331818	0.000000	0.000000	0.000000	0.000000	0.000000	0.000000	0.000000	0.000000	0.000000	39.999999	5.249998	0.000000	0.000000	0.000000	0.000000
2039	4571.100400	400.000000	0.000000	99.805580	0.974890	69.025110	0.000000	0.000000	0.000000	0.000000	0.000000	0.000000	0.000000	4571.100000	0.000000	0.000000	0.000000	0.000000	581.496000	84.087500	88.872000	0.000000	0.000000	0.000000	0.000000	0.000000	0.000000	0.000000	0.000000	5219.610000	1826.864340	0.000000	0.000000	0.000000	0.000000	0.000000	0.000000	0.000000	0.000000	0.000000	0.000000	0.000000	0.000000	0.000000	0.000000	319.707000	111.897555	0.000000	0.000000	0.000000	0.000000	0.000000	0.000000	0.000000	0.000000	0.000000	0.000000	0.000000	0.000000	0.000000	130.944580	0.000000	48.719088	38.975273	14.355392	23.925672	0.000000	0.000000	19.739120	47.851351	24.673900	65.472272	23.925672	23.925672	5.263647	0.000000	0.000000	0.000000	0.000000	0.000000	0.000000	0.000000	0.000000	0.000000	0.000000	0.000000	0.000000	0.000000	0.000000	256.317400	0.000000	0.000000	0.000000	0.000000	0.000000	576.905780	6.291749	0.000000	0.000000	8.116384	8.116384	8.116384	8.808462	8.322389	8.322389	8.322389	8.306660	0.207667	8.389009	6.291749	2.097250	8.389009	0.000000	0.000000	0.000000	0.000000	0.000000	0.000000	0.000000	0.000000	0.000000	0.000000	0.000000	0.000000	84.087486	48.049981	0.000000	0.000000	0.000000	0.000000	0.000000	0.000000	0.000000	0.000000	0.000000	0.000000	0.000000	84.639980	0.000000	0.000000	0.000000	0.000000	0.000000	0.000000	17.418094	0.000000	0.000000	38.319889	0.000000	133.731000	0.000000	0.000000	84.639980	0.000000	0.000000	0.000000	0.000000	29.624016	49.091240	0.000000	0.000000	0.000000	0.000000	16.928002	16.928005	29.624020	70.251220	29.624017	0.000000	0.000000	21.498624	0.000000	0.000000	0.000000	0.000000	0.000000	0.000000	0.000000	177.833000	0.000000	218.429000	675.003000	467.772000	0.000000	0.200737	4.014742	2.007372	5.620642	1.605897	13.382481	0.000000	6.691241	5.352986	6.691241	0.669124	0.000000	0.000000	0.000000	0.000000	0.000000	0.000000	52.499995	0.000000	5.250000	40.000000	0.000000	0.000000	0.000000	0.000000	0.000000	0.000000	0.000000	0.000000	0.000000	0.000000	0.000000	0.000000	0.000000	27.350010	14.000002	14.999995	7.500000	4.500001	1.499999	0.000000	0.000000	0.000000	0.000000	0.000000	0.000000	0.000000	0.000000	0.000000	0.000000	0.000000	0.000000	0.000000	6.575462	7.954557	23.863667	0.000000	12.434998	0.000000	0.000000	0.000000	0.000000	0.000000	0.000000	0.000000	0.000000	162.174307	180.193600	72.331818	0.000000	0.000000	0.000000	0.000000	0.000000	0.000000	0.000000	0.000000	0.000000	40.000000	5.250000	0.000000	0.000000	0.000000	0.000000
2040	4860.601500	400.000000	0.987366	98.607300	0.974890	69.025110	0.000000	0.000000	0.000000	0.000000	0.000000	0.000000	0.000000	4860.600000	0.000000	0.000000	0.000000	0.000000	559.997000	84.087500	88.872000	0.000000	0.000000	0.000000	0.000000	0.000000	0.000000	0.000000	0.000000	5874.540000	2056.090680	0.000000	0.000000	0.000000	0.000000	0.000000	0.000000	0.000000	0.000000	0.000000	0.000000	0.000000	0.000000	0.000000	0.000000	345.038000	120.763478	0.000000	0.000000	0.000000	0.000000	0.000000	0.000000	0.000000	0.000000	0.000000	0.000000	0.000000	0.000000	0.000000	130.944580	0.000000	48.719088	38.975273	14.355392	23.925672	0.000000	0.000000	19.739120	47.851351	24.673900	65.472272	23.925672	23.925672	5.263647	0.000000	0.000000	0.000000	0.000000	0.000000	0.000000	0.000000	0.000000	0.000000	0.000000	0.000000	0.000000	0.000000	0.000000	256.317400	0.000000	0.000000	0.000000	0.000000	0.000000	649.280700	6.291749	0.000000	0.000000	8.116384	8.116384	8.116384	8.808462	8.322389	8.322389	8.322389	8.306660	0.207667	8.389009	6.291749	2.097250	8.389009	0.000000	0.000000	0.000000	0.000000	0.000000	0.000000	0.000000	0.000000	0.000000	0.000000	0.000000	0.000000	84.087480	48.049979	0.000000	0.000000	0.000000	0.000000	0.000000	0.000000	0.000000	0.000000	0.000000	0.000000	0.000000	84.639970	0.000000	0.000000	0.000000	0.000000	0.000000	0.000000	17.418090	0.000000	0.000000	38.319894	0.000000	133.731000	0.000000	0.000000	84.639970	0.000000	0.000000	0.000000	0.000000	29.624016	49.091230	0.000000	0.000000	0.000000	0.000000	16.928005	16.928005	29.624016	70.251220	29.624015	0.000000	0.000000	0.000000	0.000000	0.000000	0.000000	0.000000	0.000000	0.000000	0.000000	177.833000	0.000000	218.429000	747.378000	467.772000	0.000000	0.200737	4.014745	2.007372	5.620640	1.605897	13.382480	0.000000	6.691241	5.352986	6.691240	0.669124	0.000000	0.000000	0.000000	0.000000	0.000000	0.000000	52.499990	0.000000	5.249999	40.000000	0.000000	0.000000	0.000000	0.000000	0.000000	0.000000	0.000000	0.000000	0.000000	0.000000	0.000000	0.000000	0.000000	27.350004	14.000002	14.999995	7.500000	4.500002	1.499999	0.000000	0.000000	0.000000	0.000000	0.000000	0.000000	0.000000	0.000000	0.000000	0.000000	0.000000	0.000000	0.000000	6.575462	7.954557	23.863667	0.000000	12.434998	0.000000	0.000000	0.000000	0.000000	0.000000	0.000000	0.000000	0.000000	177.059700	196.733000	72.331818	0.000000	0.000000	0.000000	0.000000	0.000000	0.000000	0.000000	0.000000	0.000000	40.000000	5.249999	0.000000	0.000000	0.000000	0.000000
2041	4860.601500	400.000000	1.392700	98.607300	1.611299	66.587920	0.000000	0.000000	0.000000	0.000000	0.000000	0.000000	0.000000	4860.600000	0.000000	0.000000	0.000000	0.000000	542.579000	84.087500	88.872000	0.000000	0.000000	0.000000	0.000000	0.000000	0.000000	0.000000	0.000000	6059.740000	2120.909385	0.000000	0.000000	0.000000	0.000000	0.000000	0.000000	0.000000	0.000000	0.000000	0.000000	0.000000	0.000000	0.000000	0.000000	356.779000	124.872818	0.000000	0.000000	0.000000	0.000000	0.000000	0.000000	0.000000	0.000000	0.000000	0.000000	0.000000	0.000000	0.000000	130.944580	0.000000	48.719088	38.975273	14.355392	23.925672	0.000000	0.000000	19.739120	0.000000	24.673900	65.472272	23.925672	23.925672	5.263647	0.000000	0.000000	0.000000	0.000000	0.000000	0.000000	0.000000	0.000000	0.000000	0.000000	0.000000	0.000000	0.000000	0.000000	256.317400	0.000000	0.000000	0.000000	0.000000	0.000000	713.777400	6.291749	0.000000	0.000000	8.116384	8.116384	8.116384	8.808462	0.000000	0.000000	8.322389	8.306660	0.207667	8.389009	6.291749	2.097250	8.389009	0.000000	0.000000	0.000000	0.000000	0.000000	0.000000	0.000000	0.000000	0.000000	0.000000	0.000000	0.000000	84.087480	48.049984	0.000000	0.000000	0.000000	0.000000	0.000000	0.000000	0.000000	0.000000	0.000000	0.000000	0.000000	84.639980	0.000000	0.000000	0.000000	0.000000	0.000000	0.000000	0.000000	0.000000	0.000000	38.319910	0.000000	133.731000	0.000000	0.000000	84.639970	0.000000	0.000000	0.000000	0.000000	29.624019	49.091234	0.000000	0.000000	0.000000	0.000000	16.928000	16.928000	29.624013	70.251220	29.624013	0.000000	0.000000	0.000000	0.000000	0.000000	0.000000	0.000000	0.000000	0.000000	0.000000	177.833000	0.000000	165.929000	795.230000	419.920000	0.000000	0.200737	4.014742	2.007372	5.620643	1.605897	13.382475	0.000000	6.691241	5.352991	6.691244	0.669124	0.000000	0.000000	0.000000	0.000000	0.000000	0.000000	0.000000	0.000000	5.249999	40.000001	0.000000	0.000000	0.000000	0.000000	0.000000	0.000000	0.000000	0.000000	0.000000	0.000000	0.000000	0.000000	0.000000	27.350014	14.000002	14.999993	7.499999	4.500002	1.499999	0.000000	0.000000	0.000000	0.000000	0.000000	0.000000	0.000000	0.000000	0.000000	0.000000	0.000000	0.000000	0.000000	6.575462	7.954557	23.863667	0.000000	12.434998	0.000000	0.000000	0.000000	0.000000	0.000000	0.000000	0.000000	0.000000	199.468950	221.632120	72.331818	0.000000	0.000000	0.000000	0.000000	0.000000	0.000000	0.000000	0.000000	0.000000	40.000001	5.250000	0.000000	0.000000	0.000000	0.000000
2042	4860.601500	399.989600	0.000000	100.000000	1.611299	66.587920	0.000000	0.000000	0.000000	0.000000	0.000000	0.000000	0.000000	4860.600000	0.000000	0.000000	0.000000	0.000000	542.579000	84.087500	88.872000	0.000000	0.000000	0.000000	0.000000	0.000000	0.000000	0.000000	0.000000	6059.740000	2120.909455	0.000000	0.000000	0.000000	0.000000	0.000000	0.000000	0.000000	0.000000	0.000000	0.000000	0.000000	0.000000	0.000000	0.000000	364.843000	127.695060	0.000000	0.000000	0.000000	0.000000	0.000000	0.000000	0.000000	0.000000	0.000000	0.000000	0.000000	0.000000	0.000000	130.944580	0.000000	48.719088	38.975273	14.355392	23.925672	0.000000	0.000000	19.739120	0.000000	24.673900	65.472272	23.925672	23.925672	5.263647	0.000000	0.000000	0.000000	0.000000	0.000000	0.000000	0.000000	0.000000	0.000000	0.000000	0.000000	0.000000	0.000000	0.000000	256.317400	0.000000	0.000000	0.000000	0.000000	0.000000	722.166100	6.291749	0.000000	0.000000	8.116384	8.116384	8.116384	8.808462	0.000000	0.000000	8.322389	8.306660	0.207667	8.389009	6.291749	2.097250	0.000000	0.000000	0.000000	0.000000	0.000000	0.000000	0.000000	0.000000	0.000000	0.000000	0.000000	0.000000	0.000000	84.087470	48.049981	0.000000	0.000000	0.000000	0.000000	0.000000	0.000000	0.000000	0.000000	0.000000	0.000000	0.000000	84.639980	0.000000	0.000000	0.000000	0.000000	0.000000	0.000000	0.000000	0.000000	0.000000	38.319902	0.000000	133.731000	0.000000	0.000000	84.639980	0.000000	0.000000	0.000000	0.000000	29.624007	49.091225	0.000000	0.000000	0.000000	0.000000	16.928000	16.928000	29.624007	70.251213	29.624007	0.000000	0.000000	0.000000	0.000000	0.000000	0.000000	0.000000	0.000000	0.000000	0.000000	177.833000	0.000000	165.929000	795.230000	419.920000	0.000000	0.200737	4.014742	2.007372	5.620640	1.605897	13.382476	0.000000	6.691243	5.352988	6.691240	0.669124	0.000000	0.000000	0.000000	0.000000	0.000000	0.000000	0.000000	0.000000	5.250000	40.000000	0.000000	0.000000	0.000000	0.000000	0.000000	0.000000	0.000000	0.000000	0.000000	0.000000	0.000000	0.000000	0.000000	27.350014	14.000002	14.999993	7.499999	4.500002	1.499999	0.000000	0.000000	0.000000	0.000000	0.000000	0.000000	0.000000	0.000000	0.000000	0.000000	0.000000	0.000000	0.000000	6.575462	7.954557	23.863667	0.000000	12.434998	0.000000	0.000000	0.000000	0.000000	0.000000	0.000000	0.000000	0.000000	199.706450	221.896180	72.331818	0.000000	0.000000	0.000000	0.000000	0.000000	0.000000	0.000000	0.000000	0.000000	40.000000	5.250000	0.000000	0.000000	0.000000	0.000000
2043	4860.601500	387.496300	0.000000	100.000000	1.346950	66.587920	0.000000	0.000000	0.000000	0.000000	0.000000	0.000000	0.000000	4860.600000	0.000000	0.000000	0.000000	0.000000	504.259000	84.087500	88.872000	0.000000	0.000000	0.000000	0.000000	0.000000	0.000000	0.000000	0.000000	6205.390000	2171.886710	0.000000	0.000000	0.000000	0.000000	0.000000	0.000000	0.000000	0.000000	0.000000	0.000000	0.000000	0.000000	0.000000	0.000000	364.668000	127.623975	0.000000	0.016315	0.000000	0.000000	0.000000	0.000000	0.000000	0.000000	0.000000	0.000000	0.000000	0.000000	0.000000	130.944580	0.000000	48.719088	38.975273	14.355392	23.925672	0.000000	0.000000	19.739120	0.000000	24.673900	65.472272	23.925672	23.925672	5.263647	0.000000	0.000000	0.000000	0.000000	0.000000	0.000000	0.000000	0.000000	0.000000	0.000000	0.000000	0.000000	0.000000	0.000000	256.317400	0.000000	0.000000	0.000000	0.000000	0.000000	730.487200	6.291749	0.000000	0.000000	8.116384	8.116384	8.116384	8.808462	0.000000	0.000000	0.000000	8.306660	0.207667	8.389009	6.291749	2.097250	0.000000	0.000000	0.000000	0.000000	0.000000	0.000000	0.000000	0.000000	0.000000	0.000000	0.000000	0.000000	0.000000	84.087470	48.049979	0.000000	0.000000	0.000000	0.000000	0.000000	0.000000	0.000000	0.000000	0.000000	0.000000	0.000000	84.639970	0.000000	0.000000	0.000000	0.000000	0.000000	0.000000	0.000000	0.000000	0.000000	0.000000	0.000000	133.731000	0.000000	0.000000	84.639980	0.000000	0.000000	0.000000	0.000000	29.624019	49.091238	0.000000	0.000000	0.000000	0.000000	16.928003	16.928003	29.624019	70.251221	29.624019	0.000000	0.000000	0.000000	0.000000	0.000000	0.000000	0.000000	0.000000	0.000000	0.000000	177.833000	0.000000	165.929000	795.230000	419.920000	0.000000	0.200737	4.014745	2.007372	5.620643	1.605897	13.382480	0.000000	6.691241	5.352986	6.691241	0.669124	0.000000	0.000000	0.000000	0.000000	0.000000	0.000000	0.000000	0.000000	5.250001	40.000000	0.000000	0.000000	0.000000	0.000000	0.000000	0.000000	0.000000	0.000000	0.000000	0.000000	0.000000	0.000000	0.000000	27.350004	14.000002	14.999993	7.499999	4.500001	1.499999	0.000000	0.000000	0.000000	0.000000	0.000000	0.000000	0.000000	0.000000	0.000000	0.000000	0.000000	0.000000	0.000000	6.575462	7.954557	23.863667	0.000000	12.434997	0.000000	0.000000	0.000000	0.000000	0.000000	0.000000	0.000000	0.000000	198.299520	220.332770	72.331818	0.000000	0.000000	0.000000	0.000000	0.000000	0.000000	0.000000	0.000000	0.000000	40.000000	5.250002	0.000000	0.000000	0.000000	0.000000
2044	4860.601500	400.000000	0.000000	100.000000	1.700269	66.587920	0.000000	0.000000	0.000000	0.000000	0.000000	0.000000	0.000000	4860.600000	0.000000	0.000000	0.000000	0.000000	370.528000	84.087500	88.872000	0.000000	0.000000	0.000000	0.000000	0.000000	0.000000	0.000000	0.000000	6551.930000	2293.174450	0.000000	0.000000	0.000000	0.000000	0.000000	0.000000	0.000000	0.000000	0.000000	0.000000	0.000000	0.000000	0.000000	0.000000	366.109000	128.128259	0.000000	0.016315	0.000000	0.000000	0.000000	0.000000	0.000000	0.000000	0.000000	0.000000	0.000000	0.000000	0.000000	130.944580	0.000000	48.719088	38.975273	14.355392	23.925672	0.000000	0.000000	19.739120	0.000000	24.673900	65.472272	23.925672	23.925672	5.263647	0.000000	0.000000	0.000000	0.000000	0.000000	0.000000	0.000000	0.000000	0.000000	0.000000	0.000000	0.000000	0.000000	0.000000	256.317400	0.000000	0.000000	0.000000	0.000000	0.000000	730.696100	6.291749	0.000000	0.000000	8.116384	8.116384	8.116384	8.808462	0.000000	0.000000	0.000000	8.306660	0.000000	8.389009	6.291749	2.097250	0.000000	0.000000	0.000000	0.000000	0.000000	0.000000	0.000000	0.000000	0.000000	0.000000	0.000000	0.000000	0.000000	84.087470	48.049978	0.000000	0.000000	0.000000	0.000000	0.000000	0.000000	0.000000	0.000000	0.000000	0.000000	0.000000	84.639980	0.000000	0.000000	0.000000	0.000000	0.000000	0.000000	0.000000	0.000000	0.000000	0.000000	0.000000	0.000000	0.000000	0.000000	84.639970	0.000000	0.000000	0.000000	0.000000	29.624019	49.091230	0.000000	0.000000	0.000000	0.000000	16.928003	16.928003	29.624019	70.251220	29.624016	0.000000	0.000000	0.000000	0.000000	0.000000	0.000000	0.000000	0.000000	0.000000	0.000000	175.259000	0.000000	165.929000	795.230000	419.920000	0.000000	0.200737	4.014743	2.007373	5.620640	1.605897	13.382477	0.000000	6.691242	5.352988	6.691241	0.000000	0.000000	0.000000	0.000000	0.000000	0.000000	0.000000	0.000000	0.000000	5.250000	40.000001	0.000000	0.000000	0.000000	0.000000	0.000000	0.000000	0.000000	0.000000	0.000000	0.000000	0.000000	0.000000	0.000000	27.350004	14.000002	14.999995	7.500000	4.500002	1.499999	0.000000	0.000000	0.000000	0.000000	0.000000	0.000000	0.000000	0.000000	0.000000	0.000000	0.000000	0.000000	0.000000	6.575462	7.954557	23.863667	0.000000	12.434998	0.000000	0.000000	0.000000	0.000000	0.000000	0.000000	0.000000	0.000000	200.539128	222.821100	72.331818	0.000000	0.000000	0.000000	0.000000	0.000000	0.000000	0.000000	0.000000	0.000000	40.000001	5.250000	0.000000	0.000000	0.000000	0.000000
2045	4860.601500	400.000000	1.392700	98.607300	1.700269	66.587920	0.000000	0.000000	0.000000	0.000000	0.000000	0.000000	0.000000	4860.600000	0.000000	0.000000	0.000000	0.000000	370.528000	84.087500	88.872000	0.000000	0.000000	0.000000	0.000000	0.000000	0.000000	0.000000	0.000000	6551.930000	2293.174100	0.000000	0.000000	0.000000	0.000000	0.000000	0.000000	0.000000	0.000000	0.000000	0.000000	0.000000	0.000000	0.000000	0.000000	358.239000	125.381515	0.000000	0.003601	0.000000	0.000000	0.000000	0.000000	0.000000	0.000000	0.000000	0.000000	0.000000	0.000000	0.000000	130.944580	0.000000	48.719088	38.975273	14.355392	23.925672	0.000000	0.000000	19.739120	0.000000	24.673900	65.472272	23.925672	23.925672	5.263647	0.000000	0.000000	0.000000	0.000000	0.000000	0.000000	0.000000	0.000000	0.000000	0.000000	0.000000	0.000000	0.000000	0.000000	256.317400	0.000000	0.000000	0.000000	0.000000	0.000000	738.811900	6.291749	0.000000	0.000000	8.116384	0.000000	8.116384	8.808462	0.000000	0.000000	0.000000	8.306660	0.000000	8.389009	6.291749	2.097250	0.000000	0.000000	0.000000	0.000000	0.000000	0.000000	0.000000	0.000000	0.000000	0.000000	0.000000	0.000000	0.000000	84.087470	48.049979	0.000000	0.000000	0.000000	0.000000	0.000000	0.000000	0.000000	0.000000	0.000000	0.000000	0.000000	84.639970	0.000000	0.000000	0.000000	0.000000	0.000000	0.000000	0.000000	0.000000	0.000000	0.000000	0.000000	0.000000	0.000000	0.000000	84.639990	0.000000	0.000000	0.000000	0.000000	29.624016	49.091230	0.000000	0.000000	0.000000	0.000000	16.928000	16.928003	29.624016	70.251220	29.624019	0.000000	0.000000	0.000000	0.000000	0.000000	0.000000	0.000000	0.000000	0.000000	0.000000	175.259000	0.000000	165.929000	795.230000	419.920000	0.000000	0.200737	4.014743	2.007372	5.620641	1.605897	13.382479	0.000000	6.691241	5.352988	6.691241	0.000000	0.000000	0.000000	0.000000	0.000000	0.000000	0.000000	0.000000	0.000000	5.250000	40.000000	0.000000	0.000000	0.000000	0.000000	0.000000	0.000000	0.000000	0.000000	0.000000	0.000000	0.000000	0.000000	0.000000	27.350004	14.000002	14.999995	7.500000	4.500002	1.499999	0.000000	0.000000	0.000000	0.000000	0.000000	0.000000	0.000000	0.000000	0.000000	0.000000	0.000000	0.000000	0.000000	6.575462	7.954557	23.863667	0.000000	12.434998	0.000000	0.000000	0.000000	0.000000	0.000000	0.000000	0.000000	0.000000	200.772374	223.080500	72.331818	0.000000	0.000000	0.000000	0.000000	0.000000	0.000000	0.000000	0.000000	0.000000	40.000000	5.250001	0.000000	0.000000	0.000000	0.000000

" "
"Table 3:"		"KEa - Highdemand"
"Aug 19, 2024 23:48"		"KEaCumulNewCapacity"
	KEEL00T00	KEEL00i00_HVDC	KEEL00i00_TANESCO	KEEL00i00_UETCL	KEEL00i00	KEEL00TDI	KEEL00TDR	KEEL00TDU	KEEL00TDC	KEEL00TUI	KEEL00TUR	KEEL00TUS	KEEL00TUU	KEEL00TUC	KEDS00I00	KENU00I00	KEGE00I00	KEGE00I00_Generic	KEGE00I00_steam	KEDSRC00	KEDSRC01_Tsavo_Extended	KEDSSC00	KEDSRI00	KEDSRU00	KEDSRB00	KEDSRR00	KEHF00I00_NAIROBI	KEHF00I00	KEHFRC00	KEHFRC01_Tsavo	KEHFRC01_Rabai	KEHFRC01_Kipevu_III	KEHFRC10_Thika	KEHFRC10_Gulf	KEHFRC10_Triumph	KEHFRC03	KEHFRC10	KEHFRC02	KEHFRC01	KECO00X00	KECOSC00	KECOSC11	KENG00I00_LNG	KENG00I00	KENGSC00	KENGSC12_Dongo_Kundu	KENGCC00	KENGCC12_LNG_Backup2	KENGCC12_LNG_Backup26	KENGCC12_LNG_Backup35	KENGCC12_LNG_Backup4	KENGCC12_LNG2	KENUPW00	KENUPW20_Nuclear_III	KENUPW20_Nuclear_II	KENUPW20_Nuclear_I	KENUPW20	KEWDLC00	KEWDLCZ004_Marsabit_PhII	KEWDLCZ007_Meru_PhIII	KEWDLCZ007_Meru_PhII	KEWDLCZ007_Meru_PhI	KEWDLCZ008_Oldanyat	KEWDLCZ008_Prunus	KEWDLCZH08_Ngong_PhII	KEWDLCZH08_Ngong_PhI	KEWDLCZ001_Bahari2	KEWDLCZH08_Kipeto	KEWDLCZ001_Bahari_PhI	KEWDLCZ004_Marsabit_PhI	KEWDLCZ008_Aperture	KEWDLCZ008_Chania	KEWDLCZ008_Ngong1_PhIII	KEWDOC00	KEWDLCZ010	KEWDLCZ009	KEWDLCZ008	KEWDLCZ007	KEWDLCZ006	KEWDLCZ005	KEWDLCZ004	KEWDLCZ003	KEWDLCZ002	KEWDLCZ001	KEWDLCZDP09_Lake_Turkana	KEWDLCZH08	KESOTN00	KESOTNZ002	KESOTNZ001	KESOTS00	KESOTSZ002	KESOTSZ001	KESOTG00	KESOPC00	KESOPCZ001_Kenya_Solar	KESOPCZ003_Strathmore	KESOPCZ003_REA_Garissa	KESOPCZ008_Kibwezi	KESOPCZ008_Tarita_Green	KESOPCZ008_Kopere	KESOPCZ001_SevenForks	KESOPCZ003_Eldosol	KESOPCZ003_Selenkei	KESOPCZ003_Alten	KESOPCZ009_Kenergy	KESOPCZ009_MarcoBorero	KESOPCZ001_Greenmillenia	KESOPCZ001_Makindu	KESOPCZ001_HannanArya	KESOPCZ001_Malindi	KESOPCZ010	KESOPCZ009	KESOPCZ008	KESOPCZ007	KESOPCZ006	KESOPCZ005	KESOPCZ004	KESOPCZ003	KESOPCZ002	KESOPCZ001	KEGOCV00	KEGOCV18_Menengai_V	KEGOCV16_Olkaria_7	KEGOCV16_Olkaria_6	KEGOCV12_Suswa_I	KEGOCV12_Suswa_II	KEGOCV12_Suswa_III	KEGOCV12_Olsuswa_I	KEGOCV13_Akiira_I	KEGOCV13_Akiira_II	KEGOCV20_AGIL_I	KEGOCV20_AGIL_II	KEGOCV20_AGIL_III	KEGOCV20_AGIL_IV	KEGOCV17_Korosi_I	KEGOCV17_Paka_I	KEGOCV16_Olkaria_II_Rehab	KEGOCV17_Paka_II	KEGOCV17_Silali_II	KEGOCV17_Paka_III	KEGOCV17_Silali_III	KEGOCV18_Menengai_IV	KEGOCV01_Orpower_4P4	KEGOCV01_Orpower_4P3	KEGOCV01_Orpower_4P2	KEGOCV01_Orpower_4PI	KEGOCV01_Olkaria_2	KEGOCV10_OLK_V	KEGOCV10_OLK_IAU	KEGOCV10_OLK_IV	KEGOCV17_Baringo_Silali_I	KEGOCV18_Menengai_III	KEGOCV18_Menengai_1_Stage2	KEGOCV12_Suswa	KEGOCV12_Eburru	KEGOCV16_Menengai_1_Orpower22	KEGOCV18_Wellheadleasing	KEGOCV13_Marine_Power_Akiira	KEGOCV16_Olkaria8	KEGOCV16_Olkaria9	KEGOCV17_Baringo_Silali	KEGOCV16_Olkaria_1V_Uprating	KEGOCV16_Olkaria_1_Uprating	KEGOCV18_Menengai_1_Quantum	KEGOCV16_Olkaria_1_Unit6	KEGOCV18_Menengai_1_Sosian	KEGOCV20	KEGOCV16	KEGOCV15	KEGOCV14	KEGOCV13	KEGOCV12	KEGOCV11	KEGOCV10	KEGOCV03	KEGOCV02	KEBM00X00	KEBW00X00	KEHY00X00	KESO00X00	KEWD00X00	KEBMST00	KEBMST10_BiogasH	KEBMST10_WestKenya	KEBMST10_VRHoldings	KEBMST10_Cummins_Cogen	KEBMST10_Viability	KEBMST10_Tana_Biogas	KEBMST10_MunicipalWtE_Biogas	KEBMST10_Roadtech	KEBMST10_ThikaWayBiogas	KEBMST10_Kwale	KEBMST10_REA_Vipingo	KEBWST00	KEBMST10	KEBMST01	KEHYDM00	KEHYDM_High_Grand	KEHYDM_Karura	KEHYDM_TURKWEL	KEHYDM_KIAMBERE	KEHYDM_Kindaruma	KEHYDM_Gitaru	KEHYDM_KAMBURU	KEHYDM_MASINGA	KEHYRO_Lower_Grand	KEHYDM_Kamburu_Masinga	KEHYDM_Turkwell	KEHYDM_Kiambere	KEHYRO00	KEHYRO_Small_2033	KEHYRO_Small_2032	KEHYRO_Small_2031	KEHYRO_Small_KTDA_2031	KEHYRO_Small_2030	KEHYRO_Small_KTDA_2030	KEHYRO_Small_2029	KEHYRO_Small_2028	KEHYRO_Small_2027	KEHYRO_Small_2026	KEHYRO_Small_2025	KEHYRO_Small_KTDA_2024	KEHYRO_Small_Chevron	KEHYRO_Small_KDTA2	KEHYRO_Small_Rareh	KEHYRO_Small_Kirogori	KEHYRO_Small_GemGen	KEHYRO_Small_Kaptis	KEHYRO_Small_Nithi	KEHYRO_Small_Tindinyo	KEHYRO_Small_Gatiki	KEHYRO_Small_KTDA_Gogo	KEHYRO_Small_MtKenya_CBO	KEHYRO_Small_KTDA	KEHYRO_Small_KTDA_Kleen	KEHYRO_Tana	KEHYRO_Sangoro	KEHYRO_Sondu_Miriu	KEHYMI00	KEHYRO_Existing_Small	KESOPU00	KESOPB00	KESOPR00	KESOPS00	KEELBS00	KERIDM_Kamburu_Masinga	KERIDM_Turkwell	KERIDM_Kiambere	KEELST04	KEELPT04	KEELDT04_01	KEELDT04_02	KEELDT04_03	KEEXDT00	KERIDM_MASINGA	KERIDM_KAMBURU	KERIDM_Gitaru	KERIDM_Kindaruma	KERIDM_Karura	KERIDM_High_Grand	KEELDT04_04
2022	1989.940000	200.000000	100.000000	0.000000	0.000000	0.000000	0.000000	0.000000	0.000000	0.000000	0.000000	0.000000	0.000000	0.000000	0.000000	0.000000	0.000000	0.000000	0.000000	0.000000	0.000000	0.000000	0.000000	0.000000	0.000000	0.000000	0.000000	0.000000	0.000000	0.000000	0.000000	0.000000	0.000000	0.000000	0.000000	0.000000	0.000000	0.000000	0.000000	0.000000	0.000000	0.000000	0.000000	0.000000	0.000000	0.000000	0.000000	0.000000	0.000000	0.000000	0.000000	0.000000	0.000000	0.000000	0.000000	0.000000	0.000000	0.000000	0.000000	0.000000	0.000000	0.000000	0.000000	0.000000	0.000000	0.000000	0.000000	0.000000	0.000000	0.000000	0.000000	0.000000	0.000000	0.000000	0.000000	0.000000	0.000000	0.000000	0.000000	0.000000	0.000000	0.000000	0.000000	0.000000	0.000000	0.000000	0.000000	0.000000	0.000000	0.000000	0.000000	0.000000	0.000000	0.000000	0.000000	0.000000	0.000000	0.000000	0.000000	0.000000	0.000000	0.000000	0.000000	0.000000	0.000000	0.000000	0.000000	0.000000	0.000000	40.000000	0.000000	0.000000	0.000000	0.000000	0.000000	0.000000	0.000000	0.000000	0.000000	0.000000	0.000000	0.000000	0.000000	0.000000	0.000000	0.000000	0.000000	0.000000	0.000000	0.000000	0.000000	0.000000	0.000000	0.000000	0.000000	0.000000	0.000000	0.000000	0.000000	0.000000	0.000000	0.000000	0.000000	0.000000	0.000000	0.000000	0.000000	0.000000	0.000000	0.000000	0.000000	0.000000	0.000000	0.000000	0.000000	0.000000	0.000000	0.000000	0.000000	0.000000	0.000000	0.000000	0.000000	0.000000	83.000000	0.000000	0.000000	0.000000	0.000000	0.000000	0.000000	0.000000	0.000000	0.000000	0.000000	0.000000	0.000000	0.000000	0.000000	0.000000	0.000000	0.000000	0.000000	0.000000	0.000000	0.000000	0.000000	0.000000	0.000000	0.000000	0.000000	0.000000	0.000000	0.000000	0.000000	0.000000	0.000000	0.000000	0.000000	0.000000	0.000000	0.000000	0.000000	0.000000	0.000000	0.000000	0.000000	0.000000	0.000000	0.000000	0.000000	0.000000	0.000000	0.000000	0.000000	0.000000	0.000000	0.000000	0.000000	0.000000	0.000000	0.000000	0.000000	0.000000	0.000000	0.000000	0.000000	0.000000	0.000000	0.000000	0.000000	0.000000	0.000000	0.000000	0.000000	0.000000	0.000000	0.000000	0.000000	0.000000	0.000000	0.000000	0.000000	0.000000	88.064900	175.840000	214.500000	239.190000	0.000000	0.000000	0.000000	0.000000	0.000000	0.000000	61.250000	118.840000	214.320000	50.170000	70.560000	869.280000	0.000000
2023	2143.180000	200.000000	100.000000	0.000000	0.000000	0.000000	0.000000	0.000000	0.000000	0.000000	0.000000	0.000000	0.000000	0.000000	0.000000	0.000000	0.000000	0.000000	0.000000	0.000000	0.000000	0.000000	0.000000	0.000000	0.000000	0.000000	0.000000	0.000000	0.000000	0.000000	0.000000	0.000000	0.000000	0.000000	0.000000	0.000000	0.000000	0.000000	0.000000	0.000000	0.000000	0.000000	0.000000	0.000000	0.000000	0.000000	0.000000	0.000000	0.000000	0.000000	0.000000	0.000000	0.000000	0.000000	0.000000	0.000000	0.000000	0.000000	0.000000	0.000000	0.000000	0.000000	0.000000	0.000000	0.000000	0.000000	0.000000	0.000000	0.000000	0.000000	0.000000	0.000000	0.000000	0.000000	0.000000	0.000000	0.000000	0.000000	0.000000	0.000000	0.000000	0.000000	0.000000	0.000000	0.000000	0.000000	0.000000	0.000000	0.000000	0.000000	0.000000	0.000000	0.000000	0.000000	0.000000	0.000000	0.000000	0.000000	0.000000	0.000000	0.000000	0.000000	0.000000	40.000000	0.000000	0.000000	0.000000	0.000000	0.000000	40.000000	0.000000	0.000000	0.000000	0.000000	0.000000	0.000000	0.000000	0.000000	0.000000	0.000000	0.000000	0.000000	0.000000	0.000000	0.000000	0.000000	0.000000	0.000000	0.000000	0.000000	0.000000	0.000000	0.000000	0.000000	0.000000	0.000000	0.000000	0.000000	0.000000	0.000000	0.000000	0.000000	0.000000	0.000000	0.000000	0.000000	0.000000	0.000000	0.000000	0.000000	0.000000	0.000000	0.000000	0.000000	0.000000	0.000000	0.000000	0.000000	0.000000	0.000000	0.000000	0.000000	0.000000	0.000000	83.000000	35.000000	0.000000	0.000000	0.000000	0.000000	0.000000	0.000000	0.000000	0.000000	0.000000	0.000000	0.000000	0.000000	0.000000	0.000000	0.000000	0.000000	0.000000	0.000000	0.000000	0.000000	0.000000	0.000000	0.000000	0.000000	0.000000	0.000000	0.000000	0.000000	0.000000	0.000000	0.000000	0.000000	0.000000	0.000000	0.000000	0.000000	0.000000	0.000000	0.000000	0.000000	0.000000	0.000000	0.000000	0.000000	0.000000	0.000000	0.000000	0.000000	0.000000	0.000000	0.000000	0.000000	0.000000	0.000000	0.000000	0.000000	0.000000	0.000000	0.000000	0.000000	0.000000	0.000000	0.000000	0.000000	0.000000	0.000000	0.000000	0.000000	0.000000	0.000000	0.000000	0.000000	0.000000	0.000000	0.000000	0.000000	0.000000	0.000000	309.693900	175.840000	214.500000	239.190000	0.000000	0.000000	0.000000	0.000000	0.000000	0.000000	61.250000	118.840000	214.320000	50.170000	70.560000	869.280000	0.000000
2024	2222.631000	200.000000	100.000000	0.000000	0.000000	0.000000	0.000000	0.000000	0.000000	0.000000	0.000000	0.000000	0.000000	0.000000	0.000000	0.000000	0.000000	0.000000	0.000000	0.000000	0.000000	0.000000	0.000000	0.000000	0.000000	0.000000	0.000000	0.000000	0.000000	0.000000	0.000000	0.000000	0.000000	0.000000	0.000000	0.000000	0.000000	0.000000	0.000000	0.000000	0.000000	0.000000	0.000000	0.000000	0.000000	0.000000	0.000000	0.000000	0.000000	0.000000	0.000000	0.000000	0.000000	0.000000	0.000000	0.000000	0.000000	0.000000	0.000000	0.000000	0.000000	0.000000	0.000000	0.000000	0.000000	0.000000	0.000000	0.000000	0.000000	0.000000	0.000000	0.000000	0.000000	0.000000	0.000000	0.000000	0.000000	0.000000	0.000000	0.000000	0.000000	0.000000	0.000000	0.000000	0.000000	0.000000	0.000000	0.000000	0.000000	0.000000	0.000000	0.000000	0.000000	0.000000	0.000000	0.000000	0.000000	0.000000	0.000000	0.000000	0.000000	0.000000	0.000000	40.000000	0.000000	1.000000	0.000000	0.000000	0.000000	40.000000	0.000000	0.000000	0.000000	0.000000	0.000000	0.000000	0.000000	0.000000	0.000000	0.000000	0.000000	0.000000	0.000000	0.000000	0.000000	0.000000	0.000000	0.000000	0.000000	0.000000	0.000000	0.000000	0.000000	0.000000	0.000000	0.000000	0.000000	0.000000	0.000000	0.000000	0.000000	0.000000	0.000000	0.000000	0.000000	0.000000	0.000000	0.000000	0.000000	0.000000	0.000000	0.000000	0.000000	0.000000	0.000000	0.000000	0.000000	0.000000	0.000000	0.000000	0.000000	0.000000	0.000000	0.000000	83.000000	35.000000	0.000000	0.000000	0.000000	0.000000	0.000000	0.000000	0.000000	0.000000	0.000000	0.000000	0.000000	0.000000	0.000000	0.000000	0.000000	0.000000	0.000000	0.000000	0.000000	0.000000	0.000000	0.000000	0.000000	0.000000	0.000000	0.000000	1.000000	0.000000	0.000000	0.000000	0.000000	0.000000	0.000000	0.000000	0.000000	0.000000	0.000000	0.000000	0.000000	0.000000	0.000000	0.000000	0.000000	0.000000	0.000000	0.000000	0.000000	0.000000	0.000000	0.000000	0.000000	0.000000	0.000000	0.000000	0.000000	3.000000	0.000000	0.000000	0.000000	0.000000	0.000000	0.000000	0.000000	0.000000	0.000000	0.000000	0.000000	0.000000	0.000000	0.000000	0.000000	0.000000	0.000000	0.000000	0.000000	0.000000	0.000000	0.000000	704.718900	175.840000	214.500000	239.190000	0.000000	0.000000	0.000000	0.000000	0.000000	0.000000	61.250000	118.840000	214.320000	50.170000	70.560000	869.280000	0.000000
2025	2328.589000	200.000000	100.000000	0.000000	0.000000	0.000000	0.000000	0.000000	0.000000	0.000000	0.000000	0.000000	0.000000	0.000000	0.000000	0.000000	0.000000	0.000000	0.000000	0.000000	0.000000	0.000000	0.000000	0.000000	0.000000	0.000000	0.000000	0.000000	0.000000	0.000000	0.000000	0.000000	0.000000	0.000000	0.000000	0.000000	0.000000	0.000000	0.000000	0.000000	0.000000	0.000000	0.000000	0.000000	0.000000	0.000000	0.000000	0.000000	0.000000	0.000000	0.000000	0.000000	0.000000	0.000000	0.000000	0.000000	0.000000	0.000000	0.000000	0.000000	0.000000	0.000000	0.000000	0.000000	0.000000	0.000000	0.000000	0.000000	0.000000	0.000000	0.000000	0.000000	0.000000	0.000000	0.000000	0.000000	0.000000	0.000000	0.000000	0.000000	0.000000	0.000000	0.000000	0.000000	0.000000	0.000000	0.000000	0.000000	0.000000	0.000000	0.000000	0.000000	0.000000	0.000000	0.000000	0.000000	0.000000	0.000000	40.000000	0.000000	0.000000	0.000000	0.000000	40.000000	0.000000	1.000000	0.000000	0.000000	0.000000	40.000000	0.000000	0.000000	0.000000	0.000000	0.000000	0.000000	0.000000	0.000000	0.000000	0.000000	0.000000	0.000000	0.000000	0.000000	0.000000	0.000000	0.000000	0.000000	0.000000	0.000000	0.000000	0.000000	0.000000	0.000000	0.000000	0.000000	0.000000	0.000000	0.000000	0.000000	0.000000	0.000000	0.000000	0.000000	0.000000	0.000000	0.000000	0.000000	0.000000	0.000000	0.000000	0.000000	0.000000	0.000000	0.000000	0.000000	0.000000	0.000000	0.000000	0.000000	0.000000	20.000000	0.000000	35.000000	83.000000	35.000000	0.000000	0.000000	0.000000	0.000000	0.000000	0.000000	0.000000	0.000000	0.000000	0.000000	0.000000	0.000000	0.000000	0.000000	0.000000	0.000000	0.000000	0.000000	0.000000	0.000000	0.000000	0.000000	0.000000	0.000000	0.000000	0.000000	1.000000	0.000000	0.000000	0.000000	0.000000	0.000000	0.000000	0.000000	0.000000	0.000000	0.000000	0.000000	0.000000	0.000000	0.000000	0.000000	0.000000	0.000000	0.000000	0.000000	0.000000	0.000000	0.000000	0.000000	0.000000	0.000000	0.000000	0.000000	9.000000	3.000000	0.000000	0.000000	0.000000	0.000000	0.000000	0.000000	0.000000	0.000000	0.000000	0.000000	0.000000	0.000000	0.000000	0.000000	0.000000	0.000000	0.000000	0.000000	0.000000	0.000000	0.000000	0.000000	704.718900	175.840000	214.500000	239.190000	1790.310000	1790.310000	0.000000	0.000000	0.000000	0.000000	61.250000	118.840000	214.320000	50.170000	70.560000	869.280000	0.000000
2026	2575.415000	200.000000	100.000000	0.000000	0.000000	0.000000	0.000000	0.000000	0.000000	0.000000	0.000000	0.000000	0.000000	0.000000	0.000000	0.000000	0.000000	0.000000	0.000000	0.000000	0.000000	0.000000	0.000000	0.000000	0.000000	0.000000	0.000000	0.000000	0.000000	0.000000	0.000000	0.000000	0.000000	0.000000	0.000000	0.000000	0.000000	0.000000	0.000000	0.000000	0.000000	0.000000	0.000000	0.000000	0.000000	0.000000	0.000000	0.000000	0.000000	0.000000	0.000000	0.000000	0.000000	0.000000	0.000000	0.000000	0.000000	0.000000	0.000000	0.000000	0.000000	0.000000	0.000000	50.000000	0.000000	0.000000	0.000000	0.000000	0.000000	0.000000	50.000000	50.000000	0.000000	0.000000	0.000000	0.000000	0.000000	0.000000	0.000000	0.000000	0.000000	0.000000	0.000000	0.000000	0.000000	0.000000	0.000000	191.345000	0.000000	0.000000	0.000000	0.000000	0.000000	0.000000	0.000000	0.000000	0.000000	0.000000	40.000000	40.000000	0.000000	0.000000	0.000000	40.000000	0.000000	1.000000	0.000000	0.000000	0.000000	40.000000	0.000000	0.000000	0.000000	0.000000	0.000000	0.000000	0.000000	0.000000	0.000000	0.000000	0.000000	0.000000	0.000000	0.000000	0.000000	0.000000	0.000000	0.000000	0.000000	0.000000	0.000000	0.000000	0.000000	0.000000	0.000000	0.000000	0.000000	0.000000	0.000000	0.000000	0.000000	0.000000	0.000000	0.000000	0.000000	0.000000	0.000000	0.000000	0.000000	0.000000	0.000000	0.000000	0.000000	0.000000	0.000000	35.000000	58.000000	0.000000	0.000000	0.000000	0.000000	20.000000	20.000000	35.000000	83.000000	35.000000	0.000000	0.000000	0.000000	0.000000	0.000000	0.000000	0.000000	0.000000	0.000000	0.000000	0.000000	0.000000	0.000000	0.000000	0.000000	0.000000	0.000000	0.000000	0.000000	0.000000	0.000000	0.000000	0.000000	0.000000	0.000000	0.000000	1.000000	0.000000	0.000000	0.000000	0.000000	0.000000	0.000000	0.000000	0.000000	0.000000	0.000000	0.000000	0.000000	0.000000	0.000000	0.000000	0.000000	0.000000	0.000000	0.000000	0.000000	0.000000	0.000000	0.000000	0.000000	0.000000	0.000000	15.000000	9.000000	3.000000	0.000000	0.000000	0.000000	0.000000	0.000000	0.000000	0.000000	0.000000	0.000000	0.000000	0.000000	0.000000	0.000000	0.000000	0.000000	0.000000	0.000000	0.000000	0.000000	0.000000	0.000000	0.000000	704.718900	175.840000	214.500000	239.190000	1790.310000	1790.310000	0.000000	0.000000	0.000000	0.000000	61.250000	118.840000	214.320000	50.170000	70.560000	869.280000	0.000000
2027	2720.526000	200.000000	100.000000	0.000000	0.000000	0.000000	0.000000	0.000000	0.000000	0.000000	0.000000	0.000000	0.000000	0.000000	0.000000	0.000000	0.000000	0.000000	0.000000	0.000000	0.000000	0.000000	0.000000	0.000000	0.000000	0.000000	0.000000	0.000000	0.000000	0.000000	0.000000	0.000000	0.000000	0.000000	0.000000	0.000000	0.000000	0.000000	0.000000	0.000000	0.000000	0.000000	0.000000	0.000000	0.000000	0.000000	0.000000	0.000000	0.000000	0.000000	0.000000	0.000000	0.000000	0.000000	0.000000	0.000000	0.000000	0.000000	0.000000	0.000000	0.000000	0.000000	0.000000	50.000000	0.000000	0.000000	0.000000	0.000000	0.000000	0.000000	50.000000	50.000000	0.000000	0.000000	0.000000	0.000000	0.000000	0.000000	0.000000	0.000000	0.000000	0.000000	0.000000	0.000000	0.000000	0.000000	0.000000	191.345000	0.000000	0.000000	0.000000	0.000000	0.000000	0.000000	0.000000	0.000000	0.000000	40.000000	40.000000	40.000000	42.000000	0.000000	0.000000	40.000000	40.000000	1.000000	40.000000	0.000000	10.000000	40.000000	0.000000	0.000000	0.000000	0.000000	0.000000	0.000000	0.000000	0.000000	0.000000	0.000000	0.000000	0.000000	140.000000	80.000000	0.000000	0.000000	0.000000	0.000000	0.000000	0.000000	0.000000	0.000000	0.000000	0.000000	0.000000	100.000000	0.000000	0.000000	0.000000	0.000000	0.000000	0.000000	0.000000	0.000000	0.000000	0.000000	0.000000	0.000000	0.000000	0.000000	0.000000	0.000000	0.000000	0.000000	0.000000	35.000000	58.000000	0.000000	0.000000	0.000000	0.000000	20.000000	20.000000	35.000000	83.000000	35.000000	0.000000	0.000000	0.000000	0.000000	0.000000	0.000000	0.000000	0.000000	0.000000	0.000000	0.000000	0.000000	0.000000	0.000000	0.000000	0.000000	0.000000	0.000000	0.000000	0.000000	0.000000	20.000000	0.000000	0.000000	0.000000	10.000000	1.000000	0.000000	0.000000	0.000000	0.000000	0.000000	0.000000	0.000000	0.000000	0.000000	0.000000	0.000000	0.000000	0.000000	0.000000	0.000000	0.000000	0.000000	0.000000	0.000000	0.000000	0.000000	0.000000	0.000000	0.000000	0.000000	30.000000	15.000000	9.000000	3.000000	0.000000	0.000000	0.000000	0.000000	0.000000	0.000000	0.000000	0.000000	0.000000	0.000000	0.000000	0.000000	0.000000	0.000000	0.000000	0.000000	0.000000	0.000000	0.000000	0.000000	0.000000	0.000000	704.718900	175.840000	214.500000	239.190000	1790.310000	1790.310000	0.000000	0.000000	0.000000	0.000000	61.250000	118.840000	214.320000	50.170000	70.560000	869.280000	0.000000
2028	2878.932000	200.000000	100.000000	0.000000	0.000000	0.000000	0.000000	0.000000	0.000000	0.000000	0.000000	0.000000	0.000000	0.000000	0.000000	0.000000	0.000000	0.000000	0.000000	0.000000	0.000000	0.000000	0.000000	0.000000	0.000000	0.000000	0.000000	0.000000	0.000000	0.000000	0.000000	0.000000	0.000000	0.000000	0.000000	0.000000	0.000000	0.000000	0.000000	0.000000	0.000000	0.000000	0.000000	0.000000	0.000000	0.000000	0.000000	0.000000	0.000000	0.000000	0.000000	0.000000	0.000000	0.000000	0.000000	0.000000	0.000000	0.000000	0.000000	0.000000	0.000000	0.000000	30.000000	50.000000	0.000000	0.000000	0.000000	0.000000	50.000000	100.000000	50.000000	50.000000	11.000000	0.000000	0.000000	0.000000	0.000000	0.000000	0.000000	0.000000	0.000000	0.000000	0.000000	0.000000	0.000000	0.000000	0.000000	397.837000	0.000000	0.000000	0.000000	0.000000	0.000000	0.000000	0.000000	0.000000	0.000000	40.000000	40.000000	40.000000	42.000000	0.000000	0.000000	40.000000	40.000000	1.000000	40.000000	0.000000	10.000000	40.000000	0.000000	0.000000	0.000000	0.000000	0.000000	0.000000	0.000000	0.000000	0.000000	0.000000	0.000000	0.000000	140.000000	80.000000	0.000000	0.000000	0.000000	0.000000	0.000000	0.000000	0.000000	0.000000	0.000000	0.000000	0.000000	100.000000	0.000000	0.000000	0.000000	0.000000	0.000000	0.000000	0.000000	0.000000	0.000000	0.000000	0.000000	0.000000	0.000000	0.000000	0.000000	0.000000	0.000000	0.000000	0.000000	35.000000	58.000000	0.000000	0.000000	0.000000	0.000000	20.000000	20.000000	35.000000	83.000000	35.000000	0.000000	0.000000	0.000000	0.000000	0.000000	0.000000	0.000000	0.000000	0.000000	0.000000	0.000000	0.000000	0.000000	0.000000	0.000000	0.000000	0.000000	0.000000	0.000000	0.000000	0.000000	20.000000	0.000000	0.000000	8.000000	10.000000	1.000000	0.000000	0.000000	0.000000	0.000000	0.000000	0.000000	0.000000	0.000000	0.000000	0.000000	0.000000	0.000000	0.000000	0.000000	0.000000	0.000000	0.000000	0.000000	0.000000	0.000000	0.000000	0.000000	0.000000	0.000000	28.000000	30.000000	15.000000	9.000000	3.000000	0.000000	0.000000	0.000000	0.000000	0.000000	0.000000	0.000000	0.000000	0.000000	0.000000	0.000000	0.000000	0.000000	0.000000	0.000000	0.000000	0.000000	0.000000	0.000000	0.000000	0.000000	0.000000	704.718900	175.840000	214.500000	239.190000	1790.310000	1790.310000	0.000000	0.000000	0.000000	0.000000	61.250000	118.840000	214.320000	50.170000	70.560000	869.280000	0.000000
2029	3104.790000	200.000000	100.000000	0.000000	0.000000	0.000000	0.000000	0.000000	0.000000	0.000000	0.000000	0.000000	0.000000	0.000000	0.000000	0.000000	0.000000	0.000000	0.000000	0.000000	0.000000	0.000000	0.000000	0.000000	0.000000	0.000000	0.000000	0.000000	0.000000	0.000000	0.000000	0.000000	0.000000	0.000000	0.000000	0.000000	0.000000	0.000000	0.000000	0.000000	0.000000	0.000000	0.000000	0.000000	0.000000	0.000000	0.000000	0.000000	0.000000	0.000000	0.000000	0.000000	0.000000	0.000000	0.000000	0.000000	0.000000	0.000000	0.000000	0.000000	0.000000	0.000000	30.000000	50.000000	0.000000	0.000000	0.000000	0.000000	50.000000	100.000000	50.000000	50.000000	11.000000	0.000000	0.000000	0.000000	0.000000	0.000000	0.000000	0.000000	0.000000	0.000000	0.000000	0.000000	0.000000	0.000000	0.000000	592.828000	0.000000	0.000000	0.000000	0.000000	0.000000	0.000000	0.000000	0.000000	0.000000	40.000000	40.000000	40.000000	42.000000	0.000000	0.000000	40.000000	40.000000	1.000000	40.000000	0.000000	10.000000	40.000000	0.000000	0.000000	0.000000	0.000000	0.000000	0.000000	0.000000	0.000000	0.000000	0.000000	0.000000	0.000000	140.000000	80.000000	0.000000	0.000000	0.000000	0.000000	0.000000	0.000000	0.000000	0.000000	0.000000	0.000000	0.000000	100.000000	0.000000	0.000000	0.000000	0.000000	0.000000	0.000000	0.000000	0.000000	0.000000	0.000000	0.000000	0.000000	0.000000	0.000000	100.000000	0.000000	0.000000	0.000000	0.000000	35.000000	58.000000	0.000000	0.000000	0.000000	0.000000	20.000000	20.000000	35.000000	83.000000	35.000000	0.000000	0.000000	0.000000	0.000000	0.000000	0.000000	0.000000	0.000000	0.000000	0.000000	0.000000	0.000000	0.000000	0.000000	0.000000	0.000000	0.000000	0.000000	0.000000	0.000000	0.000000	20.000000	0.000000	0.000000	8.000000	10.000000	1.000000	0.000000	0.000000	0.000000	0.000000	0.000000	0.000000	0.000000	0.000000	0.000000	0.000000	0.000000	0.000000	0.000000	0.000000	0.000000	0.000000	0.000000	0.000000	0.000000	0.000000	0.000000	0.000000	0.000000	54.700000	28.000000	30.000000	15.000000	9.000000	3.000000	0.000000	0.000000	0.000000	0.000000	0.000000	0.000000	0.000000	0.000000	0.000000	0.000000	0.000000	0.000000	0.000000	0.000000	0.000000	0.000000	0.000000	0.000000	0.000000	0.000000	0.000000	0.000000	704.718900	175.840000	214.500000	239.190000	1790.310000	1790.310000	0.000000	0.000000	0.000000	0.000000	61.250000	118.840000	214.320000	50.170000	70.560000	869.280000	0.000000
2030	3373.452000	200.000000	100.000000	0.000000	0.000000	0.000000	0.000000	0.000000	0.000000	0.000000	0.000000	0.000000	0.000000	0.000000	0.000000	0.000000	0.000000	0.000000	0.000000	0.000000	0.000000	0.000000	0.000000	0.000000	0.000000	0.000000	0.000000	0.000000	0.000000	0.000000	0.000000	0.000000	0.000000	0.000000	0.000000	0.000000	0.000000	0.000000	0.000000	0.000000	0.000000	0.000000	0.000000	0.000000	374.128000	0.000000	0.000000	0.000000	0.000000	0.000000	0.000000	0.000000	0.000000	0.000000	0.000000	0.000000	0.000000	0.000000	0.000000	0.000000	0.000000	0.000000	30.000000	50.000000	0.000000	0.000000	0.000000	0.000000	50.000000	100.000000	50.000000	50.000000	11.000000	0.000000	0.000000	0.000000	0.000000	0.000000	0.000000	0.000000	0.000000	0.000000	0.000000	0.000000	0.000000	0.000000	0.000000	592.828000	0.000000	0.000000	0.000000	0.000000	0.000000	0.000000	0.000000	0.000000	0.000000	40.000000	40.000000	40.000000	42.000000	0.000000	0.000000	40.000000	40.000000	1.000000	40.000000	0.000000	10.000000	40.000000	0.000000	0.000000	0.000000	0.000000	0.000000	0.000000	0.000000	0.000000	0.000000	0.000000	0.000000	0.000000	140.000000	80.000000	0.000000	0.000000	0.000000	0.000000	0.000000	0.000000	0.000000	0.000000	0.000000	0.000000	0.000000	100.000000	0.000000	0.000000	0.000000	0.000000	0.000000	0.000000	0.000000	0.000000	0.000000	0.000000	0.000000	0.000000	0.000000	0.000000	100.000000	0.000000	0.000000	0.000000	0.000000	35.000000	58.000000	0.000000	0.000000	0.000000	0.000000	20.000000	20.000000	35.000000	83.000000	35.000000	0.000000	0.000000	0.000000	0.000000	0.000000	0.000000	0.000000	0.000000	0.000000	0.000000	0.000000	0.000000	0.000000	0.000000	0.000000	0.000000	0.000000	0.000000	0.000000	0.000000	0.000000	20.000000	0.000000	10.000000	8.000000	10.000000	1.000000	0.000000	0.000000	0.000000	0.000000	0.000000	0.000000	0.000000	0.000000	0.000000	0.000000	0.000000	0.000000	0.000000	0.000000	0.000000	0.000000	0.000000	0.000000	0.000000	0.000000	0.000000	0.000000	0.000000	54.700000	28.000000	30.000000	15.000000	9.000000	3.000000	0.000000	0.000000	0.000000	0.000000	0.000000	0.000000	0.000000	0.000000	0.000000	0.000000	0.000000	0.000000	0.000000	0.000000	0.000000	0.000000	0.000000	0.000000	0.000000	0.000000	0.000000	0.000000	704.718900	175.840000	214.500000	239.190000	1790.310000	1790.310000	0.000000	0.000000	0.000000	0.000000	61.250000	118.840000	214.320000	50.170000	70.560000	869.280000	0.000000
2031	3689.906000	200.000000	100.000000	0.000000	0.000000	0.000000	0.000000	0.000000	0.000000	0.000000	0.000000	0.000000	0.000000	0.000000	0.000000	0.000000	0.000000	0.000000	0.000000	0.000000	0.000000	0.000000	0.000000	0.000000	0.000000	0.000000	0.000000	0.000000	0.000000	0.000000	0.000000	0.000000	0.000000	0.000000	0.000000	0.000000	0.000000	0.000000	0.000000	0.000000	0.000000	0.000000	0.000000	0.000000	877.227000	0.000000	0.000000	0.000000	0.000000	0.000000	0.000000	0.000000	0.000000	0.000000	0.000000	0.000000	0.000000	0.000000	0.000000	0.000000	0.000000	80.000000	30.000000	50.000000	0.000000	0.000000	40.000000	0.000000	50.000000	100.000000	50.000000	50.000000	11.000000	0.000000	0.000000	0.000000	0.000000	0.000000	0.000000	0.000000	0.000000	0.000000	0.000000	0.000000	0.000000	0.000000	0.000000	592.828000	0.000000	0.000000	0.000000	0.000000	0.000000	0.000000	30.000000	0.000000	0.000000	40.000000	40.000000	40.000000	42.000000	0.000000	0.000000	40.000000	40.000000	1.000000	40.000000	30.000000	10.000000	40.000000	0.000000	0.000000	0.000000	0.000000	0.000000	0.000000	0.000000	0.000000	0.000000	0.000000	0.000000	0.000000	140.000000	80.000000	0.000000	0.000000	0.000000	0.000000	0.000000	0.000000	0.000000	0.000000	0.000000	0.000000	0.000000	100.000000	0.000000	0.000000	0.000000	0.000000	0.000000	0.000000	0.000000	0.000000	0.000000	0.000000	0.000000	0.000000	0.000000	0.000000	100.000000	0.000000	0.000000	0.000000	0.000000	35.000000	58.000000	0.000000	0.000000	0.000000	0.000000	20.000000	20.000000	35.000000	83.000000	35.000000	0.000000	0.000000	0.000000	0.000000	0.000000	0.000000	0.000000	0.000000	0.000000	0.000000	0.000000	0.000000	0.000000	0.000000	0.000000	0.000000	0.000000	0.000000	0.000000	0.000000	0.000000	20.000000	0.000000	10.000000	8.000000	10.000000	1.000000	0.000000	0.000000	0.000000	0.000000	0.000000	0.000000	0.000000	0.000000	0.000000	0.000000	0.000000	0.000000	0.000000	0.000000	0.000000	0.000000	0.000000	0.000000	0.000000	0.000000	0.000000	0.000000	0.000000	54.700000	28.000000	30.000000	15.000000	9.000000	3.000000	0.000000	0.000000	0.000000	0.000000	0.000000	0.000000	0.000000	0.000000	0.000000	0.000000	0.000000	0.000000	0.000000	0.000000	0.000000	0.000000	0.000000	0.000000	0.000000	0.000000	0.000000	0.000000	704.718900	175.840000	214.500000	239.190000	1790.310000	1790.310000	0.000000	0.000000	0.000000	0.000000	61.250000	118.840000	214.320000	50.170000	70.560000	869.280000	0.000000
2032	4005.079000	200.000000	100.000000	0.000000	0.000000	0.000000	0.000000	0.000000	0.000000	0.000000	0.000000	0.000000	0.000000	0.000000	0.000000	0.000000	0.000000	0.000000	0.000000	0.000000	0.000000	0.000000	0.000000	0.000000	0.000000	0.000000	0.000000	0.000000	244.773000	0.000000	0.000000	0.000000	0.000000	0.000000	0.000000	0.000000	0.000000	0.000000	0.000000	0.000000	0.000000	0.000000	0.000000	0.000000	968.343900	0.000000	0.000000	0.000000	0.000000	0.000000	0.000000	0.000000	0.000000	0.000000	0.000000	0.000000	0.000000	0.000000	0.000000	0.000000	0.000000	80.000000	30.000000	50.000000	0.000000	0.000000	40.000000	0.000000	50.000000	100.000000	50.000000	50.000000	11.000000	0.000000	0.000000	0.000000	0.000000	0.000000	0.000000	0.000000	0.000000	0.000000	0.000000	0.000000	0.000000	0.000000	0.000000	592.828000	0.000000	0.000000	0.000000	0.000000	0.000000	0.000000	30.000000	0.000000	0.000000	40.000000	40.000000	40.000000	42.000000	0.000000	0.000000	40.000000	40.000000	1.000000	40.000000	30.000000	10.000000	40.000000	0.000000	0.000000	0.000000	0.000000	0.000000	0.000000	0.000000	0.000000	0.000000	0.000000	0.000000	0.000000	140.000000	80.000000	0.000000	0.000000	0.000000	0.000000	0.000000	0.000000	0.000000	0.000000	0.000000	0.000000	0.000000	100.000000	0.000000	0.000000	0.000000	0.000000	0.000000	0.000000	0.000000	0.000000	0.000000	0.000000	0.000000	0.000000	0.000000	0.000000	100.000000	0.000000	0.000000	0.000000	0.000000	35.000000	58.000000	0.000000	0.000000	0.000000	0.000000	20.000000	20.000000	35.000000	83.000000	35.000000	0.000000	0.000000	0.000000	0.000000	0.000000	0.000000	0.000000	0.000000	0.000000	0.000000	0.000000	0.000000	0.000000	0.000000	0.000000	0.000000	0.000000	0.000000	0.000000	8.400000	2.400000	20.000000	0.000000	10.000000	8.000000	10.000000	1.000000	0.000000	0.000000	0.000000	0.000000	0.000000	0.000000	0.000000	0.000000	0.000000	0.000000	0.000000	0.000000	0.000000	0.000000	0.000000	0.000000	0.000000	0.000000	0.000000	0.000000	0.000000	0.000000	0.000000	54.700000	28.000000	30.000000	15.000000	9.000000	3.000000	0.000000	0.000000	0.000000	0.000000	0.000000	0.000000	0.000000	0.000000	0.000000	0.000000	0.000000	0.000000	0.000000	0.000000	0.000000	0.000000	0.000000	0.000000	0.000000	0.000000	0.000000	0.000000	704.718900	175.840000	214.500000	239.190000	1790.310000	1790.310000	0.000000	0.000000	0.000000	0.000000	61.250000	118.840000	214.320000	50.170000	70.560000	869.280000	0.000000
2033	4288.896000	200.000000	100.000000	0.000000	0.000000	0.000000	0.000000	0.000000	0.000000	0.000000	0.000000	0.000000	0.000000	0.000000	0.000000	0.000000	0.000000	0.000000	0.000000	0.000000	0.000000	0.000000	0.000000	0.000000	0.000000	0.000000	0.000000	0.000000	506.103000	0.000000	0.000000	0.000000	0.000000	0.000000	0.000000	0.000000	0.000000	0.000000	0.000000	0.000000	0.000000	0.000000	0.000000	0.000000	1016.212100	0.000000	0.000000	0.000000	0.000000	0.000000	0.000000	0.000000	0.000000	0.000000	0.000000	0.000000	0.000000	0.000000	0.000000	0.000000	0.000000	80.000000	30.000000	50.000000	0.000000	0.000000	40.000000	0.000000	50.000000	100.000000	50.000000	50.000000	11.000000	0.000000	0.000000	0.000000	0.000000	0.000000	0.000000	0.000000	0.000000	0.000000	0.000000	0.000000	0.000000	0.000000	0.000000	592.828000	0.000000	0.000000	0.000000	0.000000	0.000000	0.000000	30.000000	0.000000	0.000000	40.000000	40.000000	40.000000	42.000000	0.000000	0.000000	40.000000	40.000000	1.000000	40.000000	30.000000	10.000000	40.000000	0.000000	0.000000	0.000000	0.000000	0.000000	0.000000	0.000000	0.000000	0.000000	0.000000	0.000000	0.000000	140.000000	80.000000	0.000000	0.000000	0.000000	0.000000	0.000000	0.000000	0.000000	0.000000	0.000000	0.000000	0.000000	100.000000	0.000000	0.000000	0.000000	0.000000	0.000000	0.000000	0.000000	0.000000	0.000000	0.000000	0.000000	0.000000	0.000000	0.000000	100.000000	0.000000	0.000000	0.000000	0.000000	35.000000	58.000000	0.000000	0.000000	0.000000	0.000000	20.000000	20.000000	35.000000	83.000000	35.000000	0.000000	0.000000	0.000000	0.000000	0.000000	0.000000	0.000000	0.000000	0.000000	0.000000	0.000000	0.000000	0.000000	0.000000	0.000000	0.000000	0.000000	0.000000	3.000000	8.400000	2.400000	20.000000	0.000000	10.000000	8.000000	10.000000	1.000000	0.000000	0.000000	0.000000	0.000000	0.000000	0.000000	0.000000	0.000000	0.000000	0.000000	0.000000	0.000000	0.000000	0.000000	0.000000	0.000000	0.000000	0.000000	0.000000	0.000000	0.000000	0.000000	0.000000	54.700000	28.000000	30.000000	15.000000	9.000000	3.000000	0.000000	0.000000	0.000000	0.000000	0.000000	0.000000	0.000000	0.000000	0.000000	0.000000	0.000000	0.000000	0.000000	0.000000	0.000000	0.000000	0.000000	0.000000	0.000000	0.000000	0.000000	0.000000	704.718900	175.840000	214.500000	239.190000	1790.310000	1790.310000	0.000000	0.000000	0.000000	0.000000	61.250000	118.840000	214.320000	50.170000	70.560000	869.280000	0.000000
2034	4590.650000	200.000000	100.000000	0.000000	0.000000	0.000000	0.000000	0.000000	0.000000	0.000000	0.000000	0.000000	0.000000	0.000000	0.000000	0.000000	0.000000	0.000000	0.000000	0.000000	0.000000	0.000000	0.000000	0.000000	0.000000	0.000000	0.000000	0.000000	672.282000	0.000000	0.000000	0.000000	0.000000	0.000000	0.000000	0.000000	0.000000	0.000000	0.000000	0.000000	0.000000	0.000000	0.000000	0.000000	1342.963100	0.000000	0.000000	0.000000	0.000000	0.000000	0.000000	0.000000	0.000000	0.000000	0.000000	0.000000	0.000000	0.000000	0.000000	0.000000	100.000000	80.000000	30.000000	50.000000	0.000000	0.000000	40.000000	0.000000	50.000000	100.000000	50.000000	50.000000	11.000000	0.000000	0.000000	0.000000	0.000000	0.000000	0.000000	0.000000	0.000000	0.000000	0.000000	0.000000	0.000000	0.000000	0.000000	592.828000	0.000000	0.000000	0.000000	0.000000	0.000000	821.274000	30.000000	0.000000	0.000000	40.000000	40.000000	40.000000	42.000000	0.000000	0.000000	40.000000	40.000000	1.000000	40.000000	30.000000	10.000000	40.000000	0.000000	0.000000	0.000000	0.000000	0.000000	0.000000	0.000000	0.000000	0.000000	0.000000	0.000000	0.000000	140.000000	80.000000	0.000000	0.000000	0.000000	0.000000	0.000000	0.000000	0.000000	0.000000	0.000000	0.000000	0.000000	100.000000	0.000000	0.000000	0.000000	0.000000	0.000000	0.000000	0.000000	0.000000	0.000000	0.000000	0.000000	0.000000	0.000000	0.000000	100.000000	0.000000	0.000000	0.000000	0.000000	35.000000	58.000000	0.000000	0.000000	0.000000	0.000000	20.000000	20.000000	35.000000	83.000000	35.000000	0.000000	0.000000	0.000000	0.000000	0.000000	0.000000	0.000000	0.000000	0.000000	0.000000	0.000000	0.000000	0.000000	0.000000	0.000000	0.000000	0.300000	6.000000	3.000000	8.400000	2.400000	20.000000	0.000000	10.000000	8.000000	10.000000	1.000000	0.000000	0.000000	0.000000	0.000000	0.000000	0.000000	0.000000	0.000000	0.000000	0.000000	0.000000	0.000000	0.000000	0.000000	0.000000	0.000000	0.000000	0.000000	0.000000	0.000000	0.000000	0.000000	0.000000	54.700000	28.000000	30.000000	15.000000	9.000000	3.000000	0.000000	0.000000	0.000000	0.000000	0.000000	0.000000	0.000000	0.000000	0.000000	0.000000	0.000000	0.000000	0.000000	0.000000	0.000000	0.000000	0.000000	0.000000	0.000000	0.000000	0.000000	0.000000	704.718900	175.840000	214.500000	239.190000	1790.310000	1790.310000	0.000000	0.000000	0.000000	0.000000	61.250000	118.840000	214.320000	50.170000	70.560000	869.280000	0.000000
2035	4906.953000	200.000000	100.000000	0.000000	0.000000	0.000000	0.000000	0.000000	0.000000	0.000000	0.000000	0.000000	0.000000	0.000000	0.000000	0.000000	0.000000	0.000000	0.000000	0.000000	0.000000	0.000000	0.000000	0.000000	0.000000	0.000000	0.000000	0.000000	878.660000	0.000000	0.000000	0.000000	0.000000	0.000000	0.000000	0.000000	0.000000	0.000000	0.000000	0.000000	0.000000	0.000000	0.000000	0.000000	1567.518100	0.000000	0.000000	0.000000	0.000000	0.000000	0.000000	0.000000	0.000000	0.000000	0.000000	0.000000	0.000000	0.000000	200.000000	0.000000	100.000000	80.000000	30.000000	50.000000	0.000000	0.000000	40.000000	0.000000	50.000000	100.000000	50.000000	50.000000	11.000000	0.000000	0.000000	0.000000	0.000000	0.000000	0.000000	0.000000	0.000000	0.000000	0.000000	0.000000	0.000000	0.000000	0.000000	592.828000	0.000000	0.000000	0.000000	0.000000	0.000000	821.274000	30.000000	0.000000	0.000000	40.000000	40.000000	40.000000	42.000000	0.000000	0.000000	40.000000	40.000000	1.000000	40.000000	30.000000	10.000000	40.000000	0.000000	0.000000	0.000000	0.000000	0.000000	0.000000	0.000000	0.000000	0.000000	0.000000	0.000000	0.000000	140.000000	80.000000	0.000000	0.000000	0.000000	0.000000	0.000000	0.000000	0.000000	0.000000	0.000000	0.000000	0.000000	100.000000	0.000000	0.000000	0.000000	0.000000	0.000000	0.000000	0.000000	0.000000	0.000000	0.000000	0.000000	0.000000	0.000000	0.000000	100.000000	0.000000	0.000000	0.000000	0.000000	35.000000	58.000000	0.000000	0.000000	0.000000	0.000000	20.000000	20.000000	35.000000	83.000000	35.000000	0.000000	0.000000	0.000000	0.000000	0.000000	0.000000	0.000000	0.000000	0.000000	0.000000	0.000000	0.000000	0.000000	0.000000	0.000000	0.000000	0.300000	6.000000	3.000000	8.400000	2.400000	20.000000	0.000000	10.000000	8.000000	10.000000	1.000000	0.000000	0.000000	0.000000	0.000000	0.000000	0.000000	0.000000	0.000000	0.000000	0.000000	0.000000	0.000000	0.000000	0.000000	0.000000	0.000000	0.000000	0.000000	0.000000	0.000000	0.000000	0.000000	0.000000	54.700000	28.000000	30.000000	15.000000	9.000000	3.000000	0.000000	0.000000	0.000000	0.000000	0.000000	0.000000	0.000000	0.000000	0.000000	0.000000	0.000000	0.000000	0.000000	0.000000	0.000000	0.000000	0.000000	0.000000	0.000000	0.000000	0.000000	0.000000	704.718900	175.840000	214.500000	239.190000	1790.310000	1790.310000	0.000000	0.000000	0.000000	0.000000	61.250000	118.840000	214.320000	50.170000	70.560000	869.280000	0.000000
2036	5215.596000	200.000000	100.000000	0.000000	0.000000	0.000000	0.000000	0.000000	0.000000	0.000000	0.000000	0.000000	0.000000	0.000000	0.000000	0.000000	0.000000	0.000000	0.000000	0.000000	0.000000	0.000000	0.000000	0.000000	0.000000	0.000000	0.000000	0.000000	1082.088000	0.000000	0.000000	0.000000	0.000000	0.000000	0.000000	0.000000	0.000000	0.000000	0.000000	0.000000	0.000000	0.000000	0.000000	0.000000	1703.597100	0.000000	0.000000	0.000000	0.000000	0.000000	0.000000	0.000000	0.000000	0.000000	0.000000	0.000000	0.000000	0.000000	200.000000	0.000000	100.000000	80.000000	30.000000	50.000000	0.000000	0.000000	40.000000	0.000000	50.000000	100.000000	50.000000	50.000000	11.000000	0.000000	0.000000	0.000000	0.000000	0.000000	0.000000	0.000000	0.000000	0.000000	0.000000	0.000000	0.000000	0.000000	0.000000	592.828000	0.000000	0.000000	0.000000	0.000000	0.000000	1106.138000	30.000000	0.000000	0.000000	40.000000	40.000000	40.000000	42.000000	0.000000	0.000000	40.000000	40.000000	1.000000	40.000000	30.000000	10.000000	40.000000	0.000000	0.000000	0.000000	0.000000	0.000000	0.000000	0.000000	0.000000	0.000000	0.000000	0.000000	0.000000	140.000000	80.000000	0.000000	0.000000	0.000000	0.000000	0.000000	0.000000	0.000000	0.000000	0.000000	0.000000	0.000000	100.000000	0.000000	0.000000	0.000000	0.000000	0.000000	0.000000	0.000000	0.000000	0.000000	0.000000	0.000000	0.000000	0.000000	0.000000	100.000000	0.000000	0.000000	0.000000	0.000000	35.000000	58.000000	0.000000	0.000000	0.000000	0.000000	20.000000	20.000000	35.000000	83.000000	35.000000	0.000000	0.000000	0.000000	0.000000	0.000000	0.000000	0.000000	0.000000	0.000000	0.000000	0.000000	0.000000	0.000000	0.000000	0.000000	0.000000	0.300000	6.000000	3.000000	8.400000	2.400000	20.000000	0.000000	10.000000	8.000000	10.000000	1.000000	0.000000	0.000000	0.000000	0.000000	0.000000	0.000000	0.000000	0.000000	0.000000	0.000000	0.000000	0.000000	0.000000	0.000000	0.000000	0.000000	0.000000	0.000000	0.000000	0.000000	0.000000	0.000000	0.000000	54.700000	28.000000	30.000000	15.000000	9.000000	3.000000	0.000000	0.000000	0.000000	0.000000	0.000000	0.000000	0.000000	0.000000	0.000000	0.000000	0.000000	0.000000	0.000000	0.000000	0.000000	0.000000	0.000000	0.000000	0.000000	0.000000	0.000000	0.000000	704.718900	175.840000	214.500000	239.190000	1790.310000	1790.310000	0.000000	0.000000	0.000000	0.000000	61.250000	118.840000	214.320000	50.170000	70.560000	869.280000	0.000000
2037	5561.532000	200.000000	100.000000	0.000000	0.000000	0.000000	0.000000	0.000000	0.000000	0.000000	0.000000	0.000000	0.000000	0.000000	0.000000	0.000000	0.000000	0.000000	0.000000	0.000000	0.000000	0.000000	0.000000	0.000000	0.000000	0.000000	0.000000	0.000000	1312.327000	0.000000	0.000000	0.000000	0.000000	0.000000	0.000000	0.000000	0.000000	0.000000	0.000000	0.000000	0.000000	0.000000	0.000000	0.000000	1855.988100	0.000000	0.000000	0.000000	0.000000	0.000000	0.000000	0.000000	0.000000	0.000000	0.000000	0.000000	0.000000	0.000000	200.000000	0.000000	100.000000	80.000000	30.000000	50.000000	0.000000	0.000000	40.000000	0.000000	50.000000	100.000000	50.000000	50.000000	11.000000	0.000000	0.000000	0.000000	0.000000	0.000000	0.000000	0.000000	0.000000	0.000000	0.000000	0.000000	0.000000	0.000000	0.000000	592.828000	0.000000	0.000000	0.000000	0.000000	0.000000	1425.422000	30.000000	0.000000	0.000000	40.000000	40.000000	40.000000	42.000000	0.000000	0.000000	40.000000	40.000000	1.000000	40.000000	30.000000	10.000000	40.000000	0.000000	0.000000	0.000000	0.000000	0.000000	0.000000	0.000000	0.000000	0.000000	0.000000	0.000000	0.000000	140.000000	80.000000	0.000000	0.000000	0.000000	0.000000	0.000000	0.000000	0.000000	0.000000	0.000000	0.000000	0.000000	100.000000	0.000000	0.000000	0.000000	0.000000	0.000000	0.000000	0.000000	0.000000	0.000000	0.000000	0.000000	0.000000	0.000000	0.000000	100.000000	0.000000	0.000000	0.000000	0.000000	35.000000	58.000000	0.000000	0.000000	0.000000	0.000000	20.000000	20.000000	35.000000	83.000000	35.000000	0.000000	0.000000	0.000000	0.000000	0.000000	0.000000	0.000000	0.000000	0.000000	0.000000	0.000000	0.000000	0.000000	0.000000	0.000000	0.000000	0.300000	6.000000	3.000000	8.400000	2.400000	20.000000	0.000000	10.000000	8.000000	10.000000	1.000000	0.000000	0.000000	0.000000	0.000000	0.000000	0.000000	0.000000	0.000000	0.000000	0.000000	0.000000	0.000000	0.000000	0.000000	0.000000	0.000000	0.000000	0.000000	0.000000	0.000000	0.000000	0.000000	0.000000	54.700000	28.000000	30.000000	15.000000	9.000000	3.000000	0.000000	0.000000	0.000000	0.000000	0.000000	0.000000	0.000000	0.000000	0.000000	0.000000	0.000000	0.000000	0.000000	0.000000	0.000000	0.000000	0.000000	0.000000	0.000000	0.000000	0.000000	0.000000	704.718900	175.840000	214.500000	239.190000	1790.310000	1790.310000	0.000000	0.000000	0.000000	0.000000	61.250000	118.840000	214.320000	50.170000	70.560000	869.280000	0.000000
2038	5919.647000	200.000000	100.000000	0.000000	0.000000	0.000000	0.000000	0.000000	0.000000	0.000000	0.000000	0.000000	0.000000	0.000000	0.000000	0.000000	0.000000	0.000000	0.000000	0.000000	0.000000	0.000000	0.000000	0.000000	0.000000	0.000000	0.000000	0.000000	1681.697000	0.000000	0.000000	0.000000	0.000000	0.000000	0.000000	0.000000	0.000000	0.000000	0.000000	0.000000	0.000000	0.000000	0.000000	0.000000	2084.145100	0.000000	0.000000	0.000000	0.000000	0.000000	0.000000	0.000000	0.000000	0.000000	0.000000	0.000000	0.000000	0.000000	200.000000	0.000000	100.000000	80.000000	30.000000	50.000000	0.000000	0.000000	40.000000	0.000000	50.000000	100.000000	50.000000	50.000000	11.000000	0.000000	0.000000	0.000000	0.000000	0.000000	0.000000	0.000000	0.000000	0.000000	0.000000	0.000000	0.000000	0.000000	0.000000	592.828000	0.000000	0.000000	0.000000	0.000000	0.000000	2585.472000	30.000000	0.000000	0.000000	40.000000	40.000000	40.000000	42.000000	0.000000	0.000000	40.000000	40.000000	1.000000	40.000000	30.000000	10.000000	40.000000	0.000000	0.000000	0.000000	0.000000	0.000000	0.000000	0.000000	0.000000	0.000000	0.000000	0.000000	0.000000	140.000000	80.000000	0.000000	0.000000	0.000000	0.000000	0.000000	0.000000	0.000000	0.000000	0.000000	0.000000	0.000000	100.000000	0.000000	0.000000	0.000000	0.000000	0.000000	0.000000	0.000000	0.000000	0.000000	0.000000	0.000000	0.000000	0.000000	0.000000	100.000000	0.000000	0.000000	0.000000	0.000000	35.000000	58.000000	0.000000	0.000000	0.000000	0.000000	20.000000	20.000000	35.000000	83.000000	35.000000	0.000000	0.000000	0.000000	0.000000	0.000000	0.000000	0.000000	0.000000	0.000000	0.000000	0.000000	0.000000	0.000000	0.000000	0.000000	0.000000	0.300000	6.000000	3.000000	8.400000	2.400000	20.000000	0.000000	10.000000	8.000000	10.000000	1.000000	0.000000	0.000000	0.000000	0.000000	0.000000	0.000000	0.000000	0.000000	0.000000	0.000000	0.000000	0.000000	0.000000	0.000000	0.000000	0.000000	0.000000	0.000000	0.000000	0.000000	0.000000	0.000000	0.000000	54.700000	28.000000	30.000000	15.000000	9.000000	3.000000	0.000000	0.000000	0.000000	0.000000	0.000000	0.000000	0.000000	0.000000	0.000000	0.000000	0.000000	0.000000	0.000000	0.000000	0.000000	0.000000	0.000000	0.000000	0.000000	0.000000	0.000000	0.000000	704.718900	175.840000	214.500000	239.190000	1790.310000	1790.310000	0.000000	0.000000	0.000000	0.000000	61.250000	118.840000	214.320000	50.170000	70.560000	869.280000	0.000000
2039	6297.532000	200.000000	100.000000	0.000000	0.000000	0.000000	0.000000	0.000000	0.000000	0.000000	0.000000	0.000000	0.000000	0.000000	0.000000	0.000000	0.000000	0.000000	0.000000	0.000000	0.000000	0.000000	0.000000	0.000000	0.000000	0.000000	0.000000	0.000000	2285.765000	0.000000	0.000000	0.000000	0.000000	0.000000	0.000000	0.000000	0.000000	0.000000	0.000000	0.000000	0.000000	0.000000	0.000000	0.000000	2237.951100	0.000000	0.000000	0.000000	0.000000	0.000000	0.000000	0.000000	0.000000	0.000000	0.000000	0.000000	0.000000	0.000000	200.000000	0.000000	100.000000	80.000000	30.000000	50.000000	0.000000	0.000000	40.000000	0.000000	50.000000	100.000000	50.000000	50.000000	11.000000	0.000000	0.000000	0.000000	0.000000	0.000000	0.000000	0.000000	0.000000	0.000000	0.000000	0.000000	0.000000	0.000000	0.000000	592.828000	0.000000	0.000000	0.000000	0.000000	0.000000	2934.243000	30.000000	0.000000	0.000000	40.000000	40.000000	40.000000	42.000000	0.000000	0.000000	40.000000	40.000000	1.000000	40.000000	30.000000	10.000000	40.000000	0.000000	0.000000	0.000000	0.000000	0.000000	0.000000	0.000000	0.000000	0.000000	0.000000	0.000000	0.000000	140.000000	80.000000	0.000000	0.000000	0.000000	0.000000	0.000000	0.000000	0.000000	0.000000	0.000000	0.000000	0.000000	100.000000	0.000000	0.000000	0.000000	0.000000	0.000000	0.000000	0.000000	0.000000	0.000000	0.000000	0.000000	0.000000	0.000000	0.000000	100.000000	0.000000	0.000000	0.000000	0.000000	35.000000	58.000000	0.000000	0.000000	0.000000	0.000000	20.000000	20.000000	35.000000	83.000000	35.000000	0.000000	0.000000	0.000000	0.000000	0.000000	0.000000	0.000000	0.000000	0.000000	0.000000	0.000000	0.000000	0.000000	0.000000	0.000000	0.000000	0.300000	6.000000	3.000000	8.400000	2.400000	20.000000	0.000000	10.000000	8.000000	10.000000	1.000000	0.000000	0.000000	0.000000	0.000000	0.000000	0.000000	0.000000	0.000000	0.000000	0.000000	0.000000	0.000000	0.000000	0.000000	0.000000	0.000000	0.000000	0.000000	0.000000	0.000000	0.000000	0.000000	0.000000	54.700000	28.000000	30.000000	15.000000	9.000000	3.000000	0.000000	0.000000	0.000000	0.000000	0.000000	0.000000	0.000000	0.000000	0.000000	0.000000	0.000000	0.000000	0.000000	0.000000	0.000000	0.000000	0.000000	0.000000	0.000000	0.000000	0.000000	0.000000	704.718900	175.840000	214.500000	239.190000	1790.310000	1790.310000	0.000000	0.000000	0.000000	0.000000	61.250000	118.840000	214.320000	50.170000	70.560000	869.280000	0.000000
2040	6696.372000	200.000000	100.000000	0.000000	0.000000	0.000000	0.000000	0.000000	0.000000	0.000000	0.000000	0.000000	0.000000	0.000000	0.000000	0.000000	0.000000	0.000000	0.000000	0.000000	0.000000	0.000000	0.000000	0.000000	0.000000	0.000000	0.000000	0.000000	2572.571000	0.000000	0.000000	0.000000	0.000000	0.000000	0.000000	0.000000	0.000000	0.000000	0.000000	0.000000	0.000000	0.000000	0.000000	0.000000	2415.268100	0.000000	0.000000	0.000000	0.000000	0.000000	0.000000	0.000000	0.000000	0.000000	0.000000	0.000000	0.000000	0.000000	200.000000	0.000000	100.000000	80.000000	30.000000	50.000000	0.000000	0.000000	40.000000	0.000000	50.000000	100.000000	50.000000	50.000000	11.000000	0.000000	0.000000	0.000000	0.000000	0.000000	0.000000	0.000000	0.000000	0.000000	0.000000	0.000000	0.000000	0.000000	0.000000	592.828000	0.000000	0.000000	0.000000	0.000000	0.000000	3302.355000	30.000000	0.000000	0.000000	40.000000	40.000000	40.000000	42.000000	0.000000	0.000000	40.000000	40.000000	1.000000	40.000000	30.000000	10.000000	40.000000	0.000000	0.000000	0.000000	0.000000	0.000000	0.000000	0.000000	0.000000	0.000000	0.000000	0.000000	0.000000	140.000000	80.000000	0.000000	0.000000	0.000000	0.000000	0.000000	0.000000	0.000000	0.000000	0.000000	0.000000	0.000000	100.000000	0.000000	0.000000	0.000000	0.000000	0.000000	0.000000	0.000000	0.000000	0.000000	0.000000	0.000000	0.000000	0.000000	0.000000	100.000000	0.000000	0.000000	0.000000	0.000000	35.000000	58.000000	0.000000	0.000000	0.000000	0.000000	20.000000	20.000000	35.000000	83.000000	35.000000	0.000000	0.000000	0.000000	0.000000	0.000000	0.000000	0.000000	0.000000	0.000000	0.000000	0.000000	0.000000	0.000000	0.000000	0.000000	0.000000	0.300000	6.000000	3.000000	8.400000	2.400000	20.000000	0.000000	10.000000	8.000000	10.000000	1.000000	0.000000	0.000000	0.000000	0.000000	0.000000	0.000000	0.000000	0.000000	0.000000	0.000000	0.000000	0.000000	0.000000	0.000000	0.000000	0.000000	0.000000	0.000000	0.000000	0.000000	0.000000	0.000000	0.000000	54.700000	28.000000	30.000000	15.000000	9.000000	3.000000	0.000000	0.000000	0.000000	0.000000	0.000000	0.000000	0.000000	0.000000	0.000000	0.000000	0.000000	0.000000	0.000000	0.000000	0.000000	0.000000	0.000000	0.000000	0.000000	0.000000	0.000000	0.000000	704.718900	175.840000	214.500000	239.190000	3580.620000	1790.310000	0.000000	0.000000	0.000000	0.000000	61.250000	118.840000	214.320000	50.170000	70.560000	869.280000	0.000000
2041	6696.372000	200.000000	100.000000	0.000000	0.000000	0.000000	0.000000	0.000000	0.000000	0.000000	0.000000	0.000000	0.000000	0.000000	0.000000	0.000000	0.000000	0.000000	0.000000	0.000000	0.000000	0.000000	0.000000	0.000000	0.000000	0.000000	0.000000	0.000000	2653.673200	0.000000	0.000000	0.000000	0.000000	0.000000	0.000000	0.000000	0.000000	0.000000	0.000000	0.000000	0.000000	0.000000	0.000000	0.000000	2468.165900	0.000000	0.000000	0.000000	0.000000	0.000000	0.000000	0.000000	0.000000	0.000000	0.000000	0.000000	0.000000	0.000000	200.000000	0.000000	100.000000	80.000000	30.000000	50.000000	0.000000	0.000000	40.000000	0.000000	50.000000	100.000000	50.000000	50.000000	11.000000	0.000000	0.000000	0.000000	0.000000	0.000000	0.000000	0.000000	0.000000	0.000000	0.000000	0.000000	0.000000	0.000000	0.000000	592.828000	0.000000	0.000000	0.000000	0.000000	0.000000	3630.393000	30.000000	0.000000	0.000000	40.000000	40.000000	40.000000	42.000000	0.000000	0.000000	40.000000	40.000000	1.000000	40.000000	30.000000	10.000000	40.000000	0.000000	0.000000	0.000000	0.000000	0.000000	0.000000	0.000000	0.000000	0.000000	0.000000	0.000000	0.000000	140.000000	80.000000	0.000000	0.000000	0.000000	0.000000	0.000000	0.000000	0.000000	0.000000	0.000000	0.000000	0.000000	100.000000	0.000000	0.000000	0.000000	0.000000	0.000000	0.000000	0.000000	0.000000	0.000000	0.000000	0.000000	0.000000	0.000000	0.000000	100.000000	0.000000	0.000000	0.000000	0.000000	35.000000	58.000000	0.000000	0.000000	0.000000	0.000000	20.000000	20.000000	35.000000	83.000000	35.000000	0.000000	0.000000	0.000000	0.000000	0.000000	0.000000	0.000000	0.000000	0.000000	0.000000	0.000000	0.000000	0.000000	0.000000	0.000000	0.000000	0.300000	6.000000	3.000000	8.400000	2.400000	20.000000	0.000000	10.000000	8.000000	10.000000	1.000000	0.000000	0.000000	0.000000	0.000000	0.000000	0.000000	0.000000	0.000000	0.000000	0.000000	0.000000	0.000000	0.000000	0.000000	0.000000	0.000000	0.000000	0.000000	0.000000	0.000000	0.000000	0.000000	0.000000	54.700000	28.000000	30.000000	15.000000	9.000000	3.000000	0.000000	0.000000	0.000000	0.000000	0.000000	0.000000	0.000000	0.000000	0.000000	0.000000	0.000000	0.000000	0.000000	0.000000	0.000000	0.000000	0.000000	0.000000	0.000000	0.000000	0.000000	0.000000	704.718900	175.840000	214.500000	239.190000	3580.620000	1790.310000	0.000000	0.000000	0.000000	0.000000	61.250000	118.840000	214.320000	50.170000	70.560000	869.280000	0.000000
2042	6696.372000	200.000000	100.000000	0.000000	0.000000	0.000000	0.000000	0.000000	0.000000	0.000000	0.000000	0.000000	0.000000	0.000000	0.000000	0.000000	0.000000	0.000000	0.000000	0.000000	0.000000	0.000000	0.000000	0.000000	0.000000	0.000000	0.000000	0.000000	2653.673200	0.000000	0.000000	0.000000	0.000000	0.000000	0.000000	0.000000	0.000000	0.000000	0.000000	0.000000	0.000000	0.000000	0.000000	0.000000	2468.165900	0.000000	0.000000	0.000000	0.000000	0.000000	0.000000	0.000000	0.000000	0.000000	0.000000	0.000000	0.000000	0.000000	200.000000	0.000000	100.000000	80.000000	30.000000	50.000000	0.000000	0.000000	40.000000	0.000000	50.000000	100.000000	50.000000	50.000000	11.000000	0.000000	0.000000	0.000000	0.000000	0.000000	0.000000	0.000000	0.000000	0.000000	0.000000	0.000000	0.000000	0.000000	0.000000	592.828000	0.000000	0.000000	0.000000	0.000000	0.000000	3673.060900	30.000000	0.000000	0.000000	40.000000	40.000000	40.000000	42.000000	0.000000	0.000000	40.000000	40.000000	1.000000	40.000000	30.000000	10.000000	40.000000	0.000000	0.000000	0.000000	0.000000	0.000000	0.000000	0.000000	0.000000	0.000000	0.000000	0.000000	0.000000	140.000000	80.000000	0.000000	0.000000	0.000000	0.000000	0.000000	0.000000	0.000000	0.000000	0.000000	0.000000	0.000000	100.000000	0.000000	0.000000	0.000000	0.000000	0.000000	0.000000	0.000000	0.000000	0.000000	0.000000	0.000000	0.000000	0.000000	0.000000	100.000000	0.000000	0.000000	0.000000	0.000000	35.000000	58.000000	0.000000	0.000000	0.000000	0.000000	20.000000	20.000000	35.000000	83.000000	35.000000	0.000000	0.000000	0.000000	0.000000	0.000000	0.000000	0.000000	0.000000	0.000000	0.000000	0.000000	0.000000	0.000000	0.000000	0.000000	0.000000	0.300000	6.000000	3.000000	8.400000	2.400000	20.000000	0.000000	10.000000	8.000000	10.000000	1.000000	0.000000	0.000000	0.000000	0.000000	0.000000	0.000000	0.000000	0.000000	0.000000	0.000000	0.000000	0.000000	0.000000	0.000000	0.000000	0.000000	0.000000	0.000000	0.000000	0.000000	0.000000	0.000000	0.000000	54.700000	28.000000	30.000000	15.000000	9.000000	3.000000	0.000000	0.000000	0.000000	0.000000	0.000000	0.000000	0.000000	0.000000	0.000000	0.000000	0.000000	0.000000	0.000000	0.000000	0.000000	0.000000	0.000000	0.000000	0.000000	0.000000	0.000000	0.000000	704.718900	175.840000	214.500000	239.190000	3580.620000	1790.310000	0.000000	0.000000	0.000000	0.000000	61.250000	118.840000	214.320000	50.170000	70.560000	869.280000	0.000000
2043	6696.372000	200.000000	100.000000	0.000000	0.000000	0.000000	0.000000	0.000000	0.000000	0.000000	0.000000	0.000000	0.000000	0.000000	0.000000	0.000000	0.000000	0.000000	0.000000	0.000000	0.000000	0.000000	0.000000	0.000000	0.000000	0.000000	0.000000	0.000000	2717.454000	0.000000	0.000000	0.000000	0.000000	0.000000	0.000000	0.000000	0.000000	0.000000	0.000000	0.000000	0.000000	0.000000	0.000000	0.000000	2468.165900	0.000000	0.019192	0.000000	0.000000	0.000000	0.000000	0.000000	0.000000	0.000000	0.000000	0.000000	0.000000	0.000000	200.000000	0.000000	100.000000	80.000000	30.000000	50.000000	0.000000	0.000000	40.000000	0.000000	50.000000	100.000000	50.000000	50.000000	11.000000	0.000000	0.000000	0.000000	0.000000	0.000000	0.000000	0.000000	0.000000	0.000000	0.000000	0.000000	0.000000	0.000000	0.000000	592.828000	0.000000	0.000000	0.000000	0.000000	0.000000	3715.390000	30.000000	0.000000	0.000000	40.000000	40.000000	40.000000	42.000000	0.000000	0.000000	40.000000	40.000000	1.000000	40.000000	30.000000	10.000000	40.000000	0.000000	0.000000	0.000000	0.000000	0.000000	0.000000	0.000000	0.000000	0.000000	0.000000	0.000000	0.000000	140.000000	80.000000	0.000000	0.000000	0.000000	0.000000	0.000000	0.000000	0.000000	0.000000	0.000000	0.000000	0.000000	100.000000	0.000000	0.000000	0.000000	0.000000	0.000000	0.000000	0.000000	0.000000	0.000000	0.000000	0.000000	0.000000	0.000000	0.000000	100.000000	0.000000	0.000000	0.000000	0.000000	35.000000	58.000000	0.000000	0.000000	0.000000	0.000000	20.000000	20.000000	35.000000	83.000000	35.000000	0.000000	0.000000	0.000000	0.000000	0.000000	0.000000	0.000000	0.000000	0.000000	0.000000	0.000000	0.000000	0.000000	0.000000	0.000000	0.000000	0.300000	6.000000	3.000000	8.400000	2.400000	20.000000	0.000000	10.000000	8.000000	10.000000	1.000000	0.000000	0.000000	0.000000	0.000000	0.000000	0.000000	0.000000	0.000000	0.000000	0.000000	0.000000	0.000000	0.000000	0.000000	0.000000	0.000000	0.000000	0.000000	0.000000	0.000000	0.000000	0.000000	0.000000	54.700000	28.000000	30.000000	15.000000	9.000000	3.000000	0.000000	0.000000	0.000000	0.000000	0.000000	0.000000	0.000000	0.000000	0.000000	0.000000	0.000000	0.000000	0.000000	0.000000	0.000000	0.000000	0.000000	0.000000	0.000000	0.000000	0.000000	0.000000	704.718900	175.840000	214.500000	239.190000	3580.620000	1790.310000	0.000000	0.000000	0.000000	0.000000	61.250000	118.840000	214.320000	50.170000	70.560000	869.280000	0.000000
2044	6696.372000	200.000000	100.000000	0.000000	0.000000	0.000000	0.000000	0.000000	0.000000	0.000000	0.000000	0.000000	0.000000	0.000000	0.000000	0.000000	0.000000	0.000000	0.000000	0.000000	0.000000	0.000000	0.000000	0.000000	0.000000	0.000000	0.000000	0.000000	2869.208000	0.000000	0.000000	0.000000	0.000000	0.000000	0.000000	0.000000	0.000000	0.000000	0.000000	0.000000	0.000000	0.000000	0.000000	0.000000	2475.411550	0.000000	0.019192	0.000000	0.000000	0.000000	0.000000	0.000000	0.000000	0.000000	0.000000	0.000000	0.000000	0.000000	200.000000	0.000000	100.000000	80.000000	30.000000	50.000000	0.000000	0.000000	40.000000	0.000000	50.000000	100.000000	50.000000	50.000000	11.000000	0.000000	0.000000	0.000000	0.000000	0.000000	0.000000	0.000000	0.000000	0.000000	0.000000	0.000000	0.000000	0.000000	0.000000	592.828000	0.000000	0.000000	0.000000	0.000000	0.000000	3716.446230	30.000000	0.000000	0.000000	40.000000	40.000000	40.000000	42.000000	0.000000	0.000000	40.000000	40.000000	1.000000	40.000000	30.000000	10.000000	40.000000	0.000000	0.000000	0.000000	0.000000	0.000000	0.000000	0.000000	0.000000	0.000000	0.000000	0.000000	0.000000	140.000000	80.000000	0.000000	0.000000	0.000000	0.000000	0.000000	0.000000	0.000000	0.000000	0.000000	0.000000	0.000000	100.000000	0.000000	0.000000	0.000000	0.000000	0.000000	0.000000	0.000000	0.000000	0.000000	0.000000	0.000000	0.000000	0.000000	0.000000	100.000000	0.000000	0.000000	0.000000	0.000000	35.000000	58.000000	0.000000	0.000000	0.000000	0.000000	20.000000	20.000000	35.000000	83.000000	35.000000	0.000000	0.000000	0.000000	0.000000	0.000000	0.000000	0.000000	0.000000	0.000000	0.000000	0.000000	0.000000	0.000000	0.000000	0.000000	0.000000	0.300000	6.000000	3.000000	8.400000	2.400000	20.000000	0.000000	10.000000	8.000000	10.000000	1.000000	0.000000	0.000000	0.000000	0.000000	0.000000	0.000000	0.000000	0.000000	0.000000	0.000000	0.000000	0.000000	0.000000	0.000000	0.000000	0.000000	0.000000	0.000000	0.000000	0.000000	0.000000	0.000000	0.000000	54.700000	28.000000	30.000000	15.000000	9.000000	3.000000	0.000000	0.000000	0.000000	0.000000	0.000000	0.000000	0.000000	0.000000	0.000000	0.000000	0.000000	0.000000	0.000000	0.000000	0.000000	0.000000	0.000000	0.000000	0.000000	0.000000	0.000000	0.000000	704.718900	175.840000	214.500000	239.190000	3580.620000	1790.310000	0.000000	0.000000	0.000000	0.000000	61.250000	118.840000	214.320000	50.170000	70.560000	869.280000	0.000000
2045	6696.372000	200.000000	100.000000	0.000000	0.000000	0.000000	0.000000	0.000000	0.000000	0.000000	0.000000	0.000000	0.000000	0.000000	0.000000	0.000000	0.000000	0.000000	0.000000	0.000000	0.000000	0.000000	0.000000	0.000000	0.000000	0.000000	0.000000	0.000000	2869.208000	0.000000	0.000000	0.000000	0.000000	0.000000	0.000000	0.000000	0.000000	0.000000	0.000000	0.000000	0.000000	0.000000	0.000000	0.000000	2475.411550	0.000000	0.019192	0.000000	0.000000	0.000000	0.000000	0.000000	0.000000	0.000000	0.000000	0.000000	0.000000	0.000000	200.000000	0.000000	100.000000	80.000000	30.000000	50.000000	0.000000	0.000000	40.000000	0.000000	50.000000	100.000000	50.000000	50.000000	11.000000	0.000000	0.000000	0.000000	0.000000	0.000000	0.000000	0.000000	0.000000	0.000000	0.000000	0.000000	0.000000	0.000000	0.000000	592.828000	0.000000	0.000000	0.000000	0.000000	0.000000	3757.727530	30.000000	0.000000	0.000000	40.000000	40.000000	40.000000	42.000000	0.000000	0.000000	40.000000	40.000000	1.000000	40.000000	30.000000	10.000000	40.000000	0.000000	0.000000	0.000000	0.000000	0.000000	0.000000	0.000000	0.000000	0.000000	0.000000	0.000000	0.000000	140.000000	80.000000	0.000000	0.000000	0.000000	0.000000	0.000000	0.000000	0.000000	0.000000	0.000000	0.000000	0.000000	100.000000	0.000000	0.000000	0.000000	0.000000	0.000000	0.000000	0.000000	0.000000	0.000000	0.000000	0.000000	0.000000	0.000000	0.000000	100.000000	0.000000	0.000000	0.000000	0.000000	35.000000	58.000000	0.000000	0.000000	0.000000	0.000000	20.000000	20.000000	35.000000	83.000000	35.000000	0.000000	0.000000	0.000000	0.000000	0.000000	0.000000	0.000000	0.000000	0.000000	0.000000	0.000000	0.000000	0.000000	0.000000	0.000000	0.000000	0.300000	6.000000	3.000000	8.400000	2.400000	20.000000	0.000000	10.000000	8.000000	10.000000	1.000000	0.000000	0.000000	0.000000	0.000000	0.000000	0.000000	0.000000	0.000000	0.000000	0.000000	0.000000	0.000000	0.000000	0.000000	0.000000	0.000000	0.000000	0.000000	0.000000	0.000000	0.000000	0.000000	0.000000	54.700000	28.000000	30.000000	15.000000	9.000000	3.000000	0.000000	0.000000	0.000000	0.000000	0.000000	0.000000	0.000000	0.000000	0.000000	0.000000	0.000000	0.000000	0.000000	0.000000	0.000000	0.000000	0.000000	0.000000	0.000000	0.000000	0.000000	0.000000	704.718900	175.840000	214.500000	239.190000	3580.620000	1790.310000	0.000000	0.000000	0.000000	0.000000	61.250000	118.840000	214.320000	50.170000	70.560000	869.280000	0.000000

" "
"Table 4:"		"KEa - Highdemand"
"Aug 19, 2024 23:48"		"KEaTotalCapacity"
	KEEL00T00	KEEL00i00_HVDC	KEEL00i00_TANESCO	KEEL00i00_UETCL	KEEL00i00	KEEL00TDI	KEEL00TDR	KEEL00TDU	KEEL00TDC	KEEL00TUI	KEEL00TUR	KEEL00TUS	KEEL00TUU	KEEL00TUC	KEDS00I00	KENU00I00	KEGE00I00	KEGE00I00_Generic	KEGE00I00_steam	KEDSRC00	KEDSRC01_Tsavo_Extended	KEDSSC00	KEDSRI00	KEDSRU00	KEDSRB00	KEDSRR00	KEHF00I00_NAIROBI	KEHF00I00	KEHFRC00	KEHFRC01_Tsavo	KEHFRC01_Rabai	KEHFRC01_Kipevu_III	KEHFRC10_Thika	KEHFRC10_Gulf	KEHFRC10_Triumph	KEHFRC03	KEHFRC10	KEHFRC02	KEHFRC01	KECO00X00	KECOSC00	KECOSC11	KENG00I00_LNG	KENG00I00	KENGSC00	KENGSC12_Dongo_Kundu	KENGCC00	KENGCC12_LNG_Backup2	KENGCC12_LNG_Backup26	KENGCC12_LNG_Backup35	KENGCC12_LNG_Backup4	KENGCC12_LNG2	KENUPW00	KENUPW20_Nuclear_III	KENUPW20_Nuclear_II	KENUPW20_Nuclear_I	KENUPW20	KEWDLC00	KEWDLCZ004_Marsabit_PhII	KEWDLCZ007_Meru_PhIII	KEWDLCZ007_Meru_PhII	KEWDLCZ007_Meru_PhI	KEWDLCZ008_Oldanyat	KEWDLCZ008_Prunus	KEWDLCZH08_Ngong_PhII	KEWDLCZH08_Ngong_PhI	KEWDLCZ001_Bahari2	KEWDLCZH08_Kipeto	KEWDLCZ001_Bahari_PhI	KEWDLCZ004_Marsabit_PhI	KEWDLCZ008_Aperture	KEWDLCZ008_Chania	KEWDLCZ008_Ngong1_PhIII	KEWDOC00	KEWDLCZ010	KEWDLCZ009	KEWDLCZ008	KEWDLCZ007	KEWDLCZ006	KEWDLCZ005	KEWDLCZ004	KEWDLCZ003	KEWDLCZ002	KEWDLCZ001	KEWDLCZDP09_Lake_Turkana	KEWDLCZH08	KESOTN00	KESOTNZ002	KESOTNZ001	KESOTS00	KESOTSZ002	KESOTSZ001	KESOTG00	KESOPC00	KESOPCZ001_Kenya_Solar	KESOPCZ003_Strathmore	KESOPCZ003_REA_Garissa	KESOPCZ008_Kibwezi	KESOPCZ008_Tarita_Green	KESOPCZ008_Kopere	KESOPCZ001_SevenForks	KESOPCZ003_Eldosol	KESOPCZ003_Selenkei	KESOPCZ003_Alten	KESOPCZ009_Kenergy	KESOPCZ009_MarcoBorero	KESOPCZ001_Greenmillenia	KESOPCZ001_Makindu	KESOPCZ001_HannanArya	KESOPCZ001_Malindi	KESOPCZ010	KESOPCZ009	KESOPCZ008	KESOPCZ007	KESOPCZ006	KESOPCZ005	KESOPCZ004	KESOPCZ003	KESOPCZ002	KESOPCZ001	KEGOCV00	KEGOCV18_Menengai_V	KEGOCV16_Olkaria_7	KEGOCV16_Olkaria_6	KEGOCV12_Suswa_I	KEGOCV12_Suswa_II	KEGOCV12_Suswa_III	KEGOCV12_Olsuswa_I	KEGOCV13_Akiira_I	KEGOCV13_Akiira_II	KEGOCV20_AGIL_I	KEGOCV20_AGIL_II	KEGOCV20_AGIL_III	KEGOCV20_AGIL_IV	KEGOCV17_Korosi_I	KEGOCV17_Paka_I	KEGOCV16_Olkaria_II_Rehab	KEGOCV17_Paka_II	KEGOCV17_Silali_II	KEGOCV17_Paka_III	KEGOCV17_Silali_III	KEGOCV18_Menengai_IV	KEGOCV01_Orpower_4P4	KEGOCV01_Orpower_4P3	KEGOCV01_Orpower_4P2	KEGOCV01_Orpower_4PI	KEGOCV01_Olkaria_2	KEGOCV10_OLK_V	KEGOCV10_OLK_IAU	KEGOCV10_OLK_IV	KEGOCV17_Baringo_Silali_I	KEGOCV18_Menengai_III	KEGOCV18_Menengai_1_Stage2	KEGOCV12_Suswa	KEGOCV12_Eburru	KEGOCV16_Menengai_1_Orpower22	KEGOCV18_Wellheadleasing	KEGOCV13_Marine_Power_Akiira	KEGOCV16_Olkaria8	KEGOCV16_Olkaria9	KEGOCV17_Baringo_Silali	KEGOCV16_Olkaria_1V_Uprating	KEGOCV16_Olkaria_1_Uprating	KEGOCV18_Menengai_1_Quantum	KEGOCV16_Olkaria_1_Unit6	KEGOCV18_Menengai_1_Sosian	KEGOCV20	KEGOCV16	KEGOCV15	KEGOCV14	KEGOCV13	KEGOCV12	KEGOCV11	KEGOCV10	KEGOCV03	KEGOCV02	KEBM00X00	KEBW00X00	KEHY00X00	KESO00X00	KEWD00X00	KEBMST00	KEBMST10_BiogasH	KEBMST10_WestKenya	KEBMST10_VRHoldings	KEBMST10_Cummins_Cogen	KEBMST10_Viability	KEBMST10_Tana_Biogas	KEBMST10_MunicipalWtE_Biogas	KEBMST10_Roadtech	KEBMST10_ThikaWayBiogas	KEBMST10_Kwale	KEBMST10_REA_Vipingo	KEBWST00	KEBMST10	KEBMST01	KEHYDM00	KEHYDM_High_Grand	KEHYDM_Karura	KEHYDM_TURKWEL	KEHYDM_KIAMBERE	KEHYDM_Kindaruma	KEHYDM_Gitaru	KEHYDM_KAMBURU	KEHYDM_MASINGA	KEHYRO_Lower_Grand	KEHYDM_Kamburu_Masinga	KEHYDM_Turkwell	KEHYDM_Kiambere	KEHYRO00	KEHYRO_Small_2033	KEHYRO_Small_2032	KEHYRO_Small_2031	KEHYRO_Small_KTDA_2031	KEHYRO_Small_2030	KEHYRO_Small_KTDA_2030	KEHYRO_Small_2029	KEHYRO_Small_2028	KEHYRO_Small_2027	KEHYRO_Small_2026	KEHYRO_Small_2025	KEHYRO_Small_KTDA_2024	KEHYRO_Small_Chevron	KEHYRO_Small_KDTA2	KEHYRO_Small_Rareh	KEHYRO_Small_Kirogori	KEHYRO_Small_GemGen	KEHYRO_Small_Kaptis	KEHYRO_Small_Nithi	KEHYRO_Small_Tindinyo	KEHYRO_Small_Gatiki	KEHYRO_Small_KTDA_Gogo	KEHYRO_Small_MtKenya_CBO	KEHYRO_Small_KTDA	KEHYRO_Small_KTDA_Kleen	KEHYRO_Tana	KEHYRO_Sangoro	KEHYRO_Sondu_Miriu	KEHYMI00	KEHYRO_Existing_Small	KESOPU00	KESOPB00	KESOPR00	KESOPS00	KEELBS00	KERIDM_Kamburu_Masinga	KERIDM_Turkwell	KERIDM_Kiambere	KEELST04	KEELPT04	KEELDT04_01	KEELDT04_02	KEELDT04_03	KEEXDT00	KERIDM_MASINGA	KERIDM_KAMBURU	KERIDM_Gitaru	KERIDM_Kindaruma	KERIDM_Karura	KERIDM_High_Grand	KEELDT04_04
2022	1989.940000	400.000000	100.000000	70.000000	0.000000	551.700000	67.000000	374.200000	172.000000	0.000000	0.000000	0.000000	0.000000	0.000000	0.000000	0.000000	0.000000	0.000000	0.000000	0.000000	0.000000	0.000000	0.000000	0.000000	0.000000	0.000000	0.000000	0.000000	0.000000	0.000000	88.600000	115.000000	87.000000	80.300000	83.000000	0.000000	0.000000	52.500000	0.000000	0.000000	0.000000	0.000000	0.000000	0.000000	0.000000	0.000000	0.000000	0.000000	0.000000	0.000000	0.000000	0.000000	0.000000	0.000000	0.000000	0.000000	0.000000	0.000000	0.000000	0.000000	0.000000	0.000000	0.000000	0.000000	20.400000	5.100000	0.000000	100.000000	0.000000	0.000000	0.000000	0.000000	0.000000	0.000000	0.000000	0.000000	0.000000	0.000000	0.000000	0.000000	0.000000	0.000000	0.000000	0.000000	300.000000	0.000000	0.000000	0.000000	0.000000	0.000000	0.000000	0.000000	0.000000	0.000000	0.000000	0.250000	50.000000	0.000000	0.000000	0.000000	0.000000	40.000000	40.000000	0.000000	0.000000	0.000000	0.000000	0.000000	0.000000	40.000000	0.000000	0.000000	0.000000	0.000000	0.000000	0.000000	0.000000	0.000000	0.000000	0.000000	0.000000	0.000000	0.000000	0.000000	0.000000	0.000000	0.000000	0.000000	0.000000	0.000000	0.000000	0.000000	0.000000	0.000000	0.000000	0.000000	0.000000	0.000000	0.000000	0.000000	0.000000	0.000000	29.000000	17.600000	39.600000	63.800000	101.000000	158.000000	140.000000	140.000000	0.000000	0.000000	0.000000	0.000000	0.000000	0.000000	0.000000	0.000000	0.000000	0.000000	0.000000	0.000000	0.000000	0.000000	83.000000	0.000000	0.000000	0.000000	25.400000	44.600000	0.000000	0.000000	0.000000	0.000000	2.100000	0.000000	0.000000	0.000000	0.000000	0.000000	0.000000	0.000000	0.000000	0.000000	0.000000	0.000000	0.000000	0.000000	0.000000	0.000000	0.000000	0.000000	0.000000	0.000000	0.000000	0.000000	0.000000	0.000000	0.000000	105.000000	164.000000	10.500000	216.000000	90.000000	40.000000	0.000000	0.000000	0.000000	0.000000	0.000000	0.000000	0.000000	0.000000	0.000000	0.000000	0.000000	0.000000	0.000000	0.000000	0.000000	0.000000	0.000000	0.000000	0.000000	0.000000	0.000000	0.000000	0.000000	0.000000	0.000000	0.000000	0.000000	0.000000	0.000000	0.000000	20.000000	20.000000	60.000000	0.000000	24.870000	0.000000	0.000000	0.000000	0.000000	0.000000	175.840000	214.500000	239.190000	0.000000	0.000000	0.000000	0.000000	0.000000	0.000000	61.250000	118.840000	214.320000	50.170000	70.560000	869.280000	0.000000
2023	2143.180000	400.000000	100.000000	70.000000	0.000000	551.700000	67.000000	374.200000	172.000000	0.000000	0.000000	0.000000	0.000000	0.000000	0.000000	0.000000	0.000000	0.000000	0.000000	0.000000	0.000000	0.000000	0.000000	0.000000	0.000000	0.000000	0.000000	0.000000	0.000000	0.000000	88.600000	115.000000	87.000000	80.300000	83.000000	0.000000	0.000000	52.500000	0.000000	0.000000	0.000000	0.000000	0.000000	0.000000	0.000000	0.000000	0.000000	0.000000	0.000000	0.000000	0.000000	0.000000	0.000000	0.000000	0.000000	0.000000	0.000000	0.000000	0.000000	0.000000	0.000000	0.000000	0.000000	0.000000	20.400000	5.100000	0.000000	100.000000	0.000000	0.000000	0.000000	0.000000	0.000000	0.000000	0.000000	0.000000	0.000000	0.000000	0.000000	0.000000	0.000000	0.000000	0.000000	0.000000	300.000000	0.000000	0.000000	0.000000	0.000000	0.000000	0.000000	0.000000	0.000000	0.000000	0.000000	0.250000	50.000000	0.000000	0.000000	0.000000	0.000000	40.000000	40.000000	40.000000	0.000000	0.000000	0.000000	0.000000	0.000000	40.000000	0.000000	0.000000	0.000000	0.000000	0.000000	0.000000	0.000000	0.000000	0.000000	0.000000	0.000000	0.000000	0.000000	0.000000	0.000000	0.000000	0.000000	0.000000	0.000000	0.000000	0.000000	0.000000	0.000000	0.000000	0.000000	0.000000	0.000000	0.000000	0.000000	0.000000	0.000000	0.000000	29.000000	17.600000	39.600000	63.800000	101.000000	158.000000	140.000000	140.000000	0.000000	0.000000	0.000000	0.000000	0.000000	0.000000	0.000000	0.000000	0.000000	0.000000	0.000000	0.000000	0.000000	0.000000	83.000000	35.000000	0.000000	0.000000	25.400000	44.600000	0.000000	0.000000	0.000000	0.000000	2.100000	0.000000	0.000000	0.000000	0.000000	0.000000	0.000000	0.000000	0.000000	0.000000	0.000000	0.000000	0.000000	0.000000	0.000000	0.000000	0.000000	0.000000	0.000000	0.000000	0.000000	0.000000	0.000000	0.000000	0.000000	105.000000	164.000000	10.500000	216.000000	90.000000	40.000000	0.000000	0.000000	0.000000	0.000000	0.000000	0.000000	0.000000	0.000000	0.000000	0.000000	0.000000	0.000000	0.000000	0.000000	0.000000	0.000000	0.000000	0.000000	0.000000	0.000000	0.000000	0.000000	0.000000	0.000000	0.000000	0.000000	0.000000	0.000000	0.000000	0.000000	20.000000	20.000000	60.000000	0.000000	24.870000	0.000000	0.000000	0.000000	0.000000	0.000000	175.840000	214.500000	239.190000	0.000000	0.000000	0.000000	0.000000	0.000000	0.000000	61.250000	118.840000	214.320000	50.170000	70.560000	869.280000	0.000000
2024	2222.631000	400.000000	100.000000	70.000000	0.000000	551.700000	67.000000	374.200000	172.000000	0.000000	0.000000	0.000000	0.000000	0.000000	0.000000	0.000000	0.000000	0.000000	0.000000	0.000000	0.000000	0.000000	0.000000	0.000000	0.000000	0.000000	0.000000	0.000000	0.000000	0.000000	88.600000	115.000000	87.000000	80.300000	83.000000	0.000000	0.000000	52.500000	0.000000	0.000000	0.000000	0.000000	0.000000	0.000000	0.000000	0.000000	0.000000	0.000000	0.000000	0.000000	0.000000	0.000000	0.000000	0.000000	0.000000	0.000000	0.000000	0.000000	0.000000	0.000000	0.000000	0.000000	0.000000	0.000000	20.400000	5.100000	0.000000	100.000000	0.000000	0.000000	0.000000	0.000000	0.000000	0.000000	0.000000	0.000000	0.000000	0.000000	0.000000	0.000000	0.000000	0.000000	0.000000	0.000000	300.000000	0.000000	0.000000	0.000000	0.000000	0.000000	0.000000	0.000000	0.000000	0.000000	0.000000	0.250000	50.000000	0.000000	0.000000	0.000000	0.000000	40.000000	40.000000	40.000000	0.000000	1.000000	0.000000	0.000000	0.000000	40.000000	0.000000	0.000000	0.000000	0.000000	0.000000	0.000000	0.000000	0.000000	0.000000	0.000000	0.000000	0.000000	0.000000	0.000000	0.000000	0.000000	0.000000	0.000000	0.000000	0.000000	0.000000	0.000000	0.000000	0.000000	0.000000	0.000000	0.000000	0.000000	0.000000	0.000000	0.000000	0.000000	29.000000	17.600000	39.600000	63.800000	101.000000	158.000000	140.000000	140.000000	0.000000	0.000000	0.000000	0.000000	0.000000	0.000000	0.000000	0.000000	0.000000	0.000000	0.000000	0.000000	0.000000	0.000000	83.000000	35.000000	0.000000	0.000000	25.400000	44.600000	0.000000	0.000000	0.000000	0.000000	2.100000	0.000000	0.000000	0.000000	0.000000	0.000000	0.000000	0.000000	0.000000	0.000000	0.000000	0.000000	0.000000	0.000000	0.000000	0.000000	0.000000	0.000000	1.000000	0.000000	0.000000	0.000000	0.000000	0.000000	0.000000	105.000000	164.000000	10.500000	216.000000	0.000000	40.000000	0.000000	0.000000	0.000000	0.000000	0.000000	0.000000	0.000000	0.000000	0.000000	0.000000	0.000000	0.000000	0.000000	0.000000	0.000000	0.000000	3.000000	0.000000	0.000000	0.000000	0.000000	0.000000	0.000000	0.000000	0.000000	0.000000	0.000000	0.000000	0.000000	0.000000	20.000000	20.000000	60.000000	0.000000	24.870000	0.000000	0.000000	0.000000	0.000000	0.000000	175.840000	214.500000	239.190000	0.000000	0.000000	0.000000	0.000000	0.000000	0.000000	61.250000	118.840000	214.320000	50.170000	70.560000	869.280000	0.000000
2025	2328.589000	400.000000	100.000000	70.000000	0.000000	551.700000	67.000000	374.200000	172.000000	0.000000	0.000000	0.000000	0.000000	0.000000	0.000000	0.000000	0.000000	0.000000	0.000000	0.000000	0.000000	0.000000	0.000000	0.000000	0.000000	0.000000	0.000000	0.000000	0.000000	0.000000	88.600000	115.000000	87.000000	80.300000	83.000000	0.000000	0.000000	52.500000	0.000000	0.000000	0.000000	0.000000	0.000000	0.000000	0.000000	0.000000	0.000000	0.000000	0.000000	0.000000	0.000000	0.000000	0.000000	0.000000	0.000000	0.000000	0.000000	0.000000	0.000000	0.000000	0.000000	0.000000	0.000000	0.000000	20.400000	5.100000	0.000000	100.000000	0.000000	0.000000	0.000000	0.000000	0.000000	0.000000	0.000000	0.000000	0.000000	0.000000	0.000000	0.000000	0.000000	0.000000	0.000000	0.000000	300.000000	0.000000	0.000000	0.000000	0.000000	0.000000	0.000000	0.000000	0.000000	0.000000	0.000000	0.250000	50.000000	0.000000	40.000000	0.000000	0.000000	40.000000	40.000000	40.000000	0.000000	1.000000	0.000000	0.000000	0.000000	40.000000	0.000000	0.000000	0.000000	0.000000	0.000000	0.000000	0.000000	0.000000	0.000000	0.000000	0.000000	0.000000	0.000000	0.000000	0.000000	0.000000	0.000000	0.000000	0.000000	0.000000	0.000000	0.000000	0.000000	0.000000	0.000000	0.000000	0.000000	0.000000	0.000000	0.000000	0.000000	0.000000	29.000000	17.600000	39.600000	63.800000	101.000000	158.000000	140.000000	140.000000	0.000000	0.000000	0.000000	0.000000	0.000000	0.000000	0.000000	0.000000	0.000000	0.000000	0.000000	20.000000	0.000000	35.000000	83.000000	35.000000	0.000000	0.000000	25.400000	44.600000	0.000000	0.000000	0.000000	0.000000	2.100000	0.000000	0.000000	0.000000	0.000000	0.000000	0.000000	0.000000	0.000000	0.000000	0.000000	0.000000	0.000000	0.000000	0.000000	0.000000	0.000000	0.000000	1.000000	0.000000	0.000000	0.000000	0.000000	0.000000	0.000000	105.000000	164.000000	10.500000	216.000000	0.000000	40.000000	0.000000	0.000000	0.000000	0.000000	0.000000	0.000000	0.000000	0.000000	0.000000	0.000000	0.000000	0.000000	0.000000	0.000000	0.000000	9.000000	3.000000	0.000000	0.000000	0.000000	0.000000	0.000000	0.000000	0.000000	0.000000	0.000000	0.000000	0.000000	0.000000	0.000000	20.000000	20.000000	60.000000	0.000000	24.870000	0.000000	0.000000	0.000000	0.000000	0.000000	175.840000	214.500000	239.190000	1790.310000	1790.310000	0.000000	0.000000	0.000000	0.000000	61.250000	118.840000	214.320000	50.170000	70.560000	869.280000	0.000000
2026	2575.415000	400.000000	100.000000	70.000000	0.000000	551.700000	67.000000	374.200000	172.000000	0.000000	0.000000	0.000000	0.000000	0.000000	0.000000	0.000000	0.000000	0.000000	0.000000	0.000000	0.000000	0.000000	0.000000	0.000000	0.000000	0.000000	0.000000	0.000000	0.000000	0.000000	88.600000	115.000000	87.000000	80.300000	83.000000	0.000000	0.000000	52.500000	0.000000	0.000000	0.000000	0.000000	0.000000	0.000000	0.000000	0.000000	0.000000	0.000000	0.000000	0.000000	0.000000	0.000000	0.000000	0.000000	0.000000	0.000000	0.000000	0.000000	0.000000	0.000000	0.000000	0.000000	0.000000	50.000000	20.400000	5.100000	0.000000	100.000000	0.000000	0.000000	50.000000	50.000000	0.000000	0.000000	0.000000	0.000000	0.000000	0.000000	0.000000	0.000000	0.000000	0.000000	0.000000	0.000000	300.000000	0.000000	0.000000	191.345000	0.000000	0.000000	0.000000	0.000000	0.000000	0.000000	0.000000	0.250000	50.000000	0.000000	40.000000	40.000000	0.000000	40.000000	40.000000	40.000000	0.000000	1.000000	0.000000	0.000000	0.000000	40.000000	0.000000	0.000000	0.000000	0.000000	0.000000	0.000000	0.000000	0.000000	0.000000	0.000000	0.000000	0.000000	0.000000	0.000000	0.000000	0.000000	0.000000	0.000000	0.000000	0.000000	0.000000	0.000000	0.000000	0.000000	0.000000	0.000000	0.000000	0.000000	0.000000	0.000000	0.000000	0.000000	29.000000	17.600000	39.600000	63.800000	101.000000	158.000000	140.000000	140.000000	0.000000	0.000000	0.000000	0.000000	0.000000	35.000000	58.000000	0.000000	0.000000	0.000000	0.000000	20.000000	20.000000	35.000000	83.000000	35.000000	0.000000	0.000000	25.400000	44.600000	0.000000	0.000000	0.000000	0.000000	2.100000	0.000000	0.000000	0.000000	0.000000	0.000000	0.000000	0.000000	0.000000	0.000000	0.000000	0.000000	0.000000	0.000000	0.000000	0.000000	0.000000	0.000000	1.000000	0.000000	0.000000	0.000000	0.000000	0.000000	0.000000	105.000000	164.000000	10.500000	216.000000	0.000000	40.000000	0.000000	0.000000	0.000000	0.000000	0.000000	0.000000	0.000000	0.000000	0.000000	0.000000	0.000000	0.000000	0.000000	0.000000	15.000000	9.000000	3.000000	0.000000	0.000000	0.000000	0.000000	0.000000	0.000000	0.000000	0.000000	0.000000	0.000000	0.000000	0.000000	0.000000	20.000000	20.000000	60.000000	0.000000	24.870000	0.000000	0.000000	0.000000	0.000000	0.000000	175.840000	214.500000	239.190000	1790.310000	1790.310000	0.000000	0.000000	0.000000	0.000000	61.250000	118.840000	214.320000	50.170000	70.560000	869.280000	0.000000
2027	2720.526000	400.000000	100.000000	70.000000	0.000000	551.700000	67.000000	374.200000	172.000000	0.000000	0.000000	0.000000	0.000000	0.000000	0.000000	0.000000	0.000000	0.000000	0.000000	0.000000	0.000000	0.000000	0.000000	0.000000	0.000000	0.000000	0.000000	0.000000	0.000000	0.000000	88.600000	115.000000	87.000000	80.300000	83.000000	0.000000	0.000000	52.500000	0.000000	0.000000	0.000000	0.000000	0.000000	0.000000	0.000000	0.000000	0.000000	0.000000	0.000000	0.000000	0.000000	0.000000	0.000000	0.000000	0.000000	0.000000	0.000000	0.000000	0.000000	0.000000	0.000000	0.000000	0.000000	50.000000	20.400000	5.100000	0.000000	100.000000	0.000000	0.000000	50.000000	50.000000	0.000000	0.000000	0.000000	0.000000	0.000000	0.000000	0.000000	0.000000	0.000000	0.000000	0.000000	0.000000	300.000000	0.000000	0.000000	191.345000	0.000000	0.000000	0.000000	0.000000	0.000000	0.000000	0.000000	0.250000	50.000000	40.000000	40.000000	40.000000	42.000000	40.000000	40.000000	40.000000	40.000000	1.000000	40.000000	0.000000	10.000000	40.000000	0.000000	0.000000	0.000000	0.000000	0.000000	0.000000	0.000000	0.000000	0.000000	0.000000	0.000000	0.000000	140.000000	80.000000	0.000000	0.000000	0.000000	0.000000	0.000000	0.000000	0.000000	0.000000	0.000000	0.000000	0.000000	100.000000	0.000000	0.000000	0.000000	0.000000	0.000000	0.000000	29.000000	17.600000	39.600000	63.800000	101.000000	158.000000	140.000000	140.000000	0.000000	0.000000	0.000000	0.000000	0.000000	35.000000	58.000000	0.000000	0.000000	0.000000	0.000000	20.000000	20.000000	35.000000	83.000000	35.000000	0.000000	0.000000	25.400000	44.600000	0.000000	0.000000	0.000000	0.000000	2.100000	0.000000	0.000000	0.000000	0.000000	0.000000	0.000000	0.000000	0.000000	0.000000	0.000000	0.000000	0.000000	20.000000	0.000000	0.000000	0.000000	10.000000	1.000000	0.000000	0.000000	0.000000	0.000000	0.000000	0.000000	105.000000	164.000000	10.500000	216.000000	0.000000	40.000000	0.000000	0.000000	0.000000	0.000000	0.000000	0.000000	0.000000	0.000000	0.000000	0.000000	0.000000	0.000000	0.000000	30.000000	15.000000	9.000000	3.000000	0.000000	0.000000	0.000000	0.000000	0.000000	0.000000	0.000000	0.000000	0.000000	0.000000	0.000000	0.000000	0.000000	20.000000	20.000000	60.000000	0.000000	24.870000	0.000000	0.000000	0.000000	0.000000	0.000000	175.840000	214.500000	239.190000	1790.310000	1790.310000	0.000000	0.000000	0.000000	0.000000	61.250000	118.840000	214.320000	50.170000	70.560000	869.280000	0.000000
2028	2878.932000	400.000000	100.000000	70.000000	0.000000	551.700000	67.000000	374.200000	172.000000	0.000000	0.000000	0.000000	0.000000	0.000000	0.000000	0.000000	0.000000	0.000000	0.000000	0.000000	0.000000	0.000000	0.000000	0.000000	0.000000	0.000000	0.000000	0.000000	0.000000	0.000000	88.600000	115.000000	87.000000	80.300000	83.000000	0.000000	0.000000	52.500000	0.000000	0.000000	0.000000	0.000000	0.000000	0.000000	0.000000	0.000000	0.000000	0.000000	0.000000	0.000000	0.000000	0.000000	0.000000	0.000000	0.000000	0.000000	0.000000	0.000000	0.000000	0.000000	0.000000	0.000000	30.000000	50.000000	20.400000	0.000000	0.000000	100.000000	50.000000	100.000000	50.000000	50.000000	11.000000	0.000000	0.000000	0.000000	0.000000	0.000000	0.000000	0.000000	0.000000	0.000000	0.000000	0.000000	300.000000	0.000000	0.000000	397.837000	0.000000	0.000000	0.000000	0.000000	0.000000	0.000000	0.000000	0.250000	50.000000	40.000000	40.000000	40.000000	42.000000	40.000000	40.000000	40.000000	40.000000	1.000000	40.000000	0.000000	10.000000	40.000000	0.000000	0.000000	0.000000	0.000000	0.000000	0.000000	0.000000	0.000000	0.000000	0.000000	0.000000	0.000000	140.000000	80.000000	0.000000	0.000000	0.000000	0.000000	0.000000	0.000000	0.000000	0.000000	0.000000	0.000000	0.000000	100.000000	0.000000	0.000000	0.000000	0.000000	0.000000	0.000000	29.000000	17.600000	39.600000	63.800000	0.000000	158.000000	140.000000	140.000000	0.000000	0.000000	0.000000	0.000000	0.000000	35.000000	58.000000	0.000000	0.000000	0.000000	0.000000	20.000000	20.000000	35.000000	83.000000	35.000000	0.000000	0.000000	25.400000	44.600000	0.000000	0.000000	0.000000	0.000000	2.100000	0.000000	0.000000	0.000000	0.000000	0.000000	0.000000	0.000000	0.000000	0.000000	0.000000	0.000000	0.000000	20.000000	0.000000	0.000000	8.000000	10.000000	1.000000	0.000000	0.000000	0.000000	0.000000	0.000000	0.000000	105.000000	164.000000	10.500000	80.000000	0.000000	40.000000	0.000000	0.000000	0.000000	0.000000	0.000000	0.000000	0.000000	0.000000	0.000000	0.000000	0.000000	0.000000	28.000000	30.000000	15.000000	9.000000	3.000000	0.000000	0.000000	0.000000	0.000000	0.000000	0.000000	0.000000	0.000000	0.000000	0.000000	0.000000	0.000000	0.000000	20.000000	20.000000	60.000000	0.000000	24.870000	0.000000	0.000000	0.000000	0.000000	0.000000	175.840000	214.500000	239.190000	1790.310000	1790.310000	0.000000	0.000000	0.000000	0.000000	61.250000	118.840000	214.320000	50.170000	70.560000	869.280000	0.000000
2029	3104.790000	400.000000	100.000000	70.000000	0.000000	551.700000	67.000000	374.200000	172.000000	0.000000	0.000000	0.000000	0.000000	0.000000	0.000000	0.000000	0.000000	0.000000	0.000000	0.000000	0.000000	0.000000	0.000000	0.000000	0.000000	0.000000	0.000000	0.000000	0.000000	0.000000	88.600000	115.000000	87.000000	80.300000	83.000000	0.000000	0.000000	0.000000	0.000000	0.000000	0.000000	0.000000	0.000000	0.000000	0.000000	0.000000	0.000000	0.000000	0.000000	0.000000	0.000000	0.000000	0.000000	0.000000	0.000000	0.000000	0.000000	0.000000	0.000000	0.000000	0.000000	0.000000	30.000000	50.000000	20.400000	0.000000	0.000000	100.000000	50.000000	100.000000	50.000000	50.000000	11.000000	0.000000	0.000000	0.000000	0.000000	0.000000	0.000000	0.000000	0.000000	0.000000	0.000000	0.000000	300.000000	0.000000	0.000000	592.828000	0.000000	0.000000	0.000000	0.000000	0.000000	0.000000	0.000000	0.250000	50.000000	40.000000	40.000000	40.000000	42.000000	40.000000	40.000000	40.000000	40.000000	1.000000	40.000000	0.000000	10.000000	40.000000	0.000000	0.000000	0.000000	0.000000	0.000000	0.000000	0.000000	0.000000	0.000000	0.000000	0.000000	0.000000	140.000000	80.000000	0.000000	0.000000	0.000000	0.000000	0.000000	0.000000	0.000000	0.000000	0.000000	0.000000	0.000000	100.000000	0.000000	0.000000	0.000000	0.000000	0.000000	0.000000	29.000000	17.600000	39.600000	63.800000	0.000000	158.000000	140.000000	140.000000	100.000000	0.000000	0.000000	0.000000	0.000000	35.000000	58.000000	0.000000	0.000000	0.000000	0.000000	20.000000	20.000000	35.000000	83.000000	35.000000	0.000000	0.000000	25.400000	44.600000	0.000000	0.000000	0.000000	0.000000	2.100000	0.000000	0.000000	0.000000	0.000000	0.000000	0.000000	0.000000	0.000000	0.000000	0.000000	0.000000	0.000000	20.000000	0.000000	0.000000	8.000000	10.000000	1.000000	0.000000	0.000000	0.000000	0.000000	0.000000	0.000000	105.000000	164.000000	10.500000	80.000000	0.000000	40.000000	0.000000	0.000000	0.000000	0.000000	0.000000	0.000000	0.000000	0.000000	0.000000	0.000000	0.000000	54.700000	28.000000	30.000000	15.000000	9.000000	3.000000	0.000000	0.000000	0.000000	0.000000	0.000000	0.000000	0.000000	0.000000	0.000000	0.000000	0.000000	0.000000	0.000000	20.000000	20.000000	60.000000	0.000000	24.870000	0.000000	0.000000	0.000000	0.000000	0.000000	175.840000	214.500000	239.190000	1790.310000	1790.310000	0.000000	0.000000	0.000000	0.000000	61.250000	118.840000	214.320000	50.170000	70.560000	869.280000	0.000000
2030	3373.452000	400.000000	100.000000	70.000000	0.000000	551.700000	67.000000	374.200000	172.000000	0.000000	0.000000	0.000000	0.000000	0.000000	0.000000	0.000000	0.000000	0.000000	0.000000	0.000000	0.000000	0.000000	0.000000	0.000000	0.000000	0.000000	0.000000	0.000000	0.000000	0.000000	0.000000	115.000000	87.000000	80.300000	83.000000	0.000000	0.000000	0.000000	0.000000	0.000000	0.000000	0.000000	0.000000	0.000000	374.128000	0.000000	0.000000	0.000000	0.000000	0.000000	0.000000	0.000000	0.000000	0.000000	0.000000	0.000000	0.000000	0.000000	0.000000	0.000000	0.000000	0.000000	30.000000	50.000000	20.400000	0.000000	0.000000	100.000000	50.000000	100.000000	50.000000	50.000000	11.000000	0.000000	0.000000	0.000000	0.000000	0.000000	0.000000	0.000000	0.000000	0.000000	0.000000	0.000000	300.000000	0.000000	0.000000	592.828000	0.000000	0.000000	0.000000	0.000000	0.000000	0.000000	0.000000	0.250000	50.000000	40.000000	40.000000	40.000000	42.000000	40.000000	40.000000	40.000000	40.000000	1.000000	40.000000	0.000000	10.000000	40.000000	0.000000	0.000000	0.000000	0.000000	0.000000	0.000000	0.000000	0.000000	0.000000	0.000000	0.000000	0.000000	140.000000	80.000000	0.000000	0.000000	0.000000	0.000000	0.000000	0.000000	0.000000	0.000000	0.000000	0.000000	0.000000	100.000000	0.000000	0.000000	0.000000	0.000000	0.000000	0.000000	29.000000	17.600000	39.600000	63.800000	0.000000	158.000000	140.000000	140.000000	100.000000	0.000000	0.000000	0.000000	0.000000	35.000000	58.000000	0.000000	0.000000	0.000000	0.000000	20.000000	20.000000	35.000000	83.000000	35.000000	0.000000	0.000000	25.400000	44.600000	0.000000	0.000000	0.000000	0.000000	2.100000	0.000000	0.000000	0.000000	0.000000	0.000000	0.000000	0.000000	0.000000	0.000000	0.000000	0.000000	0.000000	20.000000	0.000000	10.000000	8.000000	10.000000	1.000000	0.000000	0.000000	0.000000	0.000000	0.000000	0.000000	105.000000	164.000000	10.500000	80.000000	0.000000	40.000000	0.000000	0.000000	0.000000	0.000000	0.000000	0.000000	0.000000	0.000000	0.000000	0.000000	0.000000	54.700000	28.000000	30.000000	15.000000	9.000000	3.000000	0.000000	0.000000	0.000000	0.000000	0.000000	0.000000	0.000000	0.000000	0.000000	0.000000	0.000000	0.000000	0.000000	20.000000	20.000000	60.000000	0.000000	24.870000	0.000000	0.000000	0.000000	0.000000	0.000000	175.840000	214.500000	239.190000	1790.310000	1790.310000	0.000000	0.000000	0.000000	0.000000	61.250000	118.840000	214.320000	50.170000	70.560000	869.280000	0.000000
2031	3689.906000	400.000000	100.000000	70.000000	0.000000	551.700000	67.000000	374.200000	172.000000	0.000000	0.000000	0.000000	0.000000	0.000000	0.000000	0.000000	0.000000	0.000000	0.000000	0.000000	0.000000	0.000000	0.000000	0.000000	0.000000	0.000000	0.000000	0.000000	0.000000	0.000000	0.000000	0.000000	87.000000	80.300000	83.000000	0.000000	0.000000	0.000000	0.000000	0.000000	0.000000	0.000000	0.000000	0.000000	877.227000	0.000000	0.000000	0.000000	0.000000	0.000000	0.000000	0.000000	0.000000	0.000000	0.000000	0.000000	0.000000	0.000000	0.000000	0.000000	0.000000	80.000000	30.000000	50.000000	20.400000	0.000000	40.000000	100.000000	50.000000	100.000000	50.000000	50.000000	11.000000	0.000000	0.000000	0.000000	0.000000	0.000000	0.000000	0.000000	0.000000	0.000000	0.000000	0.000000	300.000000	0.000000	0.000000	592.828000	0.000000	0.000000	0.000000	0.000000	0.000000	0.000000	30.000000	0.250000	50.000000	40.000000	40.000000	40.000000	42.000000	40.000000	40.000000	40.000000	40.000000	1.000000	40.000000	30.000000	10.000000	40.000000	0.000000	0.000000	0.000000	0.000000	0.000000	0.000000	0.000000	0.000000	0.000000	0.000000	0.000000	0.000000	140.000000	80.000000	0.000000	0.000000	0.000000	0.000000	0.000000	0.000000	0.000000	0.000000	0.000000	0.000000	0.000000	100.000000	0.000000	0.000000	0.000000	0.000000	0.000000	0.000000	29.000000	17.600000	39.600000	63.800000	0.000000	158.000000	140.000000	140.000000	100.000000	0.000000	0.000000	0.000000	0.000000	35.000000	58.000000	0.000000	0.000000	0.000000	0.000000	20.000000	20.000000	35.000000	83.000000	35.000000	0.000000	0.000000	25.400000	44.600000	0.000000	0.000000	0.000000	0.000000	2.100000	0.000000	0.000000	0.000000	0.000000	0.000000	0.000000	0.000000	0.000000	0.000000	0.000000	0.000000	0.000000	20.000000	0.000000	10.000000	8.000000	10.000000	1.000000	0.000000	0.000000	0.000000	0.000000	0.000000	0.000000	105.000000	164.000000	10.500000	80.000000	0.000000	0.000000	0.000000	0.000000	0.000000	0.000000	0.000000	0.000000	0.000000	0.000000	0.000000	0.000000	0.000000	54.700000	28.000000	30.000000	15.000000	9.000000	3.000000	0.000000	0.000000	0.000000	0.000000	0.000000	0.000000	0.000000	0.000000	0.000000	0.000000	0.000000	0.000000	0.000000	20.000000	20.000000	60.000000	0.000000	24.870000	0.000000	0.000000	0.000000	0.000000	0.000000	175.840000	214.500000	239.190000	1790.310000	1790.310000	0.000000	0.000000	0.000000	0.000000	61.250000	118.840000	214.320000	50.170000	70.560000	869.280000	0.000000
2032	4005.079000	400.000000	100.000000	70.000000	0.000000	551.700000	67.000000	374.200000	172.000000	0.000000	0.000000	0.000000	0.000000	0.000000	0.000000	0.000000	0.000000	0.000000	0.000000	0.000000	0.000000	0.000000	0.000000	0.000000	0.000000	0.000000	0.000000	0.000000	244.773000	0.000000	0.000000	0.000000	87.000000	80.300000	83.000000	0.000000	0.000000	0.000000	0.000000	0.000000	0.000000	0.000000	0.000000	0.000000	968.343900	0.000000	0.000000	0.000000	0.000000	0.000000	0.000000	0.000000	0.000000	0.000000	0.000000	0.000000	0.000000	0.000000	0.000000	0.000000	0.000000	80.000000	30.000000	50.000000	20.400000	0.000000	40.000000	100.000000	50.000000	100.000000	50.000000	50.000000	11.000000	0.000000	0.000000	0.000000	0.000000	0.000000	0.000000	0.000000	0.000000	0.000000	0.000000	0.000000	300.000000	0.000000	0.000000	592.828000	0.000000	0.000000	0.000000	0.000000	0.000000	0.000000	30.000000	0.250000	50.000000	40.000000	40.000000	40.000000	42.000000	40.000000	40.000000	40.000000	40.000000	1.000000	40.000000	30.000000	10.000000	40.000000	0.000000	0.000000	0.000000	0.000000	0.000000	0.000000	0.000000	0.000000	0.000000	0.000000	0.000000	0.000000	140.000000	80.000000	0.000000	0.000000	0.000000	0.000000	0.000000	0.000000	0.000000	0.000000	0.000000	0.000000	0.000000	100.000000	0.000000	0.000000	0.000000	0.000000	0.000000	0.000000	29.000000	17.600000	39.600000	63.800000	0.000000	158.000000	140.000000	140.000000	100.000000	0.000000	0.000000	0.000000	0.000000	35.000000	58.000000	0.000000	0.000000	0.000000	0.000000	20.000000	20.000000	35.000000	83.000000	35.000000	0.000000	0.000000	25.400000	44.600000	0.000000	0.000000	0.000000	0.000000	2.100000	0.000000	0.000000	0.000000	0.000000	0.000000	0.000000	0.000000	0.000000	0.000000	0.000000	8.400000	2.400000	20.000000	0.000000	10.000000	8.000000	10.000000	1.000000	0.000000	0.000000	0.000000	0.000000	0.000000	0.000000	105.000000	164.000000	10.500000	80.000000	0.000000	0.000000	0.000000	0.000000	0.000000	0.000000	0.000000	0.000000	0.000000	0.000000	0.000000	0.000000	0.000000	54.700000	28.000000	30.000000	15.000000	9.000000	3.000000	0.000000	0.000000	0.000000	0.000000	0.000000	0.000000	0.000000	0.000000	0.000000	0.000000	0.000000	0.000000	0.000000	20.000000	20.000000	60.000000	0.000000	24.870000	0.000000	0.000000	0.000000	0.000000	0.000000	175.840000	214.500000	239.190000	1790.310000	1790.310000	0.000000	0.000000	0.000000	0.000000	61.250000	118.840000	214.320000	50.170000	70.560000	869.280000	0.000000
2033	4288.896000	400.000000	100.000000	70.000000	0.000000	551.700000	67.000000	374.200000	172.000000	0.000000	0.000000	0.000000	0.000000	0.000000	0.000000	0.000000	0.000000	0.000000	0.000000	0.000000	0.000000	0.000000	0.000000	0.000000	0.000000	0.000000	0.000000	0.000000	506.103000	0.000000	0.000000	0.000000	87.000000	80.300000	83.000000	0.000000	0.000000	0.000000	0.000000	0.000000	0.000000	0.000000	0.000000	0.000000	1016.212100	0.000000	0.000000	0.000000	0.000000	0.000000	0.000000	0.000000	0.000000	0.000000	0.000000	0.000000	0.000000	0.000000	0.000000	0.000000	0.000000	80.000000	30.000000	50.000000	20.400000	0.000000	40.000000	100.000000	50.000000	100.000000	50.000000	50.000000	11.000000	0.000000	0.000000	0.000000	0.000000	0.000000	0.000000	0.000000	0.000000	0.000000	0.000000	0.000000	300.000000	0.000000	0.000000	592.828000	0.000000	0.000000	0.000000	0.000000	0.000000	0.000000	30.000000	0.250000	50.000000	40.000000	40.000000	40.000000	42.000000	40.000000	40.000000	40.000000	40.000000	1.000000	40.000000	30.000000	10.000000	40.000000	0.000000	0.000000	0.000000	0.000000	0.000000	0.000000	0.000000	0.000000	0.000000	0.000000	0.000000	0.000000	140.000000	80.000000	0.000000	0.000000	0.000000	0.000000	0.000000	0.000000	0.000000	0.000000	0.000000	0.000000	0.000000	100.000000	0.000000	0.000000	0.000000	0.000000	0.000000	0.000000	29.000000	17.600000	39.600000	63.800000	0.000000	158.000000	140.000000	140.000000	100.000000	0.000000	0.000000	0.000000	0.000000	35.000000	58.000000	0.000000	0.000000	0.000000	0.000000	20.000000	20.000000	35.000000	83.000000	35.000000	0.000000	0.000000	25.400000	44.600000	0.000000	0.000000	0.000000	0.000000	2.100000	0.000000	0.000000	0.000000	0.000000	0.000000	0.000000	0.000000	0.000000	0.000000	3.000000	8.400000	2.400000	20.000000	0.000000	10.000000	8.000000	10.000000	1.000000	0.000000	0.000000	0.000000	0.000000	0.000000	0.000000	105.000000	164.000000	10.500000	80.000000	0.000000	0.000000	0.000000	0.000000	0.000000	0.000000	0.000000	0.000000	0.000000	0.000000	0.000000	0.000000	0.000000	54.700000	28.000000	30.000000	15.000000	9.000000	3.000000	0.000000	0.000000	0.000000	0.000000	0.000000	0.000000	0.000000	0.000000	0.000000	0.000000	0.000000	0.000000	0.000000	20.000000	20.000000	60.000000	0.000000	24.870000	0.000000	0.000000	0.000000	0.000000	0.000000	175.840000	214.500000	239.190000	1790.310000	1790.310000	0.000000	0.000000	0.000000	0.000000	61.250000	118.840000	214.320000	50.170000	70.560000	869.280000	0.000000
2034	4590.650000	400.000000	100.000000	70.000000	0.000000	551.700000	67.000000	374.200000	172.000000	0.000000	0.000000	0.000000	0.000000	0.000000	0.000000	0.000000	0.000000	0.000000	0.000000	0.000000	0.000000	0.000000	0.000000	0.000000	0.000000	0.000000	0.000000	0.000000	672.282000	0.000000	0.000000	0.000000	0.000000	0.000000	83.000000	0.000000	0.000000	0.000000	0.000000	0.000000	0.000000	0.000000	0.000000	0.000000	1342.963100	0.000000	0.000000	0.000000	0.000000	0.000000	0.000000	0.000000	0.000000	0.000000	0.000000	0.000000	0.000000	0.000000	0.000000	0.000000	100.000000	80.000000	30.000000	50.000000	20.400000	0.000000	40.000000	100.000000	50.000000	100.000000	50.000000	50.000000	11.000000	0.000000	0.000000	0.000000	0.000000	0.000000	0.000000	0.000000	0.000000	0.000000	0.000000	0.000000	300.000000	0.000000	0.000000	592.828000	0.000000	0.000000	0.000000	0.000000	0.000000	821.274000	30.000000	0.250000	50.000000	40.000000	40.000000	40.000000	42.000000	40.000000	40.000000	40.000000	40.000000	1.000000	40.000000	30.000000	10.000000	40.000000	0.000000	0.000000	0.000000	0.000000	0.000000	0.000000	0.000000	0.000000	0.000000	0.000000	0.000000	0.000000	140.000000	80.000000	0.000000	0.000000	0.000000	0.000000	0.000000	0.000000	0.000000	0.000000	0.000000	0.000000	0.000000	100.000000	0.000000	0.000000	0.000000	0.000000	0.000000	0.000000	29.000000	17.600000	39.600000	63.800000	0.000000	158.000000	140.000000	140.000000	100.000000	0.000000	0.000000	0.000000	0.000000	35.000000	58.000000	0.000000	0.000000	0.000000	0.000000	20.000000	20.000000	35.000000	83.000000	35.000000	0.000000	0.000000	25.400000	44.600000	0.000000	0.000000	0.000000	0.000000	2.100000	0.000000	0.000000	0.000000	0.000000	0.000000	0.000000	0.000000	0.300000	6.000000	3.000000	8.400000	2.400000	20.000000	0.000000	10.000000	8.000000	10.000000	1.000000	0.000000	0.000000	0.000000	0.000000	0.000000	0.000000	105.000000	164.000000	10.500000	80.000000	0.000000	0.000000	0.000000	0.000000	0.000000	0.000000	0.000000	0.000000	0.000000	0.000000	0.000000	0.000000	0.000000	54.700000	28.000000	30.000000	15.000000	9.000000	3.000000	0.000000	0.000000	0.000000	0.000000	0.000000	0.000000	0.000000	0.000000	0.000000	0.000000	0.000000	0.000000	0.000000	20.000000	20.000000	60.000000	0.000000	24.870000	0.000000	0.000000	0.000000	0.000000	0.000000	175.840000	214.500000	239.190000	1790.310000	1790.310000	0.000000	0.000000	0.000000	0.000000	61.250000	118.840000	214.320000	50.170000	70.560000	869.280000	0.000000
2035	4906.953000	400.000000	100.000000	70.000000	0.000000	551.700000	67.000000	374.200000	172.000000	0.000000	0.000000	0.000000	0.000000	0.000000	0.000000	0.000000	0.000000	0.000000	0.000000	0.000000	0.000000	0.000000	0.000000	0.000000	0.000000	0.000000	0.000000	0.000000	878.660000	0.000000	0.000000	0.000000	0.000000	0.000000	0.000000	0.000000	0.000000	0.000000	0.000000	0.000000	0.000000	0.000000	0.000000	0.000000	1567.518100	0.000000	0.000000	0.000000	0.000000	0.000000	0.000000	0.000000	0.000000	0.000000	0.000000	0.000000	0.000000	0.000000	200.000000	0.000000	100.000000	80.000000	30.000000	50.000000	0.000000	0.000000	40.000000	100.000000	50.000000	100.000000	50.000000	50.000000	11.000000	0.000000	0.000000	0.000000	0.000000	0.000000	0.000000	0.000000	0.000000	0.000000	0.000000	0.000000	300.000000	0.000000	0.000000	592.828000	0.000000	0.000000	0.000000	0.000000	0.000000	821.274000	30.000000	0.250000	50.000000	40.000000	40.000000	40.000000	42.000000	40.000000	40.000000	40.000000	40.000000	1.000000	40.000000	30.000000	10.000000	40.000000	0.000000	0.000000	0.000000	0.000000	0.000000	0.000000	0.000000	0.000000	0.000000	0.000000	0.000000	0.000000	140.000000	80.000000	0.000000	0.000000	0.000000	0.000000	0.000000	0.000000	0.000000	0.000000	0.000000	0.000000	0.000000	100.000000	0.000000	0.000000	0.000000	0.000000	0.000000	0.000000	29.000000	17.600000	39.600000	63.800000	0.000000	158.000000	140.000000	140.000000	100.000000	0.000000	0.000000	0.000000	0.000000	35.000000	58.000000	0.000000	0.000000	0.000000	0.000000	20.000000	20.000000	35.000000	83.000000	35.000000	0.000000	0.000000	25.400000	44.600000	0.000000	0.000000	0.000000	0.000000	2.100000	0.000000	0.000000	0.000000	0.000000	0.000000	0.000000	0.000000	0.300000	6.000000	3.000000	8.400000	2.400000	20.000000	0.000000	10.000000	8.000000	10.000000	1.000000	0.000000	0.000000	0.000000	0.000000	0.000000	0.000000	105.000000	164.000000	10.500000	80.000000	0.000000	0.000000	0.000000	0.000000	0.000000	0.000000	0.000000	0.000000	0.000000	0.000000	0.000000	0.000000	0.000000	54.700000	28.000000	30.000000	15.000000	9.000000	3.000000	0.000000	0.000000	0.000000	0.000000	0.000000	0.000000	0.000000	0.000000	0.000000	0.000000	0.000000	0.000000	0.000000	20.000000	20.000000	60.000000	0.000000	24.870000	0.000000	0.000000	0.000000	0.000000	0.000000	175.840000	214.500000	239.190000	1790.310000	1790.310000	0.000000	0.000000	0.000000	0.000000	61.250000	118.840000	214.320000	50.170000	70.560000	869.280000	0.000000
2036	5215.596000	400.000000	100.000000	70.000000	0.000000	551.700000	67.000000	374.200000	172.000000	0.000000	0.000000	0.000000	0.000000	0.000000	0.000000	0.000000	0.000000	0.000000	0.000000	0.000000	0.000000	0.000000	0.000000	0.000000	0.000000	0.000000	0.000000	0.000000	1082.088000	0.000000	0.000000	0.000000	0.000000	0.000000	0.000000	0.000000	0.000000	0.000000	0.000000	0.000000	0.000000	0.000000	0.000000	0.000000	1703.597100	0.000000	0.000000	0.000000	0.000000	0.000000	0.000000	0.000000	0.000000	0.000000	0.000000	0.000000	0.000000	0.000000	200.000000	0.000000	100.000000	80.000000	30.000000	50.000000	0.000000	0.000000	40.000000	100.000000	50.000000	100.000000	50.000000	50.000000	11.000000	0.000000	0.000000	0.000000	0.000000	0.000000	0.000000	0.000000	0.000000	0.000000	0.000000	0.000000	300.000000	0.000000	0.000000	592.828000	0.000000	0.000000	0.000000	0.000000	0.000000	1106.138000	30.000000	0.250000	50.000000	40.000000	40.000000	40.000000	42.000000	40.000000	40.000000	40.000000	40.000000	1.000000	40.000000	30.000000	10.000000	40.000000	0.000000	0.000000	0.000000	0.000000	0.000000	0.000000	0.000000	0.000000	0.000000	0.000000	0.000000	0.000000	140.000000	80.000000	0.000000	0.000000	0.000000	0.000000	0.000000	0.000000	0.000000	0.000000	0.000000	0.000000	0.000000	100.000000	0.000000	0.000000	0.000000	0.000000	0.000000	0.000000	29.000000	17.600000	39.600000	63.800000	0.000000	158.000000	140.000000	140.000000	100.000000	0.000000	0.000000	0.000000	0.000000	35.000000	58.000000	0.000000	0.000000	0.000000	0.000000	20.000000	20.000000	35.000000	83.000000	35.000000	0.000000	0.000000	25.400000	44.600000	0.000000	0.000000	0.000000	0.000000	2.100000	0.000000	0.000000	0.000000	0.000000	0.000000	0.000000	0.000000	0.300000	6.000000	3.000000	8.400000	2.400000	20.000000	0.000000	10.000000	8.000000	10.000000	1.000000	0.000000	0.000000	0.000000	0.000000	0.000000	0.000000	105.000000	164.000000	10.500000	80.000000	0.000000	0.000000	0.000000	0.000000	0.000000	0.000000	0.000000	0.000000	0.000000	0.000000	0.000000	0.000000	0.000000	54.700000	28.000000	30.000000	15.000000	9.000000	3.000000	0.000000	0.000000	0.000000	0.000000	0.000000	0.000000	0.000000	0.000000	0.000000	0.000000	0.000000	0.000000	0.000000	20.000000	20.000000	60.000000	0.000000	24.870000	0.000000	0.000000	0.000000	0.000000	0.000000	175.840000	214.500000	239.190000	1790.310000	1790.310000	0.000000	0.000000	0.000000	0.000000	61.250000	118.840000	214.320000	50.170000	70.560000	869.280000	0.000000
2037	5561.532000	400.000000	100.000000	70.000000	0.000000	551.700000	67.000000	374.200000	172.000000	0.000000	0.000000	0.000000	0.000000	0.000000	0.000000	0.000000	0.000000	0.000000	0.000000	0.000000	0.000000	0.000000	0.000000	0.000000	0.000000	0.000000	0.000000	0.000000	1312.327000	0.000000	0.000000	0.000000	0.000000	0.000000	0.000000	0.000000	0.000000	0.000000	0.000000	0.000000	0.000000	0.000000	0.000000	0.000000	1855.988100	0.000000	0.000000	0.000000	0.000000	0.000000	0.000000	0.000000	0.000000	0.000000	0.000000	0.000000	0.000000	0.000000	200.000000	0.000000	100.000000	80.000000	30.000000	50.000000	0.000000	0.000000	40.000000	100.000000	50.000000	100.000000	50.000000	50.000000	11.000000	0.000000	0.000000	0.000000	0.000000	0.000000	0.000000	0.000000	0.000000	0.000000	0.000000	0.000000	300.000000	0.000000	0.000000	592.828000	0.000000	0.000000	0.000000	0.000000	0.000000	1425.422000	30.000000	0.250000	50.000000	40.000000	40.000000	40.000000	42.000000	40.000000	40.000000	40.000000	40.000000	1.000000	40.000000	30.000000	10.000000	40.000000	0.000000	0.000000	0.000000	0.000000	0.000000	0.000000	0.000000	0.000000	0.000000	0.000000	0.000000	0.000000	140.000000	80.000000	0.000000	0.000000	0.000000	0.000000	0.000000	0.000000	0.000000	0.000000	0.000000	0.000000	0.000000	100.000000	0.000000	0.000000	0.000000	0.000000	0.000000	0.000000	29.000000	17.600000	39.600000	63.800000	0.000000	158.000000	140.000000	140.000000	100.000000	0.000000	0.000000	0.000000	0.000000	35.000000	58.000000	0.000000	0.000000	0.000000	0.000000	20.000000	20.000000	35.000000	83.000000	35.000000	0.000000	0.000000	25.400000	44.600000	0.000000	0.000000	0.000000	0.000000	0.000000	0.000000	0.000000	0.000000	0.000000	0.000000	0.000000	0.000000	0.300000	6.000000	3.000000	8.400000	2.400000	20.000000	0.000000	10.000000	8.000000	10.000000	1.000000	0.000000	0.000000	0.000000	0.000000	0.000000	0.000000	105.000000	164.000000	10.500000	80.000000	0.000000	0.000000	0.000000	0.000000	0.000000	0.000000	0.000000	0.000000	0.000000	0.000000	0.000000	0.000000	0.000000	54.700000	28.000000	30.000000	15.000000	9.000000	3.000000	0.000000	0.000000	0.000000	0.000000	0.000000	0.000000	0.000000	0.000000	0.000000	0.000000	0.000000	0.000000	0.000000	20.000000	20.000000	60.000000	0.000000	24.870000	0.000000	0.000000	0.000000	0.000000	0.000000	175.840000	214.500000	239.190000	1790.310000	1790.310000	0.000000	0.000000	0.000000	0.000000	61.250000	118.840000	214.320000	50.170000	70.560000	869.280000	0.000000
2038	5919.647000	400.000000	100.000000	70.000000	0.000000	551.700000	67.000000	374.200000	172.000000	0.000000	0.000000	0.000000	0.000000	0.000000	0.000000	0.000000	0.000000	0.000000	0.000000	0.000000	0.000000	0.000000	0.000000	0.000000	0.000000	0.000000	0.000000	0.000000	1681.697000	0.000000	0.000000	0.000000	0.000000	0.000000	0.000000	0.000000	0.000000	0.000000	0.000000	0.000000	0.000000	0.000000	0.000000	0.000000	2084.145100	0.000000	0.000000	0.000000	0.000000	0.000000	0.000000	0.000000	0.000000	0.000000	0.000000	0.000000	0.000000	0.000000	200.000000	0.000000	100.000000	80.000000	30.000000	50.000000	0.000000	0.000000	40.000000	100.000000	50.000000	100.000000	50.000000	50.000000	11.000000	0.000000	0.000000	0.000000	0.000000	0.000000	0.000000	0.000000	0.000000	0.000000	0.000000	0.000000	0.000000	0.000000	0.000000	592.828000	0.000000	0.000000	0.000000	0.000000	0.000000	2585.472000	30.000000	0.000000	0.000000	40.000000	40.000000	40.000000	42.000000	40.000000	40.000000	40.000000	40.000000	1.000000	40.000000	30.000000	10.000000	40.000000	0.000000	0.000000	0.000000	0.000000	0.000000	0.000000	0.000000	0.000000	0.000000	0.000000	0.000000	0.000000	140.000000	80.000000	0.000000	0.000000	0.000000	0.000000	0.000000	0.000000	0.000000	0.000000	0.000000	0.000000	0.000000	100.000000	0.000000	0.000000	0.000000	0.000000	0.000000	0.000000	29.000000	17.600000	0.000000	63.800000	0.000000	158.000000	140.000000	140.000000	100.000000	0.000000	0.000000	0.000000	0.000000	35.000000	58.000000	0.000000	0.000000	0.000000	0.000000	20.000000	20.000000	35.000000	83.000000	35.000000	0.000000	0.000000	25.400000	44.600000	0.000000	0.000000	0.000000	0.000000	0.000000	0.000000	0.000000	0.000000	0.000000	0.000000	0.000000	0.000000	0.300000	6.000000	3.000000	8.400000	2.400000	20.000000	0.000000	10.000000	8.000000	10.000000	1.000000	0.000000	0.000000	0.000000	0.000000	0.000000	0.000000	105.000000	0.000000	10.500000	80.000000	0.000000	0.000000	0.000000	0.000000	0.000000	0.000000	0.000000	0.000000	0.000000	0.000000	0.000000	0.000000	0.000000	54.700000	28.000000	30.000000	15.000000	9.000000	3.000000	0.000000	0.000000	0.000000	0.000000	0.000000	0.000000	0.000000	0.000000	0.000000	0.000000	0.000000	0.000000	0.000000	20.000000	20.000000	60.000000	0.000000	24.870000	0.000000	0.000000	0.000000	0.000000	0.000000	175.840000	214.500000	239.190000	1790.310000	1790.310000	0.000000	0.000000	0.000000	0.000000	61.250000	118.840000	214.320000	50.170000	70.560000	869.280000	0.000000
2039	6297.532000	400.000000	100.000000	70.000000	0.000000	551.700000	67.000000	374.200000	172.000000	0.000000	0.000000	0.000000	0.000000	0.000000	0.000000	0.000000	0.000000	0.000000	0.000000	0.000000	0.000000	0.000000	0.000000	0.000000	0.000000	0.000000	0.000000	0.000000	2285.765000	0.000000	0.000000	0.000000	0.000000	0.000000	0.000000	0.000000	0.000000	0.000000	0.000000	0.000000	0.000000	0.000000	0.000000	0.000000	2237.951100	0.000000	0.000000	0.000000	0.000000	0.000000	0.000000	0.000000	0.000000	0.000000	0.000000	0.000000	0.000000	0.000000	200.000000	0.000000	100.000000	80.000000	30.000000	50.000000	0.000000	0.000000	40.000000	100.000000	50.000000	100.000000	50.000000	50.000000	11.000000	0.000000	0.000000	0.000000	0.000000	0.000000	0.000000	0.000000	0.000000	0.000000	0.000000	0.000000	0.000000	0.000000	0.000000	592.828000	0.000000	0.000000	0.000000	0.000000	0.000000	2934.243000	30.000000	0.000000	0.000000	40.000000	40.000000	40.000000	42.000000	40.000000	40.000000	40.000000	40.000000	1.000000	40.000000	30.000000	10.000000	40.000000	0.000000	0.000000	0.000000	0.000000	0.000000	0.000000	0.000000	0.000000	0.000000	0.000000	0.000000	0.000000	140.000000	80.000000	0.000000	0.000000	0.000000	0.000000	0.000000	0.000000	0.000000	0.000000	0.000000	0.000000	0.000000	100.000000	0.000000	0.000000	0.000000	0.000000	0.000000	0.000000	29.000000	0.000000	0.000000	63.800000	0.000000	158.000000	0.000000	0.000000	100.000000	0.000000	0.000000	0.000000	0.000000	35.000000	58.000000	0.000000	0.000000	0.000000	0.000000	20.000000	20.000000	35.000000	83.000000	35.000000	0.000000	0.000000	25.400000	0.000000	0.000000	0.000000	0.000000	0.000000	0.000000	0.000000	0.000000	0.000000	0.000000	0.000000	0.000000	0.000000	0.300000	6.000000	3.000000	8.400000	2.400000	20.000000	0.000000	10.000000	8.000000	10.000000	1.000000	0.000000	0.000000	0.000000	0.000000	0.000000	0.000000	105.000000	0.000000	10.500000	80.000000	0.000000	0.000000	0.000000	0.000000	0.000000	0.000000	0.000000	0.000000	0.000000	0.000000	0.000000	0.000000	0.000000	54.700000	28.000000	30.000000	15.000000	9.000000	3.000000	0.000000	0.000000	0.000000	0.000000	0.000000	0.000000	0.000000	0.000000	0.000000	0.000000	0.000000	0.000000	0.000000	20.000000	20.000000	60.000000	0.000000	24.870000	0.000000	0.000000	0.000000	0.000000	0.000000	175.840000	214.500000	239.190000	0.000000	1790.310000	0.000000	0.000000	0.000000	0.000000	61.250000	118.840000	214.320000	50.170000	70.560000	869.280000	0.000000
2040	6696.372000	400.000000	100.000000	70.000000	0.000000	551.700000	67.000000	374.200000	172.000000	0.000000	0.000000	0.000000	0.000000	0.000000	0.000000	0.000000	0.000000	0.000000	0.000000	0.000000	0.000000	0.000000	0.000000	0.000000	0.000000	0.000000	0.000000	0.000000	2572.571000	0.000000	0.000000	0.000000	0.000000	0.000000	0.000000	0.000000	0.000000	0.000000	0.000000	0.000000	0.000000	0.000000	0.000000	0.000000	2415.268100	0.000000	0.000000	0.000000	0.000000	0.000000	0.000000	0.000000	0.000000	0.000000	0.000000	0.000000	0.000000	0.000000	200.000000	0.000000	100.000000	80.000000	30.000000	50.000000	0.000000	0.000000	40.000000	100.000000	50.000000	100.000000	50.000000	50.000000	11.000000	0.000000	0.000000	0.000000	0.000000	0.000000	0.000000	0.000000	0.000000	0.000000	0.000000	0.000000	0.000000	0.000000	0.000000	592.828000	0.000000	0.000000	0.000000	0.000000	0.000000	3302.355000	30.000000	0.000000	0.000000	40.000000	40.000000	40.000000	42.000000	40.000000	40.000000	40.000000	40.000000	1.000000	40.000000	30.000000	10.000000	40.000000	0.000000	0.000000	0.000000	0.000000	0.000000	0.000000	0.000000	0.000000	0.000000	0.000000	0.000000	0.000000	140.000000	80.000000	0.000000	0.000000	0.000000	0.000000	0.000000	0.000000	0.000000	0.000000	0.000000	0.000000	0.000000	100.000000	0.000000	0.000000	0.000000	0.000000	0.000000	0.000000	29.000000	0.000000	0.000000	63.800000	0.000000	158.000000	0.000000	0.000000	100.000000	0.000000	0.000000	0.000000	0.000000	35.000000	58.000000	0.000000	0.000000	0.000000	0.000000	20.000000	20.000000	35.000000	83.000000	35.000000	0.000000	0.000000	0.000000	0.000000	0.000000	0.000000	0.000000	0.000000	0.000000	0.000000	0.000000	0.000000	0.000000	0.000000	0.000000	0.000000	0.300000	6.000000	3.000000	8.400000	2.400000	20.000000	0.000000	10.000000	8.000000	10.000000	1.000000	0.000000	0.000000	0.000000	0.000000	0.000000	0.000000	105.000000	0.000000	10.500000	80.000000	0.000000	0.000000	0.000000	0.000000	0.000000	0.000000	0.000000	0.000000	0.000000	0.000000	0.000000	0.000000	0.000000	54.700000	28.000000	30.000000	15.000000	9.000000	3.000000	0.000000	0.000000	0.000000	0.000000	0.000000	0.000000	0.000000	0.000000	0.000000	0.000000	0.000000	0.000000	0.000000	20.000000	20.000000	60.000000	0.000000	24.870000	0.000000	0.000000	0.000000	0.000000	0.000000	175.840000	214.500000	239.190000	1790.310000	1790.310000	0.000000	0.000000	0.000000	0.000000	61.250000	118.840000	214.320000	50.170000	70.560000	869.280000	0.000000
2041	6696.372000	400.000000	100.000000	70.000000	0.000000	551.700000	67.000000	374.200000	172.000000	0.000000	0.000000	0.000000	0.000000	0.000000	0.000000	0.000000	0.000000	0.000000	0.000000	0.000000	0.000000	0.000000	0.000000	0.000000	0.000000	0.000000	0.000000	0.000000	2653.673200	0.000000	0.000000	0.000000	0.000000	0.000000	0.000000	0.000000	0.000000	0.000000	0.000000	0.000000	0.000000	0.000000	0.000000	0.000000	2468.165900	0.000000	0.000000	0.000000	0.000000	0.000000	0.000000	0.000000	0.000000	0.000000	0.000000	0.000000	0.000000	0.000000	200.000000	0.000000	100.000000	80.000000	30.000000	50.000000	0.000000	0.000000	40.000000	0.000000	50.000000	100.000000	50.000000	50.000000	11.000000	0.000000	0.000000	0.000000	0.000000	0.000000	0.000000	0.000000	0.000000	0.000000	0.000000	0.000000	0.000000	0.000000	0.000000	592.828000	0.000000	0.000000	0.000000	0.000000	0.000000	3630.393000	30.000000	0.000000	0.000000	40.000000	40.000000	40.000000	42.000000	0.000000	0.000000	40.000000	40.000000	1.000000	40.000000	30.000000	10.000000	0.000000	0.000000	0.000000	0.000000	0.000000	0.000000	0.000000	0.000000	0.000000	0.000000	0.000000	0.000000	0.000000	140.000000	80.000000	0.000000	0.000000	0.000000	0.000000	0.000000	0.000000	0.000000	0.000000	0.000000	0.000000	0.000000	100.000000	0.000000	0.000000	0.000000	0.000000	0.000000	0.000000	0.000000	0.000000	0.000000	63.800000	0.000000	158.000000	0.000000	0.000000	100.000000	0.000000	0.000000	0.000000	0.000000	35.000000	58.000000	0.000000	0.000000	0.000000	0.000000	20.000000	20.000000	35.000000	83.000000	35.000000	0.000000	0.000000	0.000000	0.000000	0.000000	0.000000	0.000000	0.000000	0.000000	0.000000	0.000000	0.000000	0.000000	0.000000	0.000000	0.000000	0.300000	6.000000	3.000000	8.400000	2.400000	20.000000	0.000000	10.000000	8.000000	10.000000	1.000000	0.000000	0.000000	0.000000	0.000000	0.000000	0.000000	0.000000	0.000000	10.500000	80.000000	0.000000	0.000000	0.000000	0.000000	0.000000	0.000000	0.000000	0.000000	0.000000	0.000000	0.000000	0.000000	0.000000	54.700000	28.000000	30.000000	15.000000	9.000000	3.000000	0.000000	0.000000	0.000000	0.000000	0.000000	0.000000	0.000000	0.000000	0.000000	0.000000	0.000000	0.000000	0.000000	20.000000	20.000000	60.000000	0.000000	24.870000	0.000000	0.000000	0.000000	0.000000	0.000000	175.840000	214.500000	239.190000	1790.310000	1790.310000	0.000000	0.000000	0.000000	0.000000	61.250000	118.840000	214.320000	50.170000	70.560000	869.280000	0.000000
2042	6696.372000	400.000000	100.000000	70.000000	0.000000	551.700000	67.000000	374.200000	172.000000	0.000000	0.000000	0.000000	0.000000	0.000000	0.000000	0.000000	0.000000	0.000000	0.000000	0.000000	0.000000	0.000000	0.000000	0.000000	0.000000	0.000000	0.000000	0.000000	2653.673200	0.000000	0.000000	0.000000	0.000000	0.000000	0.000000	0.000000	0.000000	0.000000	0.000000	0.000000	0.000000	0.000000	0.000000	0.000000	2468.165900	0.000000	0.000000	0.000000	0.000000	0.000000	0.000000	0.000000	0.000000	0.000000	0.000000	0.000000	0.000000	0.000000	200.000000	0.000000	100.000000	80.000000	30.000000	50.000000	0.000000	0.000000	40.000000	0.000000	50.000000	100.000000	50.000000	50.000000	11.000000	0.000000	0.000000	0.000000	0.000000	0.000000	0.000000	0.000000	0.000000	0.000000	0.000000	0.000000	0.000000	0.000000	0.000000	592.828000	0.000000	0.000000	0.000000	0.000000	0.000000	3673.060900	30.000000	0.000000	0.000000	40.000000	40.000000	40.000000	42.000000	0.000000	0.000000	0.000000	40.000000	1.000000	40.000000	30.000000	10.000000	0.000000	0.000000	0.000000	0.000000	0.000000	0.000000	0.000000	0.000000	0.000000	0.000000	0.000000	0.000000	0.000000	140.000000	80.000000	0.000000	0.000000	0.000000	0.000000	0.000000	0.000000	0.000000	0.000000	0.000000	0.000000	0.000000	100.000000	0.000000	0.000000	0.000000	0.000000	0.000000	0.000000	0.000000	0.000000	0.000000	63.800000	0.000000	158.000000	0.000000	0.000000	100.000000	0.000000	0.000000	0.000000	0.000000	35.000000	58.000000	0.000000	0.000000	0.000000	0.000000	20.000000	20.000000	35.000000	83.000000	35.000000	0.000000	0.000000	0.000000	0.000000	0.000000	0.000000	0.000000	0.000000	0.000000	0.000000	0.000000	0.000000	0.000000	0.000000	0.000000	0.000000	0.300000	6.000000	3.000000	8.400000	2.400000	20.000000	0.000000	10.000000	8.000000	10.000000	1.000000	0.000000	0.000000	0.000000	0.000000	0.000000	0.000000	0.000000	0.000000	10.500000	80.000000	0.000000	0.000000	0.000000	0.000000	0.000000	0.000000	0.000000	0.000000	0.000000	0.000000	0.000000	0.000000	0.000000	54.700000	28.000000	30.000000	15.000000	9.000000	3.000000	0.000000	0.000000	0.000000	0.000000	0.000000	0.000000	0.000000	0.000000	0.000000	0.000000	0.000000	0.000000	0.000000	20.000000	20.000000	60.000000	0.000000	24.870000	0.000000	0.000000	0.000000	0.000000	0.000000	175.840000	214.500000	239.190000	1790.310000	1790.310000	0.000000	0.000000	0.000000	0.000000	61.250000	118.840000	214.320000	50.170000	70.560000	869.280000	0.000000
2043	6696.372000	400.000000	100.000000	70.000000	0.000000	551.700000	67.000000	374.200000	172.000000	0.000000	0.000000	0.000000	0.000000	0.000000	0.000000	0.000000	0.000000	0.000000	0.000000	0.000000	0.000000	0.000000	0.000000	0.000000	0.000000	0.000000	0.000000	0.000000	2717.454000	0.000000	0.000000	0.000000	0.000000	0.000000	0.000000	0.000000	0.000000	0.000000	0.000000	0.000000	0.000000	0.000000	0.000000	0.000000	2468.165900	0.000000	0.019192	0.000000	0.000000	0.000000	0.000000	0.000000	0.000000	0.000000	0.000000	0.000000	0.000000	0.000000	200.000000	0.000000	100.000000	80.000000	30.000000	50.000000	0.000000	0.000000	40.000000	0.000000	50.000000	100.000000	50.000000	50.000000	11.000000	0.000000	0.000000	0.000000	0.000000	0.000000	0.000000	0.000000	0.000000	0.000000	0.000000	0.000000	0.000000	0.000000	0.000000	592.828000	0.000000	0.000000	0.000000	0.000000	0.000000	3715.390000	30.000000	0.000000	0.000000	40.000000	40.000000	40.000000	42.000000	0.000000	0.000000	0.000000	40.000000	0.000000	40.000000	30.000000	10.000000	0.000000	0.000000	0.000000	0.000000	0.000000	0.000000	0.000000	0.000000	0.000000	0.000000	0.000000	0.000000	0.000000	140.000000	80.000000	0.000000	0.000000	0.000000	0.000000	0.000000	0.000000	0.000000	0.000000	0.000000	0.000000	0.000000	100.000000	0.000000	0.000000	0.000000	0.000000	0.000000	0.000000	0.000000	0.000000	0.000000	0.000000	0.000000	158.000000	0.000000	0.000000	100.000000	0.000000	0.000000	0.000000	0.000000	35.000000	58.000000	0.000000	0.000000	0.000000	0.000000	20.000000	20.000000	35.000000	83.000000	35.000000	0.000000	0.000000	0.000000	0.000000	0.000000	0.000000	0.000000	0.000000	0.000000	0.000000	0.000000	0.000000	0.000000	0.000000	0.000000	0.000000	0.300000	6.000000	3.000000	8.400000	2.400000	20.000000	0.000000	10.000000	8.000000	10.000000	0.000000	0.000000	0.000000	0.000000	0.000000	0.000000	0.000000	0.000000	0.000000	10.500000	80.000000	0.000000	0.000000	0.000000	0.000000	0.000000	0.000000	0.000000	0.000000	0.000000	0.000000	0.000000	0.000000	0.000000	54.700000	28.000000	30.000000	15.000000	9.000000	3.000000	0.000000	0.000000	0.000000	0.000000	0.000000	0.000000	0.000000	0.000000	0.000000	0.000000	0.000000	0.000000	0.000000	20.000000	20.000000	60.000000	0.000000	24.870000	0.000000	0.000000	0.000000	0.000000	0.000000	175.840000	214.500000	239.190000	1790.310000	1790.310000	0.000000	0.000000	0.000000	0.000000	61.250000	118.840000	214.320000	50.170000	70.560000	869.280000	0.000000
2044	6696.372000	400.000000	100.000000	70.000000	0.000000	551.700000	67.000000	374.200000	172.000000	0.000000	0.000000	0.000000	0.000000	0.000000	0.000000	0.000000	0.000000	0.000000	0.000000	0.000000	0.000000	0.000000	0.000000	0.000000	0.000000	0.000000	0.000000	0.000000	2869.208000	0.000000	0.000000	0.000000	0.000000	0.000000	0.000000	0.000000	0.000000	0.000000	0.000000	0.000000	0.000000	0.000000	0.000000	0.000000	2475.411550	0.000000	0.019192	0.000000	0.000000	0.000000	0.000000	0.000000	0.000000	0.000000	0.000000	0.000000	0.000000	0.000000	200.000000	0.000000	100.000000	80.000000	30.000000	50.000000	0.000000	0.000000	40.000000	0.000000	50.000000	100.000000	50.000000	50.000000	11.000000	0.000000	0.000000	0.000000	0.000000	0.000000	0.000000	0.000000	0.000000	0.000000	0.000000	0.000000	0.000000	0.000000	0.000000	592.828000	0.000000	0.000000	0.000000	0.000000	0.000000	3716.446230	30.000000	0.000000	0.000000	40.000000	0.000000	40.000000	42.000000	0.000000	0.000000	0.000000	40.000000	0.000000	40.000000	30.000000	10.000000	0.000000	0.000000	0.000000	0.000000	0.000000	0.000000	0.000000	0.000000	0.000000	0.000000	0.000000	0.000000	0.000000	140.000000	80.000000	0.000000	0.000000	0.000000	0.000000	0.000000	0.000000	0.000000	0.000000	0.000000	0.000000	0.000000	100.000000	0.000000	0.000000	0.000000	0.000000	0.000000	0.000000	0.000000	0.000000	0.000000	0.000000	0.000000	0.000000	0.000000	0.000000	100.000000	0.000000	0.000000	0.000000	0.000000	35.000000	58.000000	0.000000	0.000000	0.000000	0.000000	20.000000	20.000000	35.000000	83.000000	35.000000	0.000000	0.000000	0.000000	0.000000	0.000000	0.000000	0.000000	0.000000	0.000000	0.000000	0.000000	0.000000	0.000000	0.000000	0.000000	0.000000	0.300000	6.000000	3.000000	8.400000	2.400000	20.000000	0.000000	10.000000	8.000000	10.000000	0.000000	0.000000	0.000000	0.000000	0.000000	0.000000	0.000000	0.000000	0.000000	10.500000	80.000000	0.000000	0.000000	0.000000	0.000000	0.000000	0.000000	0.000000	0.000000	0.000000	0.000000	0.000000	0.000000	0.000000	54.700000	28.000000	30.000000	15.000000	9.000000	3.000000	0.000000	0.000000	0.000000	0.000000	0.000000	0.000000	0.000000	0.000000	0.000000	0.000000	0.000000	0.000000	0.000000	20.000000	20.000000	60.000000	0.000000	24.870000	0.000000	0.000000	0.000000	0.000000	0.000000	175.840000	214.500000	239.190000	1790.310000	1790.310000	0.000000	0.000000	0.000000	0.000000	61.250000	118.840000	214.320000	50.170000	70.560000	869.280000	0.000000
2045	6696.372000	400.000000	100.000000	70.000000	0.000000	551.700000	67.000000	374.200000	172.000000	0.000000	0.000000	0.000000	0.000000	0.000000	0.000000	0.000000	0.000000	0.000000	0.000000	0.000000	0.000000	0.000000	0.000000	0.000000	0.000000	0.000000	0.000000	0.000000	2869.208000	0.000000	0.000000	0.000000	0.000000	0.000000	0.000000	0.000000	0.000000	0.000000	0.000000	0.000000	0.000000	0.000000	0.000000	0.000000	2475.411550	0.000000	0.019192	0.000000	0.000000	0.000000	0.000000	0.000000	0.000000	0.000000	0.000000	0.000000	0.000000	0.000000	200.000000	0.000000	100.000000	80.000000	30.000000	0.000000	0.000000	0.000000	40.000000	0.000000	50.000000	100.000000	0.000000	0.000000	11.000000	0.000000	0.000000	0.000000	0.000000	0.000000	0.000000	0.000000	0.000000	0.000000	0.000000	0.000000	0.000000	0.000000	0.000000	592.828000	0.000000	0.000000	0.000000	0.000000	0.000000	3757.727530	30.000000	0.000000	0.000000	40.000000	0.000000	0.000000	42.000000	0.000000	0.000000	0.000000	40.000000	0.000000	40.000000	30.000000	10.000000	0.000000	0.000000	0.000000	0.000000	0.000000	0.000000	0.000000	0.000000	0.000000	0.000000	0.000000	0.000000	0.000000	140.000000	80.000000	0.000000	0.000000	0.000000	0.000000	0.000000	0.000000	0.000000	0.000000	0.000000	0.000000	0.000000	100.000000	0.000000	0.000000	0.000000	0.000000	0.000000	0.000000	0.000000	0.000000	0.000000	0.000000	0.000000	0.000000	0.000000	0.000000	100.000000	0.000000	0.000000	0.000000	0.000000	35.000000	58.000000	0.000000	0.000000	0.000000	0.000000	20.000000	20.000000	35.000000	83.000000	35.000000	0.000000	0.000000	0.000000	0.000000	0.000000	0.000000	0.000000	0.000000	0.000000	0.000000	0.000000	0.000000	0.000000	0.000000	0.000000	0.000000	0.300000	6.000000	3.000000	8.400000	2.400000	20.000000	0.000000	10.000000	8.000000	10.000000	0.000000	0.000000	0.000000	0.000000	0.000000	0.000000	0.000000	0.000000	0.000000	10.500000	80.000000	0.000000	0.000000	0.000000	0.000000	0.000000	0.000000	0.000000	0.000000	0.000000	0.000000	0.000000	0.000000	0.000000	54.700000	28.000000	30.000000	15.000000	9.000000	3.000000	0.000000	0.000000	0.000000	0.000000	0.000000	0.000000	0.000000	0.000000	0.000000	0.000000	0.000000	0.000000	0.000000	20.000000	20.000000	60.000000	0.000000	24.870000	0.000000	0.000000	0.000000	0.000000	0.000000	175.840000	214.500000	239.190000	1790.310000	1790.310000	0.000000	0.000000	0.000000	0.000000	61.250000	118.840000	214.320000	50.170000	70.560000	869.280000	0.000000

" "
