"KEa, GeoCostReduction"
"Table 1:"		"KEa - GeoCostReduction"
"Aug 20, 2024 19:42"		"Objective"
	Obj
2022	10536500.000000
2023	0.000000
2024	0.000000
2025	0.000000
2026	0.000000
2027	0.000000
2028	0.000000
2029	0.000000
2030	0.000000
2031	0.000000
2032	0.000000
2033	0.000000
2034	0.000000
2035	0.000000
2036	0.000000
2037	0.000000
2038	0.000000
2039	0.000000
2040	0.000000
2041	0.000000
2042	0.000000
2043	0.000000
2044	0.000000
2045	0.000000

" "
"Table 2:"		"KEa - GeoCostReduction"
"Aug 20, 2024 19:42"		"KEaOutput"
	KEEL00T00_01	KEEL00i00_HVDC_01	KEEL00i00_TANESCO_01	KEEL00i00_TANESCO_02	KEEL00i00_UETCL_01	KEEL00i00_UETCL_02	KEEL00i00_01	KEEL00TDI_01	KEEL00TDR_01	KEEL00TDU_01	KEEL00TDC_01	KEEL00TUI_01	KEEL00TUR_01	KEEL00TUS_01	KEEL00TUU_01	KEEL00TUC_01	KEDS00I00_01	KENU00I00_01	KEGE00I00_01	KEGE00I00_Generic_01	KEGE00I00_steam_01	KEDSRC00_01	KEDSRC01_Tsavo_Extended_01	KEDSSC00_01	KEDSRI00_01	KEDSRU00_01	KEDSRB00_01	KEDSRR00_01	KEHF00I00_NAIROBI_01	KEHF00I00_01	KEHFRC00_01	KEHFRC01_Tsavo_01	KEHFRC01_Rabai_01	KEHFRC01_Kipevu_III_01	KEHFRC10_Thika_01	KEHFRC10_Gulf_01	KEHFRC10_Triumph_01	KEHFRC03_01	KEHFRC10_01	KEHFRC02_01	KEHFRC01_01	KECO00X00_01	KECOSC00_01	KECOSC11_01	KENG00I00_LNG_01	KENG00I00_01	KENGSC00_01	KENGSC12_Dongo_Kundu_01	KENGCC00_01	KENGCC12_LNG_Backup2_01	KENGCC12_LNG_Backup26_01	KENGCC12_LNG_Backup35_01	KENGCC12_LNG_Backup4_01	KENGCC12_LNG2_01	KENUPW00_01	KENUPW20_Nuclear_III_01	KENUPW20_Nuclear_II_01	KENUPW20_Nuclear_I_01	KENUPW20_01	KEWDLC00_01	KEWDLCZ004_Marsabit_PhII_01	KEWDLCZ007_Meru_PhIII_01	KEWDLCZ007_Meru_PhII_01	KEWDLCZ007_Meru_PhI_01	KEWDLCZ008_Oldanyat_01	KEWDLCZ008_Prunus_01	KEWDLCZH08_Ngong_PhII_01	KEWDLCZH08_Ngong_PhI_01	KEWDLCZ001_Bahari2_01	KEWDLCZH08_Kipeto_01	KEWDLCZ001_Bahari_PhI_01	KEWDLCZ004_Marsabit_PhI_01	KEWDLCZ008_Aperture_01	KEWDLCZ008_Chania_01	KEWDLCZ008_Ngong1_PhIII_01	KEWDOC00_01	KEWDLCZ010_01	KEWDLCZ009_01	KEWDLCZ008_01	KEWDLCZ007_01	KEWDLCZ006_01	KEWDLCZ005_01	KEWDLCZ004_01	KEWDLCZ003_01	KEWDLCZ002_01	KEWDLCZ001_01	KEWDLCZDP09_Lake_Turkana_01	KEWDLCZH08_01	KESOTN00_01	KESOTNZ002_01	KESOTNZ001_01	KESOTS00_01	KESOTSZ002_01	KESOTSZ001_01	KESOTG00_01	KESOPC00_01	KESOPCZ001_Kenya_Solar_01	KESOPCZ003_Strathmore_01	KESOPCZ003_REA_Garissa_01	KESOPCZ008_Kibwezi_01	KESOPCZ008_Tarita_Green_01	KESOPCZ008_Kopere_01	KESOPCZ001_SevenForks_01	KESOPCZ003_Eldosol_01	KESOPCZ003_Selenkei_01	KESOPCZ003_Alten_01	KESOPCZ009_Kenergy_01	KESOPCZ009_MarcoBorero_01	KESOPCZ001_Greenmillenia_01	KESOPCZ001_Makindu_01	KESOPCZ001_HannanArya_01	KESOPCZ001_Malindi_01	KESOPCZ010_01	KESOPCZ009_01	KESOPCZ008_01	KESOPCZ007_01	KESOPCZ006_01	KESOPCZ005_01	KESOPCZ004_01	KESOPCZ003_01	KESOPCZ002_01	KESOPCZ001_01	KEGOCV00_01	KEGOCV18_Menengai_V_01	KEGOCV16_Olkaria_7_01	KEGOCV16_Olkaria_6_01	KEGOCV12_Suswa_I_01	KEGOCV12_Suswa_II_01	KEGOCV12_Suswa_III_01	KEGOCV12_Olsuswa_I_01	KEGOCV13_Akiira_I_01	KEGOCV13_Akiira_II_01	KEGOCV20_AGIL_I_01	KEGOCV20_AGIL_II_01	KEGOCV20_AGIL_III_01	KEGOCV20_AGIL_IV_01	KEGOCV17_Korosi_I_01	KEGOCV17_Paka_I_01	KEGOCV16_Olkaria_II_Rehab_01	KEGOCV17_Paka_II_01	KEGOCV17_Silali_II_01	KEGOCV17_Paka_III_01	KEGOCV17_Silali_III_01	KEGOCV18_Menengai_IV_01	KEGOCV01_Orpower_4P4_01	KEGOCV01_Orpower_4P3_01	KEGOCV01_Orpower_4P2_01	KEGOCV01_Orpower_4PI_01	KEGOCV01_Olkaria_2_01	KEGOCV10_OLK_V_01	KEGOCV10_OLK_IAU_01	KEGOCV10_OLK_IV_01	KEGOCV17_Baringo_Silali_I_01	KEGOCV18_Menengai_III_01	KEGOCV18_Menengai_1_Stage2_01	KEGOCV12_Suswa_01	KEGOCV12_Eburru_01	KEGOCV16_Menengai_1_Orpower22_01	KEGOCV18_Wellheadleasing_01	KEGOCV13_Marine_Power_Akiira_01	KEGOCV16_Olkaria8_01	KEGOCV16_Olkaria9_01	KEGOCV17_Baringo_Silali_01	KEGOCV16_Olkaria_1V_Uprating_01	KEGOCV16_Olkaria_1_Uprating_01	KEGOCV18_Menengai_1_Quantum_01	KEGOCV16_Olkaria_1_Unit6_01	KEGOCV18_Menengai_1_Sosian_01	KEGOCV20_01	KEGOCV16_01	KEGOCV15_01	KEGOCV14_01	KEGOCV13_01	KEGOCV12_01	KEGOCV11_01	KEGOCV10_01	KEGOCV03_01	KEGOCV02_01	KEBM00X00_01	KEBW00X00_01	KEHY00X00_01	KESO00X00_01	KEWD00X00_01	KEBMST00_01	KEBMST10_BiogasH_01	KEBMST10_WestKenya_01	KEBMST10_VRHoldings_01	KEBMST10_Cummins_Cogen_01	KEBMST10_Viability_01	KEBMST10_Tana_Biogas_01	KEBMST10_MunicipalWtE_Biogas_01	KEBMST10_Roadtech_01	KEBMST10_ThikaWayBiogas_01	KEBMST10_Kwale_01	KEBMST10_REA_Vipingo_01	KEBWST00_01	KEBMST10_01	KEBMST01_01	KEHYDM00_01	KEHYDM_High_Grand_01	KEHYDM_Karura_01	KEHYDM_TURKWEL_01	KEHYDM_KIAMBERE_01	KEHYDM_Kindaruma_01	KEHYDM_Gitaru_01	KEHYDM_KAMBURU_01	KEHYDM_MASINGA_01	KEHYRO_Lower_Grand_01	KEHYDM_Kamburu_Masinga_01	KEHYDM_Turkwell_01	KEHYDM_Kiambere_01	KEHYRO00_01	KEHYRO_Small_2033_01	KEHYRO_Small_2032_01	KEHYRO_Small_2031_01	KEHYRO_Small_KTDA_2031_01	KEHYRO_Small_2030_01	KEHYRO_Small_KTDA_2030_01	KEHYRO_Small_2029_01	KEHYRO_Small_2028_01	KEHYRO_Small_2027_01	KEHYRO_Small_2026_01	KEHYRO_Small_2025_01	KEHYRO_Small_KTDA_2024_01	KEHYRO_Small_Chevron_01	KEHYRO_Small_KDTA2_01	KEHYRO_Small_Rareh_01	KEHYRO_Small_Kirogori_01	KEHYRO_Small_GemGen_01	KEHYRO_Small_Kaptis_01	KEHYRO_Small_Nithi_01	KEHYRO_Small_Tindinyo_01	KEHYRO_Small_Gatiki_01	KEHYRO_Small_KTDA_Gogo_01	KEHYRO_Small_MtKenya_CBO_01	KEHYRO_Small_KTDA_01	KEHYRO_Small_KTDA_Kleen_01	KEHYRO_Tana_01	KEHYRO_Sangoro_01	KEHYRO_Sondu_Miriu_01	KEHYMI00_01	KEHYRO_Existing_Small_01	KESOPU00_01	KESOPB00_01	KESOPR00_01	KESOPS00_01	KEELBS00_01	KERIDM_Kamburu_Masinga_01	KERIDM_Turkwell_01	KERIDM_Kiambere_01	KEELST04_01	KEELST04_02	KEELPT04_01	KEELDT04_01_01	KEELDT04_01_02	KEELDT04_02_01	KEELDT04_02_02	KEELDT04_03_01	KEELDT04_03_02	KEEXDT00_01	KERIDM_MASINGA_01	KERIDM_KAMBURU_01	KERIDM_Gitaru_01	KERIDM_Kindaruma_01	KERIDM_Karura_01	KERIDM_High_Grand_01	KEELDT04_04_01	KEELDT04_04_02
2022	1444.410100	298.156182	0.000000	100.000000	0.000000	69.234303	0.000000	0.000000	0.000000	0.000000	0.000000	0.000000	0.000000	1444.410000	0.000000	0.000000	0.000000	0.000000	440.588000	0.000000	236.992000	0.000000	0.000000	0.000000	0.000000	0.000000	0.000000	0.000000	0.000000	71.573600	0.000000	0.000000	4.429998	5.749999	4.349997	4.015000	4.149998	0.000000	0.000000	2.625001	0.000000	0.000000	0.000000	0.000000	0.000000	0.000000	0.000000	0.000000	0.000000	0.000000	0.000000	0.000000	0.000000	0.000000	0.000000	0.000000	0.000000	0.000000	0.000000	0.000000	0.000000	0.000000	0.000000	0.000000	0.000000	0.000000	10.424738	2.606187	0.000000	47.851351	0.000000	0.000000	0.000000	0.000000	0.000000	0.000000	0.000000	0.000000	0.000000	0.000000	0.000000	0.000000	0.000000	0.000000	0.000000	0.000000	152.638640	0.000000	0.000000	0.000000	0.000000	0.000000	0.000000	0.000000	0.000000	0.000000	0.000000	0.052015	10.402989	0.000000	0.000000	0.000000	0.000000	8.322389	8.322389	0.000000	0.000000	0.000000	0.000000	0.000000	0.000000	8.389009	0.000000	0.000000	0.000000	0.000000	0.000000	0.000000	0.000000	0.000000	0.000000	0.000000	0.000000	0.000000	0.000000	0.000000	0.000000	0.000000	0.000000	0.000000	0.000000	0.000000	0.000000	0.000000	0.000000	0.000000	0.000000	0.000000	0.000000	0.000000	0.000000	0.000000	0.000000	0.000000	17.418092	10.570999	23.784684	38.319911	85.486400	133.731030	118.496000	118.496000	0.000000	0.000000	0.000000	0.000000	0.000000	0.000000	0.000000	0.000000	0.000000	0.000000	0.000000	0.000000	0.000000	0.000000	70.251220	0.000000	0.000000	0.000000	21.498619	37.749391	0.000000	0.000000	0.000000	0.000000	1.777440	0.000000	0.000000	0.000000	363.579000	35.488800	213.521000	0.000000	0.000000	0.000000	0.000000	0.000000	0.000000	0.000000	0.000000	0.000000	0.000000	0.000000	0.000000	0.000000	0.000000	0.000000	0.000000	0.000000	0.000000	52.499990	82.000001	5.249998	107.999930	44.999991	20.000000	0.000000	0.000000	0.000000	0.000000	0.000000	0.000000	0.000000	0.000000	0.000000	0.000000	0.000000	0.000000	0.000000	0.000000	0.000000	0.000000	0.000000	0.000000	0.000000	0.000000	0.000000	0.000000	0.000000	0.000000	0.000000	0.000000	0.000000	0.000000	0.000000	0.000000	6.575462	7.954557	23.863667	0.000000	12.434997	0.000000	0.000000	0.000000	0.000000	0.000000	0.000000	0.000000	0.000000	0.000000	0.000000	0.000000	0.000000	0.000000	0.000000	0.000000	0.000000	0.000000	0.000000	10.919999	43.649988	107.659932	5.129998	0.000000	0.000000	0.000000	0.000000
2023	1555.640900	369.769819	0.000000	99.533003	0.974890	69.006220	0.000000	0.000000	0.000000	0.000000	0.000000	0.000000	0.000000	1555.640000	0.000000	0.000000	0.000000	0.000000	440.588000	0.000000	266.616000	0.000000	0.000000	0.000000	0.000000	0.000000	0.000000	0.000000	0.000000	71.573600	0.000000	0.000000	4.429998	5.749999	4.349997	4.015000	4.149998	0.000000	0.000000	2.625001	0.000000	0.000000	0.000000	0.000000	0.000000	0.000000	0.000000	0.000000	0.000000	0.000000	0.000000	0.000000	0.000000	0.000000	0.000000	0.000000	0.000000	0.000000	0.000000	0.000000	0.000000	0.000000	0.000000	0.000000	0.000000	0.000000	10.424738	2.606187	0.000000	47.851351	0.000000	0.000000	0.000000	0.000000	0.000000	0.000000	0.000000	0.000000	0.000000	0.000000	0.000000	0.000000	0.000000	0.000000	0.000000	0.000000	152.638640	0.000000	0.000000	0.000000	0.000000	0.000000	0.000000	0.000000	0.000000	0.000000	0.000000	0.052015	10.402989	0.000000	0.000000	0.000000	0.000000	8.322389	8.322389	8.322389	0.000000	0.000000	0.000000	0.000000	0.000000	8.389009	0.000000	0.000000	0.000000	0.000000	0.000000	0.000000	0.000000	0.000000	0.000000	0.000000	0.000000	0.000000	0.000000	0.000000	0.000000	0.000000	0.000000	0.000000	0.000000	0.000000	0.000000	0.000000	0.000000	0.000000	0.000000	0.000000	0.000000	0.000000	0.000000	0.000000	0.000000	0.000000	17.418099	10.570998	23.784691	38.319890	85.486400	133.731000	118.495990	118.495990	0.000000	0.000000	0.000000	0.000000	0.000000	0.000000	0.000000	0.000000	0.000000	0.000000	0.000000	0.000000	0.000000	0.000000	70.251213	29.624019	0.000000	0.000000	21.498615	37.749385	0.000000	0.000000	0.000000	0.000000	1.777440	0.000000	0.000000	0.000000	363.579000	43.811200	213.521000	0.000000	0.000000	0.000000	0.000000	0.000000	0.000000	0.000000	0.000000	0.000000	0.000000	0.000000	0.000000	0.000000	0.000000	0.000000	0.000000	0.000000	0.000000	52.499986	82.000010	5.250000	107.999884	44.999986	20.000001	0.000000	0.000000	0.000000	0.000000	0.000000	0.000000	0.000000	0.000000	0.000000	0.000000	0.000000	0.000000	0.000000	0.000000	0.000000	0.000000	0.000000	0.000000	0.000000	0.000000	0.000000	0.000000	0.000000	0.000000	0.000000	0.000000	0.000000	0.000000	0.000000	0.000000	6.575462	7.954557	23.863667	0.000000	12.434997	0.000000	0.000000	0.000000	0.000000	0.000000	0.000000	0.000000	0.000000	0.000000	0.000000	0.000000	0.000000	0.000000	0.000000	0.000000	0.000000	0.000000	0.000000	20.000004	44.999993	107.999881	5.250000	0.000000	0.000000	0.000000	0.000000
2024	1613.310100	400.000000	0.784033	98.607300	2.940630	3.784290	0.000000	0.000000	0.000000	0.000000	0.000000	0.000000	0.000000	1613.310000	0.000000	0.000000	0.000000	0.000000	440.588000	0.000000	266.616000	0.000000	0.000000	0.000000	0.000000	0.000000	0.000000	0.000000	0.000000	74.562400	0.000000	0.000000	4.429998	5.749999	4.349997	4.015000	4.149998	0.000000	0.000000	3.790648	0.000000	0.000000	0.000000	0.000000	0.000000	0.000000	0.000000	0.000000	0.000000	0.000000	0.000000	0.000000	0.000000	0.000000	0.000000	0.000000	0.000000	0.000000	0.000000	0.000000	0.000000	0.000000	0.000000	0.000000	0.000000	0.000000	10.424738	2.606187	0.000000	47.851351	0.000000	0.000000	0.000000	0.000000	0.000000	0.000000	0.000000	0.000000	0.000000	0.000000	0.000000	0.000000	0.000000	0.000000	0.000000	0.000000	152.638640	0.000000	0.000000	0.000000	0.000000	0.000000	0.000000	0.000000	0.000000	0.000000	0.000000	0.052015	10.402989	0.000000	0.000000	0.000000	0.000000	8.322389	8.322389	8.322389	0.000000	0.207667	0.000000	0.000000	0.000000	8.389009	0.000000	0.000000	0.000000	0.000000	0.000000	0.000000	0.000000	0.000000	0.000000	0.000000	0.000000	0.000000	0.000000	0.000000	0.000000	0.000000	0.000000	0.000000	0.000000	0.000000	0.000000	0.000000	0.000000	0.000000	0.000000	0.000000	0.000000	0.000000	0.000000	0.000000	0.000000	0.000000	17.418087	10.570998	23.784693	38.319895	85.486400	133.731030	118.496000	118.495984	0.000000	0.000000	0.000000	0.000000	0.000000	0.000000	0.000000	0.000000	0.000000	0.000000	0.000000	0.000000	0.000000	0.000000	70.251223	29.624009	0.000000	0.000000	21.498613	37.749394	0.000000	0.000000	0.000000	0.000000	1.777440	0.000000	2.573550	0.000000	320.079000	44.018800	213.521000	0.000000	0.000000	0.000000	0.000000	0.000000	0.000000	0.000000	0.000000	0.000000	0.000000	0.000000	0.669124	0.000000	0.000000	0.000000	0.000000	0.000000	0.000000	52.499989	81.999979	5.249998	107.999970	0.000000	19.999998	0.000000	0.000000	0.000000	0.000000	0.000000	0.000000	0.000000	0.000000	0.000000	0.000000	0.000000	0.000000	0.000000	0.000000	0.000000	0.000000	1.499999	0.000000	0.000000	0.000000	0.000000	0.000000	0.000000	0.000000	0.000000	0.000000	0.000000	0.000000	0.000000	0.000000	6.575462	7.954557	23.863667	0.000000	12.434997	0.000000	0.000000	0.000000	0.000000	0.000000	0.000000	0.000000	0.000000	0.000000	0.000000	0.000000	0.000000	0.000000	0.000000	0.000000	0.000000	0.000000	0.000000	19.999999	0.000000	107.999968	5.249998	0.000000	0.000000	0.000000	0.000000
2025	1690.220800	400.000000	0.000000	100.000000	15.195970	0.000000	0.000000	0.000000	0.000000	0.000000	0.000000	0.000000	0.000000	1690.220000	0.000000	0.000000	0.000000	0.000000	457.516000	0.000000	296.240000	0.000000	0.000000	0.000000	0.000000	0.000000	0.000000	0.000000	0.000000	85.440600	0.000000	0.000000	5.471438	7.101755	4.803176	4.351573	4.149998	0.000000	0.000000	4.486419	0.000000	0.000000	0.000000	0.000000	0.000000	0.000000	0.000000	0.000000	0.000000	0.000000	0.000000	0.000000	0.000000	0.000000	0.000000	0.000000	0.000000	0.000000	0.000000	0.000000	0.000000	0.000000	0.000000	0.000000	0.000000	0.000000	10.424738	2.606187	0.000000	47.851351	0.000000	0.000000	0.000000	0.000000	0.000000	0.000000	0.000000	0.000000	0.000000	0.000000	0.000000	0.000000	0.000000	0.000000	0.000000	0.000000	152.638640	0.000000	0.000000	0.000000	0.000000	0.000000	0.000000	0.000000	0.000000	0.000000	0.000000	0.052015	10.402989	0.000000	8.116384	0.000000	0.000000	8.322389	8.322389	8.322389	0.000000	0.207667	0.000000	0.000000	0.000000	8.389009	0.000000	0.000000	0.000000	0.000000	0.000000	0.000000	0.000000	0.000000	0.000000	0.000000	0.000000	0.000000	0.000000	0.000000	0.000000	0.000000	0.000000	0.000000	0.000000	0.000000	0.000000	0.000000	0.000000	0.000000	0.000000	0.000000	0.000000	0.000000	0.000000	0.000000	0.000000	0.000000	17.418093	10.570998	23.784690	38.319908	85.486399	133.731030	118.495990	118.495994	0.000000	0.000000	0.000000	0.000000	0.000000	0.000000	0.000000	0.000000	0.000000	0.000000	0.000000	16.927992	0.000000	29.624014	70.251220	29.624013	0.000000	0.000000	21.498618	37.749392	0.000000	0.000000	0.000000	0.000000	1.777440	0.000000	2.573550	0.000000	324.579000	52.135200	213.521000	0.000000	0.000000	0.000000	0.000000	0.000000	0.000000	0.000000	0.000000	0.000000	0.000000	0.000000	0.669124	0.000000	0.000000	0.000000	0.000000	0.000000	0.000000	52.500003	82.000003	5.249998	107.999931	0.000000	19.999997	0.000000	0.000000	0.000000	0.000000	0.000000	0.000000	0.000000	0.000000	0.000000	0.000000	0.000000	0.000000	0.000000	0.000000	0.000000	4.500001	1.499999	0.000000	0.000000	0.000000	0.000000	0.000000	0.000000	0.000000	0.000000	0.000000	0.000000	0.000000	0.000000	0.000000	6.575462	7.954557	23.863667	0.000000	12.434997	0.000000	0.000000	0.000000	0.000000	0.000000	0.000000	0.000000	0.000000	0.000000	0.000000	0.000000	0.000000	0.000000	0.000000	0.000000	0.000000	0.000000	0.000000	19.999997	0.000000	107.999928	5.249999	0.000000	0.000000	0.000000	0.000000
2026	1780.359600	390.835610	0.000000	100.000000	0.974890	67.757649	0.000000	0.000000	0.000000	0.000000	0.000000	0.000000	0.000000	1780.360000	0.000000	0.000000	0.000000	0.000000	523.535000	0.000000	325.864000	0.000000	0.000000	0.000000	0.000000	0.000000	0.000000	0.000000	0.000000	80.415400	0.000000	0.000000	4.429998	7.101755	4.349997	4.040574	4.149998	0.000000	0.000000	4.538553	0.000000	0.000000	0.000000	0.000000	0.000000	0.000000	0.000000	0.000000	0.000000	0.000000	0.000000	0.000000	0.000000	0.000000	0.000000	0.000000	0.000000	0.000000	0.000000	0.000000	0.000000	0.000000	0.000000	0.000000	0.000000	23.925672	10.424738	2.606187	0.000000	47.851351	0.000000	0.000000	23.925672	23.925672	0.000000	0.000000	0.000000	0.000000	0.000000	0.000000	0.000000	0.000000	0.000000	0.000000	0.000000	0.000000	152.638640	0.000000	0.000000	0.000000	0.000000	0.000000	0.000000	0.000000	0.000000	0.000000	0.000000	0.052015	10.402989	0.000000	8.116384	8.116384	0.000000	8.322389	8.322389	8.322389	0.000000	0.207667	0.000000	0.000000	0.000000	8.389009	0.000000	0.000000	0.000000	0.000000	0.000000	0.000000	0.000000	0.000000	0.000000	0.000000	0.000000	0.000000	0.000000	0.000000	0.000000	0.000000	0.000000	0.000000	0.000000	0.000000	0.000000	0.000000	0.000000	0.000000	0.000000	0.000000	0.000000	0.000000	0.000000	0.000000	0.000000	0.000000	17.418088	10.570999	23.784701	38.319893	85.486403	133.731030	118.495990	118.495996	0.000000	0.000000	0.000000	0.000000	0.000000	29.624013	49.091224	0.000000	0.000000	0.000000	0.000000	16.928002	16.928003	29.624017	70.251218	29.624019	0.000000	0.000000	21.498617	37.749387	0.000000	0.000000	0.000000	0.000000	1.777440	0.000000	2.573550	0.000000	332.079000	60.251600	285.298000	0.000000	0.000000	0.000000	0.000000	0.000000	0.000000	0.000000	0.000000	0.000000	0.000000	0.000000	0.669124	0.000000	0.000000	0.000000	0.000000	0.000000	0.000000	52.499990	82.000005	5.249998	107.999960	0.000000	19.999998	0.000000	0.000000	0.000000	0.000000	0.000000	0.000000	0.000000	0.000000	0.000000	0.000000	0.000000	0.000000	0.000000	0.000000	7.499999	4.500001	1.499999	0.000000	0.000000	0.000000	0.000000	0.000000	0.000000	0.000000	0.000000	0.000000	0.000000	0.000000	0.000000	0.000000	6.575462	7.954557	23.863667	0.000000	12.434998	0.000000	0.000000	0.000000	0.000000	0.000000	0.000000	0.000000	0.000000	0.000000	0.000000	0.000000	0.000000	0.000000	0.000000	0.000000	0.000000	0.000000	0.000000	20.000002	0.000000	107.999901	5.249998	0.000000	0.000000	0.000000	0.000000
2027	1880.678900	208.588410	0.000000	100.000000	0.000000	69.110800	0.000000	0.000000	0.000000	0.000000	0.000000	0.000000	0.000000	1880.680000	0.000000	0.000000	0.000000	0.000000	656.225000	84.087500	325.864000	0.000000	0.000000	0.000000	0.000000	0.000000	0.000000	0.000000	0.000000	73.155900	0.000000	0.000000	4.429998	5.749999	4.349997	4.015000	4.149998	0.000000	0.000000	3.242106	0.000000	0.000000	0.000000	0.000000	0.000000	0.000000	0.000000	0.000000	0.000000	0.000000	0.000000	0.000000	0.000000	0.000000	0.000000	0.000000	0.000000	0.000000	0.000000	0.000000	0.000000	0.000000	0.000000	0.000000	0.000000	23.925672	10.424738	2.606187	0.000000	47.851351	0.000000	0.000000	23.925672	23.925672	0.000000	0.000000	0.000000	0.000000	0.000000	0.000000	0.000000	0.000000	0.000000	0.000000	0.000000	0.000000	152.638640	0.000000	0.000000	0.000000	0.000000	0.000000	0.000000	0.000000	0.000000	0.000000	0.000000	0.052015	10.402989	8.116384	8.116384	8.116384	8.808462	8.322389	8.322389	8.322389	8.306660	0.207667	8.389009	0.000000	2.097250	8.389009	0.000000	0.000000	0.000000	0.000000	0.000000	0.000000	0.000000	0.000000	0.000000	0.000000	0.000000	0.000000	84.087480	48.049988	0.000000	0.000000	0.000000	0.000000	0.000000	0.000000	0.000000	0.000000	0.000000	0.000000	0.000000	84.639980	0.000000	0.000000	0.000000	0.000000	0.000000	0.000000	17.418082	10.570997	23.784693	38.319892	85.486400	133.731000	118.496000	118.496000	0.000000	0.000000	0.000000	0.000000	0.000000	29.624017	49.091224	0.000000	0.000000	0.000000	0.000000	16.927997	16.928000	29.624011	70.251210	29.624017	0.000000	0.000000	21.498624	37.749393	0.000000	0.000000	0.000000	0.000000	1.777440	0.000000	79.780200	0.000000	347.079000	95.969400	285.298000	0.000000	0.000000	0.000000	0.000000	0.000000	0.000000	13.382479	0.000000	0.000000	0.000000	6.691241	0.669124	0.000000	0.000000	0.000000	0.000000	0.000000	0.000000	52.499990	81.999998	5.249998	107.999958	0.000000	20.000003	0.000000	0.000000	0.000000	0.000000	0.000000	0.000000	0.000000	0.000000	0.000000	0.000000	0.000000	0.000000	0.000000	14.999995	7.499999	4.500001	1.499999	0.000000	0.000000	0.000000	0.000000	0.000000	0.000000	0.000000	0.000000	0.000000	0.000000	0.000000	0.000000	0.000000	6.575462	7.954557	23.863667	0.000000	12.434997	0.000000	0.000000	0.000000	0.000000	0.000000	0.000000	0.000000	0.000000	0.000000	0.000000	0.000000	0.000000	0.000000	0.000000	0.000000	0.000000	0.000000	0.000000	19.999988	0.000000	107.999856	5.249998	0.000000	0.000000	0.000000	0.000000
2028	1990.181800	336.758190	0.000000	100.000000	0.000000	70.000000	0.000000	0.000000	0.000000	0.000000	0.000000	0.000000	0.000000	1990.180000	0.000000	0.000000	0.000000	0.000000	570.739000	84.087500	325.864000	0.000000	0.000000	0.000000	0.000000	0.000000	0.000000	0.000000	0.000000	98.789500	0.000000	0.000000	5.250462	7.101755	6.180383	5.074100	6.117196	0.000000	0.000000	5.407004	0.000000	0.000000	0.000000	0.000000	0.000000	0.000000	0.000000	0.000000	0.000000	0.000000	0.000000	0.000000	0.000000	0.000000	0.000000	0.000000	0.000000	0.000000	0.000000	0.000000	0.000000	0.000000	0.000000	0.000000	14.355392	23.925672	10.424738	0.000000	0.000000	47.851351	24.673900	65.472272	23.925672	23.925672	5.263647	0.000000	0.000000	0.000000	0.000000	0.000000	0.000000	0.000000	0.000000	0.000000	0.000000	0.000000	152.638640	0.000000	0.000000	0.000000	0.000000	0.000000	0.000000	0.000000	0.000000	0.000000	0.000000	0.052015	10.402989	8.116384	8.116384	8.116384	8.808462	8.322389	8.322389	8.322389	8.306660	0.207667	8.389009	0.000000	2.097250	8.389009	0.000000	0.000000	0.000000	0.000000	0.000000	0.000000	0.000000	0.000000	0.000000	0.000000	0.000000	0.000000	84.087480	48.049973	0.000000	0.000000	0.000000	0.000000	0.000000	0.000000	0.000000	0.000000	0.000000	0.000000	0.000000	84.639980	0.000000	0.000000	0.000000	0.000000	0.000000	0.000000	17.418090	10.570999	23.784709	38.319893	0.000000	133.731030	118.495996	118.496000	0.000000	0.000000	0.000000	0.000000	0.000000	29.624019	49.091238	0.000000	0.000000	0.000000	0.000000	16.928000	16.927997	29.624019	70.251213	29.624002	0.000000	0.000000	21.498615	37.749385	0.000000	0.000000	0.000000	0.000000	1.777440	0.000000	100.369000	0.000000	293.079000	95.969400	392.457000	0.000000	0.000000	0.000000	0.000000	0.000000	0.000000	13.382480	0.000000	0.000000	5.352988	6.691240	0.669124	0.000000	0.000000	0.000000	0.000000	0.000000	0.000000	52.499991	82.000000	5.249997	40.000007	0.000000	20.000011	0.000000	0.000000	0.000000	0.000000	0.000000	0.000000	0.000000	0.000000	0.000000	0.000000	0.000000	0.000000	14.000002	14.999993	7.499999	4.500001	1.499999	0.000000	0.000000	0.000000	0.000000	0.000000	0.000000	0.000000	0.000000	0.000000	0.000000	0.000000	0.000000	0.000000	6.575462	7.954557	23.863667	0.000000	12.434997	0.000000	0.000000	0.000000	0.000000	0.000000	0.000000	0.000000	0.000000	0.000000	0.000000	0.000000	0.000000	0.000000	0.000000	0.000000	0.000000	0.000000	0.000000	20.000002	0.000000	40.000002	5.249997	0.000000	0.000000	0.000000	0.000000
2029	2146.308800	400.000000	0.000000	100.000000	0.196563	69.025110	0.000000	0.000000	0.000000	0.000000	0.000000	0.000000	0.000000	2146.310000	0.000000	0.000000	0.000000	0.000000	655.379000	84.087500	325.864000	0.000000	0.000000	0.000000	0.000000	0.000000	0.000000	0.000000	0.000000	120.593000	0.000000	0.000000	6.512878	12.675900	8.960170	6.366932	7.691790	0.000000	0.000000	0.000000	0.000000	0.000000	0.000000	0.000000	0.000000	0.000000	0.000000	0.000000	0.000000	0.000000	0.000000	0.000000	0.000000	0.000000	0.000000	0.000000	0.000000	0.000000	0.000000	0.000000	0.000000	0.000000	0.000000	0.000000	14.355392	23.925672	10.424738	0.000000	0.000000	47.851351	24.673900	65.472272	23.925672	23.925672	5.263647	0.000000	0.000000	0.000000	0.000000	0.000000	0.000000	0.000000	0.000000	0.000000	0.000000	0.000000	152.638640	0.000000	0.000000	0.000000	0.000000	0.000000	0.000000	0.000000	0.000000	0.000000	0.000000	0.052015	10.402989	8.116384	8.116384	8.116384	8.808462	8.322389	8.322389	8.322389	8.306660	0.207667	8.389009	0.000000	2.097250	8.389009	0.000000	0.000000	0.000000	0.000000	0.000000	0.000000	0.000000	0.000000	0.000000	0.000000	0.000000	0.000000	84.087482	48.049970	0.000000	0.000000	0.000000	0.000000	0.000000	0.000000	0.000000	0.000000	0.000000	0.000000	0.000000	84.639970	0.000000	0.000000	0.000000	0.000000	0.000000	0.000000	17.418083	10.570997	23.784701	38.319902	0.000000	133.731000	118.495990	118.496004	84.639990	0.000000	0.000000	0.000000	0.000000	29.624013	49.091225	0.000000	0.000000	0.000000	0.000000	16.927997	16.927997	29.624013	70.251211	29.624007	0.000000	0.000000	21.498614	37.749390	0.000000	0.000000	0.000000	0.000000	1.777440	0.000000	100.369000	0.000000	293.079000	95.969400	392.457000	0.000000	0.000000	0.000000	0.000000	0.000000	0.000000	13.382477	0.000000	0.000000	5.352986	6.691240	0.669124	0.000000	0.000000	0.000000	0.000000	0.000000	0.000000	52.499970	81.999984	5.249998	39.999995	0.000000	19.999990	0.000000	0.000000	0.000000	0.000000	0.000000	0.000000	0.000000	0.000000	0.000000	0.000000	0.000000	0.000000	14.000002	14.999994	7.499999	4.500001	1.499999	0.000000	0.000000	0.000000	0.000000	0.000000	0.000000	0.000000	0.000000	0.000000	0.000000	0.000000	0.000000	0.000000	6.575462	7.954557	23.863667	0.000000	12.434997	0.000000	0.000000	0.000000	0.000000	0.000000	0.000000	0.000000	0.000000	0.000000	0.000000	0.000000	0.000000	0.000000	0.000000	0.000000	0.000000	0.000000	0.000000	19.999990	0.000000	39.999995	5.249998	0.000000	0.000000	0.000000	0.000000
2030	2332.038900	400.000000	1.392700	98.607300	0.974890	66.679548	0.000000	0.000000	0.000000	0.000000	0.000000	0.000000	0.000000	2332.040000	0.000000	0.000000	0.000000	0.000000	717.064000	84.087500	325.864000	0.000000	0.000000	0.000000	0.000000	0.000000	0.000000	0.000000	0.000000	403.051000	0.000000	0.000000	0.000000	32.560975	44.283373	34.748416	29.474952	0.000000	0.000000	0.000000	0.000000	0.000000	0.000000	0.000000	0.000000	0.000000	0.000000	0.000000	0.000000	0.000000	0.000000	0.000000	0.000000	0.000000	0.000000	0.000000	0.000000	0.000000	0.000000	0.000000	0.000000	0.000000	0.000000	0.000000	14.355392	23.925672	10.424738	0.000000	0.000000	47.851351	24.673900	65.472272	23.925672	23.925672	5.263647	0.000000	0.000000	0.000000	0.000000	0.000000	0.000000	0.000000	0.000000	0.000000	0.000000	0.000000	152.638640	0.000000	0.000000	0.000000	0.000000	0.000000	0.000000	0.000000	0.000000	0.000000	6.291749	0.052015	10.402989	8.116384	8.116384	8.116384	8.808462	8.322389	8.322389	8.322389	8.306660	0.207667	8.389009	6.291749	2.097250	8.389009	0.000000	0.000000	0.000000	0.000000	0.000000	0.000000	0.000000	0.000000	0.000000	0.000000	0.000000	0.000000	84.087482	48.049969	0.000000	0.000000	0.000000	0.000000	0.000000	0.000000	0.000000	0.000000	0.000000	0.000000	0.000000	84.639970	0.000000	0.000000	0.000000	0.000000	0.000000	0.000000	17.418091	10.570998	23.784692	38.319914	0.000000	133.731000	118.495996	118.495976	84.639989	61.685945	0.000000	0.000000	0.000000	29.624018	49.091229	0.000000	0.000000	0.000000	0.000000	16.928000	16.927999	29.624011	70.251210	29.624007	0.000000	0.000000	21.498619	37.749396	0.000000	0.000000	0.000000	0.000000	1.777440	0.000000	126.104000	0.000000	293.079000	108.553000	392.457000	0.000000	0.000000	0.000000	0.000000	0.000000	0.000000	13.382481	0.000000	6.691242	5.352988	6.691241	0.669124	0.000000	0.000000	0.000000	0.000000	0.000000	0.000000	52.499988	81.999977	5.249999	39.999997	0.000000	20.000003	0.000000	0.000000	0.000000	0.000000	0.000000	0.000000	0.000000	0.000000	0.000000	0.000000	0.000000	0.000000	14.000002	14.999993	7.499999	4.500001	1.499999	0.000000	0.000000	0.000000	0.000000	0.000000	0.000000	0.000000	0.000000	0.000000	0.000000	0.000000	0.000000	0.000000	6.575462	7.954557	23.863667	0.000000	12.434998	0.000000	0.000000	0.000000	0.000000	0.000000	0.000000	0.000000	0.000000	0.000000	0.000000	0.000000	0.000000	0.000000	0.000000	0.000000	0.000000	0.000000	4.141555	20.000004	0.000000	39.999998	5.249999	0.000000	0.000000	0.000000	0.000000
2031	2550.801000	400.000000	1.392700	98.607300	34.391674	0.000000	0.000000	0.000000	0.000000	0.000000	0.000000	0.000000	0.000000	2550.800000	0.000000	0.000000	0.000000	0.000000	740.019000	84.087500	325.864000	0.000000	0.000000	0.000000	0.000000	0.000000	0.000000	0.000000	0.000000	571.568000	0.000000	0.000000	0.000000	0.000000	69.533544	64.178598	66.336621	0.000000	0.000000	0.000000	0.000000	0.000000	0.000000	0.000000	0.000000	0.000000	0.000000	0.000000	0.000000	0.000000	0.000000	0.000000	0.000000	0.000000	0.000000	0.000000	0.000000	0.000000	0.000000	0.000000	0.000000	0.000000	0.000000	38.975273	14.355392	23.925672	10.424738	0.000000	19.739120	47.851351	24.673900	65.472272	23.925672	23.925672	5.263647	0.000000	0.000000	0.000000	0.000000	0.000000	0.000000	0.000000	0.000000	0.000000	0.000000	0.000000	152.638640	0.000000	0.000000	0.000000	0.000000	0.000000	0.000000	0.000000	0.000000	0.000000	6.291749	0.052015	10.402989	8.116384	8.116384	8.116384	8.808462	8.322389	8.322389	8.322389	8.306660	0.207667	8.389009	6.291749	2.097250	8.389009	0.000000	0.000000	0.000000	0.000000	0.000000	0.000000	0.000000	0.000000	0.000000	0.000000	0.000000	0.000000	84.087482	48.049976	0.000000	0.000000	0.000000	0.000000	0.000000	0.000000	0.000000	0.000000	0.000000	0.000000	0.000000	84.639980	0.000000	0.000000	0.000000	0.000000	0.000000	0.000000	17.418091	10.570999	23.784693	38.319900	0.000000	133.731000	118.495990	118.496000	84.639990	84.639983	0.000000	0.000000	0.000000	29.624019	49.091238	0.000000	0.000000	0.000000	0.000000	16.927997	16.928001	29.624013	70.251217	29.624019	0.000000	0.000000	21.498620	37.749387	0.000000	0.000000	0.000000	0.000000	1.777440	0.000000	126.104000	0.000000	273.079000	108.553000	451.171000	0.000000	0.000000	0.000000	0.000000	0.000000	0.000000	13.382479	0.000000	6.691239	5.352987	6.691241	0.669124	0.000000	0.000000	0.000000	0.000000	0.000000	0.000000	52.499991	81.999966	5.249999	39.999997	0.000000	0.000000	0.000000	0.000000	0.000000	0.000000	0.000000	0.000000	0.000000	0.000000	0.000000	0.000000	0.000000	0.000000	14.000002	14.999993	7.500000	4.500001	1.499999	0.000000	0.000000	0.000000	0.000000	0.000000	0.000000	0.000000	0.000000	0.000000	0.000000	0.000000	0.000000	0.000000	6.575462	7.954557	23.863667	0.000000	12.434998	0.000000	0.000000	0.000000	0.000000	0.000000	0.000000	0.000000	0.000000	17.872100	19.857900	15.245099	0.000000	0.000000	0.000000	0.000000	0.000000	0.000000	0.000000	0.000000	0.000000	39.999997	5.250000	0.000000	0.000000	0.000000	0.000000
2032	2768.680100	400.000000	0.874066	98.607300	5.833310	63.136188	0.000000	0.000000	0.000000	0.000000	0.000000	0.000000	0.000000	2768.680000	0.000000	0.000000	0.000000	0.000000	1042.310000	84.087500	325.864000	0.000000	0.000000	0.000000	0.000000	0.000000	0.000000	0.000000	0.000000	571.568000	0.000000	0.000000	0.000000	0.000000	69.533511	64.178599	66.336611	0.000000	0.000000	0.000000	0.000000	0.000000	0.000000	0.000000	0.000000	0.000000	0.000000	0.000000	0.000000	0.000000	0.000000	0.000000	0.000000	0.000000	0.000000	0.000000	0.000000	0.000000	0.000000	0.000000	0.000000	0.000000	0.000000	38.975273	14.355392	23.925672	10.424738	0.000000	19.739120	47.851351	24.673900	65.472272	23.925672	23.925672	5.263647	0.000000	0.000000	0.000000	0.000000	0.000000	0.000000	0.000000	0.000000	0.000000	0.000000	0.000000	152.638640	0.000000	0.000000	0.000000	0.000000	0.000000	0.000000	0.000000	0.000000	0.000000	6.291749	0.052015	10.402989	8.116384	8.116384	8.116384	8.808462	8.322389	8.322389	8.322389	8.306660	0.207667	8.389009	6.291749	2.097250	8.389009	0.000000	0.000000	0.000000	0.000000	0.000000	0.000000	0.000000	0.000000	0.000000	0.000000	0.000000	0.000000	84.087466	48.049989	0.000000	0.000000	0.000000	0.000000	0.000000	0.000000	0.000000	0.000000	0.000000	0.000000	0.000000	84.639970	0.000000	0.000000	0.000000	0.000000	0.000000	0.000000	17.418086	10.570996	23.784697	38.319916	0.000000	133.731030	118.495990	118.495990	84.639990	84.639989	0.000000	0.000000	302.288866	29.624008	49.091215	0.000000	0.000000	0.000000	0.000000	16.928000	16.927997	29.624019	70.251221	29.624017	0.000000	0.000000	21.498613	37.749384	0.000000	0.000000	0.000000	0.000000	1.777440	0.000000	153.899000	0.000000	273.079000	108.553000	451.171000	0.000000	0.000000	0.000000	0.000000	5.620643	1.605897	13.382476	0.000000	6.691242	5.352989	6.691241	0.669124	0.000000	0.000000	0.000000	0.000000	0.000000	0.000000	52.499988	82.000011	5.249998	40.000000	0.000000	0.000000	0.000000	0.000000	0.000000	0.000000	0.000000	0.000000	0.000000	0.000000	0.000000	0.000000	0.000000	0.000000	14.000002	14.999993	7.499999	4.500002	1.499999	0.000000	0.000000	0.000000	0.000000	0.000000	0.000000	0.000000	0.000000	0.000000	0.000000	0.000000	0.000000	0.000000	6.575462	7.954557	23.863667	0.000000	12.434998	0.000000	0.000000	0.000000	0.000000	0.000000	0.000000	0.000000	0.000000	12.672349	14.080391	15.245099	0.000000	0.000000	0.000000	0.000000	0.000000	0.000000	0.000000	0.000000	0.000000	39.999999	5.249997	0.000000	0.000000	0.000000	0.000000
2033	2964.880400	400.000000	1.392700	98.607300	0.974890	69.025110	0.000000	0.000000	0.000000	0.000000	0.000000	0.000000	0.000000	2964.880000	0.000000	0.000000	0.000000	0.000000	1254.470000	84.087500	325.864000	0.000000	0.000000	0.000000	0.000000	0.000000	0.000000	0.000000	0.000000	552.709000	0.000000	0.000000	0.000000	0.000000	62.932872	64.178596	66.336609	0.000000	0.000000	0.000000	0.000000	0.000000	0.000000	0.000000	0.000000	0.000000	0.000000	0.000000	0.000000	0.000000	0.000000	0.000000	0.000000	0.000000	0.000000	0.000000	0.000000	0.000000	0.000000	0.000000	0.000000	0.000000	0.000000	38.975273	14.355392	23.925672	10.424738	0.000000	19.739120	47.851351	24.673900	65.472272	23.925672	23.925672	5.263647	0.000000	0.000000	0.000000	0.000000	0.000000	0.000000	0.000000	0.000000	0.000000	0.000000	0.000000	152.638640	0.000000	0.000000	0.000000	0.000000	0.000000	0.000000	0.000000	0.000000	0.000000	6.291749	0.052015	10.402989	8.116384	8.116384	8.116384	8.808462	8.322389	8.322389	8.322389	8.306660	0.207667	8.389009	6.291749	2.097250	8.389009	0.000000	0.000000	0.000000	0.000000	0.000000	0.000000	0.000000	0.000000	0.000000	0.000000	0.000000	0.000000	84.087466	48.049988	0.000000	0.000000	0.000000	0.000000	0.000000	0.000000	0.000000	0.000000	0.000000	0.000000	0.000000	84.639990	0.000000	0.000000	0.000000	0.000000	0.000000	0.000000	17.418081	10.571000	23.784693	38.319894	0.000000	133.731030	118.496000	118.496000	84.640000	84.639970	0.000000	0.000000	514.448530	29.624017	49.091219	0.000000	0.000000	0.000000	0.000000	16.927997	16.927997	29.624009	70.251214	29.624014	0.000000	0.000000	21.498613	37.749391	0.000000	0.000000	0.000000	0.000000	1.777440	0.000000	161.619000	0.000000	273.079000	108.553000	451.171000	0.000000	0.000000	0.000000	2.007372	5.620642	1.605897	13.382479	0.000000	6.691241	5.352987	6.691241	0.669124	0.000000	0.000000	0.000000	0.000000	0.000000	0.000000	52.499990	82.000000	5.250000	40.000009	0.000000	0.000000	0.000000	0.000000	0.000000	0.000000	0.000000	0.000000	0.000000	0.000000	0.000000	0.000000	0.000000	0.000000	14.000002	14.999993	7.499999	4.500001	1.499999	0.000000	0.000000	0.000000	0.000000	0.000000	0.000000	0.000000	0.000000	0.000000	0.000000	0.000000	0.000000	0.000000	6.575462	7.954557	23.863667	0.000000	12.434998	0.000000	0.000000	0.000000	0.000000	0.000000	0.000000	0.000000	0.000000	22.909977	25.455570	15.245099	0.000000	0.000000	0.000000	0.000000	0.000000	0.000000	69.185080	0.000000	0.000000	40.000010	5.250000	0.000000	0.000000	0.000000	0.000000
2034	3173.480400	370.698120	1.392700	98.607300	0.974890	69.025110	0.000000	0.000000	0.000000	0.000000	0.000000	0.000000	0.000000	3173.480000	0.000000	0.000000	0.000000	0.000000	1627.830000	84.087500	325.864000	0.000000	0.000000	0.000000	0.000000	0.000000	0.000000	0.000000	0.000000	14.644600	0.000000	0.000000	0.000000	0.000000	0.000000	0.000000	5.125614	0.000000	0.000000	0.000000	0.000000	0.000000	0.000000	0.000000	0.000000	0.000000	0.000000	0.000000	0.000000	0.000000	0.000000	0.000000	0.000000	0.000000	0.000000	0.000000	0.000000	0.000000	0.000000	0.000000	0.000000	0.000000	48.719088	38.975273	14.355392	23.925672	10.424738	0.000000	19.739120	47.851351	24.673900	65.472272	23.925672	23.925672	5.263647	0.000000	0.000000	0.000000	0.000000	0.000000	0.000000	0.000000	0.000000	0.000000	0.000000	0.000000	152.638640	0.000000	0.000000	0.000000	0.000000	0.000000	0.000000	0.000000	0.000000	0.000000	6.291749	0.052015	10.402989	8.116384	8.116384	8.116384	8.808462	8.322389	8.322389	8.322389	8.306660	0.207667	8.389009	6.291749	2.097250	8.389009	0.000000	0.000000	0.000000	0.000000	0.000000	0.000000	0.000000	0.000000	0.000000	0.000000	0.000000	0.000000	84.087470	48.049986	0.000000	0.000000	0.000000	0.000000	0.000000	0.000000	0.000000	0.000000	0.000000	0.000000	0.000000	84.639990	0.000000	0.000000	0.000000	0.000000	0.000000	0.000000	17.418090	10.570997	23.784686	38.319902	0.000000	133.731000	118.496000	118.496000	84.639990	84.639970	0.000000	0.000000	887.806890	29.624018	49.091230	0.000000	0.000000	0.000000	0.000000	16.927997	16.927997	29.624015	70.251221	29.624009	0.000000	0.000000	21.498618	37.749386	0.000000	0.000000	0.000000	0.000000	1.777440	0.000000	177.833000	0.000000	273.079000	108.553000	499.890000	0.000000	0.200737	4.014742	2.007372	5.620643	1.605897	13.382478	0.000000	6.691241	5.352991	6.691240	0.669124	0.000000	0.000000	0.000000	0.000000	0.000000	0.000000	52.500000	82.000010	5.250000	39.999998	0.000000	0.000000	0.000000	0.000000	0.000000	0.000000	0.000000	0.000000	0.000000	0.000000	0.000000	0.000000	0.000000	0.000000	14.000002	14.999995	7.499999	4.500001	1.499999	0.000000	0.000000	0.000000	0.000000	0.000000	0.000000	0.000000	0.000000	0.000000	0.000000	0.000000	0.000000	0.000000	6.575462	7.954557	23.863667	0.000000	12.434997	0.000000	0.000000	0.000000	0.000000	0.000000	0.000000	0.000000	0.000000	23.526643	26.140720	15.245099	0.000000	0.000000	0.000000	0.000000	0.000000	0.000000	65.776789	0.000000	0.000000	39.999998	5.250001	0.000000	0.000000	0.000000	0.000000
2035	3392.130700	247.923890	1.392700	98.607300	0.974890	69.025110	0.000000	0.000000	0.000000	0.000000	0.000000	0.000000	0.000000	3392.130000	0.000000	0.000000	0.000000	0.000000	1853.260000	84.087500	325.864000	0.000000	0.000000	0.000000	0.000000	0.000000	0.000000	0.000000	0.000000	0.000000	0.000000	0.000000	0.000000	0.000000	0.000000	0.000000	0.000000	0.000000	0.000000	0.000000	0.000000	0.000000	0.000000	0.000000	0.000000	0.000000	0.000000	0.000000	0.000000	0.000000	0.000000	0.000000	0.000000	0.000000	0.000000	0.000000	0.000000	0.000000	0.000000	0.000000	130.944580	0.000000	48.719088	38.975273	14.355392	23.925672	0.000000	0.000000	19.739120	47.851351	24.673900	65.472272	23.925672	23.925672	5.263647	0.000000	0.000000	0.000000	0.000000	0.000000	0.000000	0.000000	0.000000	0.000000	0.000000	0.000000	152.638640	0.000000	0.000000	0.000000	0.000000	0.000000	0.000000	0.000000	0.000000	0.000000	6.291749	0.052015	10.402989	8.116384	8.116384	8.116384	8.808462	8.322389	8.322389	8.322389	8.306660	0.207667	8.389009	6.291749	2.097250	8.389009	0.000000	0.000000	0.000000	0.000000	0.000000	0.000000	0.000000	0.000000	0.000000	0.000000	0.000000	0.000000	84.087476	48.049980	0.000000	0.000000	0.000000	0.000000	0.000000	0.000000	0.000000	0.000000	0.000000	0.000000	0.000000	84.639970	0.000000	0.000000	0.000000	0.000000	0.000000	0.000000	17.418089	10.570998	23.784692	38.319908	0.000000	133.731030	118.495990	118.495990	84.639980	84.639990	50.784030	0.000000	1062.454770	29.624019	49.091224	0.000000	0.000000	0.000000	0.000000	16.928003	16.927998	29.624013	70.251214	29.624014	0.000000	0.000000	21.498618	37.749387	0.000000	0.000000	0.000000	0.000000	1.777440	0.000000	177.833000	0.000000	273.079000	108.553000	620.410000	0.000000	0.200737	4.014742	2.007372	5.620643	1.605897	13.382479	0.000000	6.691239	5.352986	6.691242	0.669124	0.000000	0.000000	0.000000	0.000000	0.000000	0.000000	52.499994	82.000004	5.249998	40.000006	0.000000	0.000000	0.000000	0.000000	0.000000	0.000000	0.000000	0.000000	0.000000	0.000000	0.000000	0.000000	0.000000	0.000000	14.000002	14.999995	7.499999	4.500001	1.499999	0.000000	0.000000	0.000000	0.000000	0.000000	0.000000	0.000000	0.000000	0.000000	0.000000	0.000000	0.000000	0.000000	6.575462	7.954557	23.863667	0.000000	12.434997	0.000000	0.000000	0.000000	0.000000	0.000000	0.000000	0.000000	0.000000	18.141980	20.157750	15.245099	0.000000	0.000000	0.000000	0.000000	0.000000	0.000000	0.000000	0.000000	0.000000	40.000005	5.249998	0.000000	0.000000	0.000000	0.000000
2036	3605.500300	190.569320	1.392700	98.607300	0.974890	69.025110	0.000000	0.000000	0.000000	0.000000	0.000000	0.000000	0.000000	3605.500000	0.000000	0.000000	0.000000	0.000000	2123.700000	84.087500	325.864000	0.000000	0.000000	0.000000	0.000000	0.000000	0.000000	0.000000	0.000000	0.000000	0.000000	0.000000	0.000000	0.000000	0.000000	0.000000	0.000000	0.000000	0.000000	0.000000	0.000000	0.000000	0.000000	0.000000	0.000000	0.000000	0.000000	0.000000	0.000000	0.000000	0.000000	0.000000	0.000000	0.000000	0.000000	0.000000	0.000000	0.000000	0.000000	0.000000	130.944580	0.000000	48.719088	38.975273	14.355392	23.925672	0.000000	0.000000	19.739120	47.851351	24.673900	65.472272	23.925672	23.925672	5.263647	0.000000	0.000000	0.000000	0.000000	0.000000	0.000000	0.000000	0.000000	0.000000	0.000000	0.000000	152.638640	0.000000	0.000000	0.000000	0.000000	0.000000	0.000000	0.000000	0.000000	0.000000	6.291749	0.052015	10.402989	8.116384	8.116384	8.116384	8.808462	8.322389	8.322389	8.322389	8.306660	0.207667	8.389009	6.291749	2.097250	8.389009	0.000000	0.000000	0.000000	0.000000	0.000000	0.000000	0.000000	0.000000	0.000000	0.000000	0.000000	0.000000	84.087486	48.049982	0.000000	0.000000	0.000000	0.000000	0.000000	0.000000	0.000000	0.000000	0.000000	0.000000	0.000000	84.639970	0.000000	0.000000	0.000000	0.000000	0.000000	0.000000	17.418095	10.570999	23.784693	38.319898	0.000000	133.731030	118.495990	118.495990	84.639990	84.639990	50.784028	0.000000	1214.398590	29.624014	49.091238	0.000000	0.000000	118.495994	0.000000	16.928000	16.927997	29.624015	70.251220	29.624014	0.000000	0.000000	21.498613	37.749391	0.000000	0.000000	0.000000	0.000000	1.777440	0.000000	177.833000	0.000000	273.079000	108.553000	620.410000	0.000000	0.200737	4.014742	2.007372	5.620642	1.605897	13.382476	0.000000	6.691240	5.352991	6.691241	0.669124	0.000000	0.000000	0.000000	0.000000	0.000000	0.000000	52.500000	82.000013	5.249999	39.999998	0.000000	0.000000	0.000000	0.000000	0.000000	0.000000	0.000000	0.000000	0.000000	0.000000	0.000000	0.000000	0.000000	0.000000	14.000002	14.999995	7.499999	4.500001	1.499999	0.000000	0.000000	0.000000	0.000000	0.000000	0.000000	0.000000	0.000000	0.000000	0.000000	0.000000	0.000000	0.000000	6.575462	7.954557	23.863667	0.000000	12.434997	0.000000	0.000000	0.000000	0.000000	0.000000	0.000000	0.000000	0.000000	15.580993	17.312219	15.245099	0.000000	0.000000	0.000000	0.000000	0.000000	0.000000	0.000000	0.000000	0.000000	39.999998	5.249999	0.000000	0.000000	0.000000	0.000000
2037	3844.642300	71.307720	1.392700	98.607300	0.974890	69.025110	0.000000	0.000000	0.000000	0.000000	0.000000	0.000000	0.000000	3844.640000	0.000000	0.000000	0.000000	0.000000	2374.230000	84.087500	325.864000	0.000000	0.000000	0.000000	0.000000	0.000000	0.000000	0.000000	0.000000	0.000000	0.000000	0.000000	0.000000	0.000000	0.000000	0.000000	0.000000	0.000000	0.000000	0.000000	0.000000	0.000000	0.000000	0.000000	0.000000	0.000000	0.000000	0.000000	0.000000	0.000000	0.000000	0.000000	0.000000	0.000000	0.000000	0.000000	0.000000	0.000000	0.000000	0.000000	130.944580	107.181959	48.719088	38.975273	14.355392	23.925672	0.000000	0.000000	19.739120	47.851351	24.673900	65.472272	23.925672	23.925672	5.263647	0.000000	0.000000	0.000000	0.000000	0.000000	0.000000	0.000000	0.000000	0.000000	0.000000	0.000000	152.638640	0.000000	0.000000	0.000000	0.000000	0.000000	0.000000	0.000000	0.000000	0.000000	6.291749	0.052015	10.402989	8.116384	8.116384	8.116384	8.808462	8.322389	8.322389	8.322389	8.306660	0.207667	8.389009	6.291749	2.097250	8.389009	0.000000	0.000000	0.000000	0.000000	0.000000	0.000000	0.000000	0.000000	0.000000	0.000000	0.000000	0.000000	84.087470	48.049989	0.000000	0.000000	0.000000	0.000000	0.000000	0.000000	0.000000	0.000000	0.000000	0.000000	0.000000	84.639970	0.000000	0.000000	0.000000	0.000000	0.000000	0.000000	17.418095	10.570997	23.784683	38.319889	0.000000	133.731030	118.495990	118.495990	84.639979	84.639989	50.784036	0.000000	1466.707500	29.624014	49.091224	0.000000	0.000000	118.495995	0.000000	16.927997	16.927997	29.624015	70.251221	29.624008	0.000000	0.000000	21.498614	37.749391	0.000000	0.000000	0.000000	0.000000	0.000000	0.000000	177.833000	0.000000	273.079000	108.553000	727.592000	0.000000	0.200737	4.014742	2.007372	5.620642	1.605897	13.382477	0.000000	6.691240	5.352989	6.691242	0.669124	0.000000	0.000000	0.000000	0.000000	0.000000	0.000000	52.499990	82.000010	5.249998	40.000004	0.000000	0.000000	0.000000	0.000000	0.000000	0.000000	0.000000	0.000000	0.000000	0.000000	0.000000	0.000000	0.000000	0.000000	14.000003	14.999995	7.499999	4.500001	1.499999	0.000000	0.000000	0.000000	0.000000	0.000000	0.000000	0.000000	0.000000	0.000000	0.000000	0.000000	0.000000	0.000000	6.575462	7.954557	23.863667	0.000000	12.434997	0.000000	0.000000	0.000000	0.000000	0.000000	0.000000	0.000000	0.000000	9.387740	10.430820	15.245099	0.000000	0.000000	0.000000	0.000000	0.000000	0.000000	69.185080	0.000000	0.000000	40.000003	5.249998	0.000000	0.000000	0.000000	0.000000
2038	4092.199800	8.410890	1.392700	98.607300	0.974890	69.025110	0.000000	0.000000	0.000000	0.000000	0.000000	0.000000	0.000000	4092.200000	0.000000	0.000000	0.000000	0.000000	2933.590000	84.087500	325.864000	0.000000	0.000000	0.000000	0.000000	0.000000	0.000000	0.000000	0.000000	0.000000	0.000000	0.000000	0.000000	0.000000	0.000000	0.000000	0.000000	0.000000	0.000000	0.000000	0.000000	0.000000	0.000000	0.000000	0.000000	0.000000	0.000000	0.000000	0.000000	0.000000	0.000000	0.000000	0.000000	0.000000	0.000000	0.000000	0.000000	0.000000	0.000000	0.000000	130.944580	107.181959	48.719088	38.975273	14.355392	23.925672	0.000000	0.000000	19.739120	47.851351	24.673900	65.472272	23.925672	23.925672	5.263647	0.000000	0.000000	0.000000	0.000000	0.000000	0.000000	0.000000	0.000000	0.000000	0.000000	0.000000	0.000000	0.000000	0.000000	0.000000	0.000000	0.000000	0.000000	0.000000	0.000000	0.000000	6.291749	0.000000	0.000000	8.116384	8.116384	8.116384	8.808462	8.322389	8.322389	8.322389	8.306660	0.207667	8.389009	6.291749	2.097250	8.389009	0.000000	0.000000	0.000000	0.000000	0.000000	0.000000	0.000000	0.000000	0.000000	0.000000	0.000000	0.000000	84.087476	48.049982	0.000000	0.000000	0.000000	0.000000	0.000000	0.000000	0.000000	0.000000	0.000000	0.000000	0.000000	84.639970	0.000000	0.000000	0.000000	0.000000	0.000000	0.000000	17.418095	10.571000	0.000000	38.319906	0.000000	133.731000	118.495996	118.496000	84.639980	84.639984	50.784028	0.000000	2049.848100	29.624019	49.091224	0.000000	0.000000	118.495984	0.000000	16.928001	16.928002	29.624019	70.251221	29.624019	0.000000	0.000000	21.498613	37.749397	0.000000	0.000000	0.000000	0.000000	0.000000	0.000000	177.833000	0.000000	191.079000	98.097900	574.954000	0.000000	0.200737	4.014742	2.007372	5.620642	1.605897	13.382480	0.000000	6.691242	5.352986	6.691243	0.669124	0.000000	0.000000	0.000000	0.000000	0.000000	0.000000	52.500000	0.000000	5.249999	40.000000	0.000000	0.000000	0.000000	0.000000	0.000000	0.000000	0.000000	0.000000	0.000000	0.000000	0.000000	0.000000	0.000000	0.000000	14.000002	14.999993	7.499999	4.500002	1.499999	0.000000	0.000000	0.000000	0.000000	0.000000	0.000000	0.000000	0.000000	0.000000	0.000000	0.000000	0.000000	0.000000	6.575462	7.954557	23.863667	0.000000	12.434997	0.000000	0.000000	0.000000	0.000000	0.000000	0.000000	0.000000	0.000000	43.642230	48.491320	17.587623	0.000000	0.000000	0.000000	0.000000	0.000000	0.000000	69.185080	0.000000	0.000000	39.999999	5.249999	0.000000	0.000000	0.000000	0.000000
2039	4353.431500	7.460080	1.392700	98.607300	0.974890	69.025110	0.000000	0.000000	0.000000	0.000000	0.000000	0.000000	0.000000	4353.430000	0.000000	0.000000	0.000000	0.000000	3257.310000	84.087500	88.872000	0.000000	0.000000	0.000000	0.000000	0.000000	0.000000	0.000000	0.000000	0.000000	0.000000	0.000000	0.000000	0.000000	0.000000	0.000000	0.000000	0.000000	0.000000	0.000000	0.000000	0.000000	0.000000	0.000000	0.000000	0.000000	0.000000	0.000000	0.000000	0.000000	0.000000	0.000000	0.000000	0.000000	0.000000	0.000000	0.000000	0.000000	0.000000	0.000000	130.944580	107.181959	48.719088	38.975273	14.355392	23.925672	0.000000	0.000000	19.739120	47.851351	24.673900	65.472272	23.925672	23.925672	5.263647	0.000000	0.000000	0.000000	0.000000	0.000000	0.000000	0.000000	0.000000	0.000000	0.000000	0.000000	0.000000	0.000000	0.000000	0.000000	0.000000	0.000000	0.000000	0.000000	0.000000	179.493730	6.291749	0.000000	0.000000	8.116384	8.116384	8.116384	8.808462	8.322389	8.322389	8.322389	8.306660	0.207667	8.389009	6.291749	2.097250	8.389009	0.000000	0.000000	0.000000	0.000000	0.000000	0.000000	0.000000	0.000000	0.000000	0.000000	0.000000	0.000000	84.087476	48.049991	0.000000	0.000000	0.000000	0.000000	0.000000	0.000000	0.000000	0.000000	0.000000	0.000000	0.000000	84.639980	0.000000	0.000000	0.000000	0.000000	0.000000	0.000000	17.418086	0.000000	0.000000	38.319899	0.000000	133.731030	0.000000	0.000000	84.639990	84.639990	50.784026	0.000000	2303.399800	29.624017	49.091234	0.000000	118.496000	118.496000	0.000000	16.927999	16.928005	29.624017	70.251220	29.624017	0.000000	0.000000	21.498624	0.000000	0.000000	0.000000	0.000000	0.000000	0.000000	0.000000	177.833000	0.000000	191.079000	277.592000	574.954000	0.000000	0.200737	4.014743	2.007372	5.620642	1.605897	13.382479	0.000000	6.691239	5.352986	6.691241	0.669124	0.000000	0.000000	0.000000	0.000000	0.000000	0.000000	52.499970	0.000000	5.249998	40.000000	0.000000	0.000000	0.000000	0.000000	0.000000	0.000000	0.000000	0.000000	0.000000	0.000000	0.000000	0.000000	0.000000	0.000000	14.000003	14.999995	7.499999	4.500001	1.499999	0.000000	0.000000	0.000000	0.000000	0.000000	0.000000	0.000000	0.000000	0.000000	0.000000	0.000000	0.000000	0.000000	6.575462	7.954557	23.863667	0.000000	12.434997	0.000000	0.000000	0.000000	0.000000	0.000000	0.000000	0.000000	0.000000	80.072770	88.969773	28.405810	0.000000	0.000000	0.000000	0.000000	0.000000	0.000000	19.999999	0.000000	0.000000	40.000000	5.249998	0.000000	0.000000	0.000000	0.000000
2040	4629.138400	6.456567	1.392700	98.607300	0.974890	69.025110	0.000000	0.000000	0.000000	0.000000	0.000000	0.000000	0.000000	4629.140000	0.000000	0.000000	0.000000	0.000000	3235.810000	84.087500	88.872000	0.000000	0.000000	0.000000	0.000000	0.000000	0.000000	0.000000	0.000000	0.000000	0.000000	0.000000	0.000000	0.000000	0.000000	0.000000	0.000000	0.000000	0.000000	0.000000	0.000000	0.000000	0.000000	0.000000	0.000000	0.000000	0.000000	0.000000	0.000000	0.000000	0.000000	0.000000	0.000000	0.000000	0.000000	0.000000	0.000000	0.000000	0.000000	0.000000	130.944580	107.181959	48.719088	38.975273	14.355392	23.925672	0.000000	0.000000	19.739120	47.851351	24.673900	65.472272	23.925672	23.925672	5.263647	0.000000	0.000000	0.000000	0.000000	0.000000	0.000000	0.000000	0.000000	0.000000	0.000000	0.000000	0.000000	0.000000	0.000000	0.000000	0.000000	0.000000	0.000000	0.000000	0.000000	484.233570	6.291749	0.000000	0.000000	8.116384	8.116384	8.116384	8.808462	8.322389	8.322389	8.322389	8.306660	0.207667	8.389009	6.291749	2.097250	8.389009	0.000000	0.000000	0.000000	0.000000	0.000000	0.000000	0.000000	0.000000	0.000000	0.000000	0.000000	0.000000	84.087470	48.049980	0.000000	0.000000	0.000000	0.000000	0.000000	0.000000	0.000000	0.000000	0.000000	0.000000	0.000000	84.639970	0.000000	0.000000	0.000000	0.000000	0.000000	0.000000	17.418087	0.000000	0.000000	38.319900	0.000000	133.731000	0.000000	0.000000	84.639980	84.639980	50.784028	0.000000	2303.399600	29.624019	49.091230	0.000000	118.495991	118.495991	0.000000	16.928003	16.928003	29.624019	70.251221	29.624008	0.000000	0.000000	0.000000	0.000000	0.000000	0.000000	0.000000	0.000000	0.000000	0.000000	177.833000	0.000000	191.079000	582.331000	574.954000	0.000000	0.200737	4.014743	2.007372	5.620641	1.605897	13.382477	0.000000	6.691239	5.352988	6.691241	0.669124	0.000000	0.000000	0.000000	0.000000	0.000000	0.000000	52.499997	0.000000	5.249998	40.000001	0.000000	0.000000	0.000000	0.000000	0.000000	0.000000	0.000000	0.000000	0.000000	0.000000	0.000000	0.000000	0.000000	0.000000	14.000002	14.999993	7.499999	4.500001	1.499999	0.000000	0.000000	0.000000	0.000000	0.000000	0.000000	0.000000	0.000000	0.000000	0.000000	0.000000	0.000000	0.000000	6.575462	7.954557	23.863667	0.000000	12.434997	0.000000	0.000000	0.000000	0.000000	0.000000	0.000000	0.000000	0.000000	138.822650	154.247410	44.696135	0.000000	0.000000	0.000000	0.000000	0.000000	0.000000	11.342110	0.000000	0.000000	40.000001	5.249999	0.000000	0.000000	0.000000	0.000000
2041	4629.138400	5.682298	1.392700	98.607300	0.974890	69.025110	0.000000	0.000000	0.000000	0.000000	0.000000	0.000000	0.000000	4629.140000	0.000000	0.000000	0.000000	0.000000	3291.370000	84.087500	88.872000	0.000000	0.000000	0.000000	0.000000	0.000000	0.000000	0.000000	0.000000	0.000000	0.000000	0.000000	0.000000	0.000000	0.000000	0.000000	0.000000	0.000000	0.000000	0.000000	0.000000	0.000000	0.000000	0.000000	0.000000	0.000000	0.000000	0.000000	0.000000	0.000000	0.000000	0.000000	0.000000	0.000000	0.000000	0.000000	0.000000	0.000000	0.000000	0.000000	130.944580	107.181959	48.719088	38.975273	14.355392	23.925672	0.000000	0.000000	19.739120	0.000000	24.673900	65.472272	23.925672	23.925672	5.263647	0.000000	0.000000	0.000000	0.000000	0.000000	0.000000	0.000000	0.000000	0.000000	0.000000	0.000000	0.000000	0.000000	0.000000	0.000000	0.000000	0.000000	0.000000	0.000000	0.000000	548.729210	6.291749	0.000000	0.000000	8.116384	8.116384	8.116384	8.808462	0.000000	0.000000	8.322389	8.306660	0.207667	8.389009	6.291749	2.097250	8.389009	0.000000	0.000000	0.000000	0.000000	0.000000	0.000000	0.000000	0.000000	0.000000	0.000000	0.000000	0.000000	84.087470	48.049974	0.000000	0.000000	0.000000	0.000000	0.000000	0.000000	0.000000	0.000000	0.000000	0.000000	0.000000	84.639980	0.000000	0.000000	0.000000	0.000000	0.000000	0.000000	0.000000	0.000000	0.000000	38.319896	0.000000	133.731000	0.000000	0.000000	84.639980	84.639990	50.784024	0.000000	2376.372700	29.624013	49.091230	0.000000	118.495985	118.496002	0.000000	16.928005	16.928002	29.624013	70.251220	29.624021	0.000000	0.000000	0.000000	0.000000	0.000000	0.000000	0.000000	0.000000	0.000000	0.000000	177.833000	0.000000	138.579000	630.183000	527.102000	0.000000	0.200737	4.014742	2.007372	5.620643	1.605897	13.382481	0.000000	6.691240	5.352986	6.691239	0.669124	0.000000	0.000000	0.000000	0.000000	0.000000	0.000000	0.000000	0.000000	5.250000	40.000001	0.000000	0.000000	0.000000	0.000000	0.000000	0.000000	0.000000	0.000000	0.000000	0.000000	0.000000	0.000000	0.000000	0.000000	14.000002	14.999993	7.499999	4.500002	1.499999	0.000000	0.000000	0.000000	0.000000	0.000000	0.000000	0.000000	0.000000	0.000000	0.000000	0.000000	0.000000	0.000000	6.575462	7.954557	23.863667	0.000000	12.434998	0.000000	0.000000	0.000000	0.000000	0.000000	0.000000	0.000000	0.000000	159.348100	177.053500	49.951840	0.000000	0.000000	0.000000	0.000000	0.000000	0.000000	0.000000	0.000000	0.000000	40.000001	5.250001	0.000000	0.000000	0.000000	0.000000
2042	4629.138400	5.684451	1.392700	98.607300	0.974890	69.025110	0.000000	0.000000	0.000000	0.000000	0.000000	0.000000	0.000000	4629.140000	0.000000	0.000000	0.000000	0.000000	3291.400000	84.087500	88.872000	0.000000	0.000000	0.000000	0.000000	0.000000	0.000000	0.000000	0.000000	0.000000	0.000000	0.000000	0.000000	0.000000	0.000000	0.000000	0.000000	0.000000	0.000000	0.000000	0.000000	0.000000	0.000000	0.000000	0.000000	0.000000	0.000000	0.000000	0.000000	0.000000	0.000000	0.000000	0.000000	0.000000	0.000000	0.000000	0.000000	0.000000	0.000000	0.000000	130.944580	107.181959	48.719088	38.975273	14.355392	23.925672	0.000000	0.000000	19.739120	0.000000	24.673900	65.472272	23.925672	23.925672	5.263647	0.000000	0.000000	0.000000	0.000000	0.000000	0.000000	0.000000	0.000000	0.000000	0.000000	0.000000	0.000000	0.000000	0.000000	0.000000	0.000000	0.000000	0.000000	0.000000	0.000000	557.118670	6.291749	0.000000	0.000000	8.116384	8.116384	8.116384	8.808462	0.000000	0.000000	8.322389	8.306660	0.207667	8.389009	6.291749	2.097250	0.000000	0.000000	0.000000	0.000000	0.000000	0.000000	0.000000	0.000000	0.000000	0.000000	0.000000	0.000000	0.000000	84.087470	48.049973	0.000000	0.000000	0.000000	0.000000	0.000000	0.000000	0.000000	0.000000	0.000000	0.000000	0.000000	84.639980	0.000000	0.000000	0.000000	0.000000	0.000000	0.000000	0.000000	0.000000	0.000000	38.319898	0.000000	133.731030	0.000000	0.000000	84.639980	84.639980	50.784027	0.000000	2376.401000	29.624016	49.091234	0.000000	118.495996	118.495992	0.000000	16.927999	16.927999	29.624017	70.251220	29.624016	0.000000	0.000000	0.000000	0.000000	0.000000	0.000000	0.000000	0.000000	0.000000	0.000000	177.833000	0.000000	138.579000	630.183000	527.102000	0.000000	0.200737	4.014742	2.007372	5.620642	1.605897	13.382478	0.000000	6.691240	5.352987	6.691241	0.669124	0.000000	0.000000	0.000000	0.000000	0.000000	0.000000	0.000000	0.000000	5.250000	40.000001	0.000000	0.000000	0.000000	0.000000	0.000000	0.000000	0.000000	0.000000	0.000000	0.000000	0.000000	0.000000	0.000000	0.000000	14.000003	14.999995	7.499999	4.500001	1.499999	0.000000	0.000000	0.000000	0.000000	0.000000	0.000000	0.000000	0.000000	0.000000	0.000000	0.000000	0.000000	0.000000	6.575462	7.954557	23.863667	0.000000	12.434998	0.000000	0.000000	0.000000	0.000000	0.000000	0.000000	0.000000	0.000000	159.614980	177.349901	50.057613	0.000000	0.000000	0.000000	0.000000	0.000000	0.000000	0.000000	0.000000	0.000000	40.000000	5.250000	0.000000	0.000000	0.000000	0.000000
2043	4629.138400	5.686499	1.392700	98.607300	0.974890	69.025110	0.000000	0.000000	0.000000	0.000000	0.000000	0.000000	0.000000	4629.140000	0.000000	0.000000	0.000000	0.000000	3291.590000	84.087500	88.872000	0.000000	0.000000	0.000000	0.000000	0.000000	0.000000	0.000000	0.000000	0.000000	0.000000	0.000000	0.000000	0.000000	0.000000	0.000000	0.000000	0.000000	0.000000	0.000000	0.000000	0.000000	0.000000	0.000000	0.000000	0.000000	0.000000	0.000000	0.000000	0.000000	0.000000	0.000000	0.000000	0.000000	0.000000	0.000000	0.000000	0.000000	0.000000	0.000000	130.944580	107.181959	48.719088	38.975273	14.355392	23.925672	0.000000	0.000000	19.739120	0.000000	24.673900	65.472272	23.925672	23.925672	5.263647	0.000000	0.000000	0.000000	0.000000	0.000000	0.000000	0.000000	0.000000	0.000000	0.000000	0.000000	0.000000	0.000000	0.000000	0.000000	0.000000	0.000000	0.000000	0.000000	0.000000	565.441250	6.291749	0.000000	0.000000	8.116384	8.116384	8.116384	8.808462	0.000000	0.000000	0.000000	8.306660	0.207667	8.389009	6.291749	2.097250	0.000000	0.000000	0.000000	0.000000	0.000000	0.000000	0.000000	0.000000	0.000000	0.000000	0.000000	0.000000	0.000000	84.087480	48.049976	0.000000	0.000000	0.000000	0.000000	0.000000	0.000000	0.000000	0.000000	0.000000	0.000000	0.000000	84.639980	0.000000	0.000000	0.000000	0.000000	0.000000	0.000000	0.000000	0.000000	0.000000	0.000000	0.000000	133.731030	0.000000	0.000000	84.639990	84.639980	50.784024	0.000000	2414.913200	29.624015	49.091234	0.000000	118.495990	118.495996	0.000000	16.927999	16.927997	29.624017	70.251221	29.624015	0.000000	0.000000	0.000000	0.000000	0.000000	0.000000	0.000000	0.000000	0.000000	0.000000	177.833000	0.000000	138.579000	630.183000	527.102000	0.000000	0.200737	4.014743	2.007372	5.620644	1.605897	13.382480	0.000000	6.691240	5.352986	6.691241	0.669124	0.000000	0.000000	0.000000	0.000000	0.000000	0.000000	0.000000	0.000000	5.249999	40.000000	0.000000	0.000000	0.000000	0.000000	0.000000	0.000000	0.000000	0.000000	0.000000	0.000000	0.000000	0.000000	0.000000	0.000000	14.000003	14.999993	7.499999	4.500001	1.499999	0.000000	0.000000	0.000000	0.000000	0.000000	0.000000	0.000000	0.000000	0.000000	0.000000	0.000000	0.000000	0.000000	6.575462	7.954557	23.863667	0.000000	12.434997	0.000000	0.000000	0.000000	0.000000	0.000000	0.000000	0.000000	0.000000	161.370453	179.300465	50.464434	0.000000	0.000000	0.000000	0.000000	0.000000	0.000000	58.685028	0.000000	0.000000	40.000000	5.250000	0.000000	0.000000	0.000000	0.000000
2044	4629.138400	5.686452	1.392700	98.607300	0.974890	69.025110	0.000000	0.000000	0.000000	0.000000	0.000000	0.000000	0.000000	4629.140000	0.000000	0.000000	0.000000	0.000000	3292.260000	84.087500	88.872000	0.000000	0.000000	0.000000	0.000000	0.000000	0.000000	0.000000	0.000000	0.000000	0.000000	0.000000	0.000000	0.000000	0.000000	0.000000	0.000000	0.000000	0.000000	0.000000	0.000000	0.000000	0.000000	0.000000	0.000000	0.000000	0.000000	0.000000	0.000000	0.000000	0.000000	0.000000	0.000000	0.000000	0.000000	0.000000	0.000000	0.000000	0.000000	0.000000	130.944580	107.181959	48.719088	38.975273	14.355392	23.925672	0.000000	0.000000	19.739120	0.000000	24.673900	65.472272	23.925672	23.925672	5.263647	0.000000	0.000000	0.000000	0.000000	0.000000	0.000000	0.000000	0.000000	0.000000	0.000000	0.000000	0.000000	0.000000	0.000000	0.000000	0.000000	0.000000	0.000000	0.000000	0.000000	565.648730	6.291749	0.000000	0.000000	8.116384	8.116384	8.116384	8.808462	0.000000	0.000000	0.000000	8.306660	0.000000	8.389009	6.291749	2.097250	0.000000	0.000000	0.000000	0.000000	0.000000	0.000000	0.000000	0.000000	0.000000	0.000000	0.000000	0.000000	0.000000	84.087476	48.049989	0.000000	0.000000	0.000000	0.000000	0.000000	0.000000	0.000000	0.000000	0.000000	0.000000	0.000000	84.639980	0.000000	0.000000	0.000000	0.000000	0.000000	0.000000	0.000000	0.000000	0.000000	0.000000	0.000000	0.000000	0.000000	0.000000	84.639970	84.639990	50.784026	0.000000	2549.316700	29.624015	49.091234	0.000000	118.495992	118.495986	0.000000	16.927997	16.927997	29.624015	70.251220	29.624015	0.000000	0.000000	0.000000	0.000000	0.000000	0.000000	0.000000	0.000000	0.000000	0.000000	175.259000	0.000000	138.579000	630.183000	527.102000	0.000000	0.200737	4.014742	2.007372	5.620642	1.605897	13.382479	0.000000	6.691238	5.352987	6.691239	0.000000	0.000000	0.000000	0.000000	0.000000	0.000000	0.000000	0.000000	0.000000	5.249998	40.000000	0.000000	0.000000	0.000000	0.000000	0.000000	0.000000	0.000000	0.000000	0.000000	0.000000	0.000000	0.000000	0.000000	0.000000	14.000003	14.999995	7.499999	4.500001	1.499999	0.000000	0.000000	0.000000	0.000000	0.000000	0.000000	0.000000	0.000000	0.000000	0.000000	0.000000	0.000000	0.000000	6.575462	7.954557	23.863667	0.000000	12.434997	0.000000	0.000000	0.000000	0.000000	0.000000	0.000000	0.000000	0.000000	161.401579	179.335010	50.470323	0.000000	0.000000	0.000000	0.000000	0.000000	0.000000	58.685028	0.000000	0.000000	40.000000	5.249998	0.000000	0.000000	0.000000	0.000000
2045	4629.138400	5.681112	1.392700	98.607300	0.974890	69.025110	0.000000	0.000000	0.000000	0.000000	0.000000	0.000000	0.000000	4629.140000	0.000000	0.000000	0.000000	0.000000	3292.320000	84.087500	88.872000	0.000000	0.000000	0.000000	0.000000	0.000000	0.000000	0.000000	0.000000	0.000000	0.000000	0.000000	0.000000	0.000000	0.000000	0.000000	0.000000	0.000000	0.000000	0.000000	0.000000	0.000000	0.000000	0.000000	0.000000	0.000000	0.000000	0.000000	0.000000	0.000000	0.000000	0.000000	0.000000	0.000000	0.000000	0.000000	0.000000	0.000000	0.000000	0.000000	130.944580	107.181959	48.719088	38.975273	14.355392	23.925672	0.000000	0.000000	19.739120	0.000000	24.673900	65.472272	23.925672	23.925672	5.263647	0.000000	0.000000	0.000000	0.000000	0.000000	0.000000	0.000000	0.000000	0.000000	0.000000	0.000000	0.000000	0.000000	0.000000	0.000000	0.000000	0.000000	0.000000	0.000000	0.000000	573.765260	6.291749	0.000000	0.000000	8.116384	0.000000	8.116384	8.808462	0.000000	0.000000	0.000000	8.306660	0.000000	8.389009	6.291749	2.097250	0.000000	0.000000	0.000000	0.000000	0.000000	0.000000	0.000000	0.000000	0.000000	0.000000	0.000000	0.000000	0.000000	84.087480	48.049976	0.000000	0.000000	0.000000	0.000000	0.000000	0.000000	0.000000	0.000000	0.000000	0.000000	0.000000	84.639970	0.000000	0.000000	0.000000	0.000000	0.000000	0.000000	0.000000	0.000000	0.000000	0.000000	0.000000	0.000000	0.000000	0.000000	84.639980	84.639970	50.784030	0.000000	2549.381200	29.624019	49.091243	0.000000	118.495998	118.495996	0.000000	16.928003	16.928003	29.624019	70.251230	29.624019	0.000000	0.000000	0.000000	0.000000	0.000000	0.000000	0.000000	0.000000	0.000000	0.000000	175.259000	0.000000	138.579000	630.183000	527.102000	0.000000	0.200737	4.014742	2.007372	5.620643	1.605897	13.382481	0.000000	6.691239	5.352986	6.691241	0.000000	0.000000	0.000000	0.000000	0.000000	0.000000	0.000000	0.000000	0.000000	5.249999	39.999996	0.000000	0.000000	0.000000	0.000000	0.000000	0.000000	0.000000	0.000000	0.000000	0.000000	0.000000	0.000000	0.000000	0.000000	14.000002	14.999993	7.499999	4.500001	1.499999	0.000000	0.000000	0.000000	0.000000	0.000000	0.000000	0.000000	0.000000	0.000000	0.000000	0.000000	0.000000	0.000000	6.575462	7.954557	23.863667	0.000000	12.434997	0.000000	0.000000	0.000000	0.000000	0.000000	0.000000	0.000000	0.000000	161.922427	179.913800	50.579708	0.000000	0.000000	0.000000	0.000000	0.000000	0.000000	0.000000	0.000000	0.000000	39.999996	5.250000	0.000000	0.000000	0.000000	0.000000

" "
"Table 3:"		"KEa - GeoCostReduction"
"Aug 20, 2024 19:42"		"KEaCumulNewCapacity"
	KEEL00T00	KEEL00i00_HVDC	KEEL00i00_TANESCO	KEEL00i00_UETCL	KEEL00i00	KEEL00TDI	KEEL00TDR	KEEL00TDU	KEEL00TDC	KEEL00TUI	KEEL00TUR	KEEL00TUS	KEEL00TUU	KEEL00TUC	KEDS00I00	KENU00I00	KEGE00I00	KEGE00I00_Generic	KEGE00I00_steam	KEDSRC00	KEDSRC01_Tsavo_Extended	KEDSSC00	KEDSRI00	KEDSRU00	KEDSRB00	KEDSRR00	KEHF00I00_NAIROBI	KEHF00I00	KEHFRC00	KEHFRC01_Tsavo	KEHFRC01_Rabai	KEHFRC01_Kipevu_III	KEHFRC10_Thika	KEHFRC10_Gulf	KEHFRC10_Triumph	KEHFRC03	KEHFRC10	KEHFRC02	KEHFRC01	KECO00X00	KECOSC00	KECOSC11	KENG00I00_LNG	KENG00I00	KENGSC00	KENGSC12_Dongo_Kundu	KENGCC00	KENGCC12_LNG_Backup2	KENGCC12_LNG_Backup26	KENGCC12_LNG_Backup35	KENGCC12_LNG_Backup4	KENGCC12_LNG2	KENUPW00	KENUPW20_Nuclear_III	KENUPW20_Nuclear_II	KENUPW20_Nuclear_I	KENUPW20	KEWDLC00	KEWDLCZ004_Marsabit_PhII	KEWDLCZ007_Meru_PhIII	KEWDLCZ007_Meru_PhII	KEWDLCZ007_Meru_PhI	KEWDLCZ008_Oldanyat	KEWDLCZ008_Prunus	KEWDLCZH08_Ngong_PhII	KEWDLCZH08_Ngong_PhI	KEWDLCZ001_Bahari2	KEWDLCZH08_Kipeto	KEWDLCZ001_Bahari_PhI	KEWDLCZ004_Marsabit_PhI	KEWDLCZ008_Aperture	KEWDLCZ008_Chania	KEWDLCZ008_Ngong1_PhIII	KEWDOC00	KEWDLCZ010	KEWDLCZ009	KEWDLCZ008	KEWDLCZ007	KEWDLCZ006	KEWDLCZ005	KEWDLCZ004	KEWDLCZ003	KEWDLCZ002	KEWDLCZ001	KEWDLCZDP09_Lake_Turkana	KEWDLCZH08	KESOTN00	KESOTNZ002	KESOTNZ001	KESOTS00	KESOTSZ002	KESOTSZ001	KESOTG00	KESOPC00	KESOPCZ001_Kenya_Solar	KESOPCZ003_Strathmore	KESOPCZ003_REA_Garissa	KESOPCZ008_Kibwezi	KESOPCZ008_Tarita_Green	KESOPCZ008_Kopere	KESOPCZ001_SevenForks	KESOPCZ003_Eldosol	KESOPCZ003_Selenkei	KESOPCZ003_Alten	KESOPCZ009_Kenergy	KESOPCZ009_MarcoBorero	KESOPCZ001_Greenmillenia	KESOPCZ001_Makindu	KESOPCZ001_HannanArya	KESOPCZ001_Malindi	KESOPCZ010	KESOPCZ009	KESOPCZ008	KESOPCZ007	KESOPCZ006	KESOPCZ005	KESOPCZ004	KESOPCZ003	KESOPCZ002	KESOPCZ001	KEGOCV00	KEGOCV18_Menengai_V	KEGOCV16_Olkaria_7	KEGOCV16_Olkaria_6	KEGOCV12_Suswa_I	KEGOCV12_Suswa_II	KEGOCV12_Suswa_III	KEGOCV12_Olsuswa_I	KEGOCV13_Akiira_I	KEGOCV13_Akiira_II	KEGOCV20_AGIL_I	KEGOCV20_AGIL_II	KEGOCV20_AGIL_III	KEGOCV20_AGIL_IV	KEGOCV17_Korosi_I	KEGOCV17_Paka_I	KEGOCV16_Olkaria_II_Rehab	KEGOCV17_Paka_II	KEGOCV17_Silali_II	KEGOCV17_Paka_III	KEGOCV17_Silali_III	KEGOCV18_Menengai_IV	KEGOCV01_Orpower_4P4	KEGOCV01_Orpower_4P3	KEGOCV01_Orpower_4P2	KEGOCV01_Orpower_4PI	KEGOCV01_Olkaria_2	KEGOCV10_OLK_V	KEGOCV10_OLK_IAU	KEGOCV10_OLK_IV	KEGOCV17_Baringo_Silali_I	KEGOCV18_Menengai_III	KEGOCV18_Menengai_1_Stage2	KEGOCV12_Suswa	KEGOCV12_Eburru	KEGOCV16_Menengai_1_Orpower22	KEGOCV18_Wellheadleasing	KEGOCV13_Marine_Power_Akiira	KEGOCV16_Olkaria8	KEGOCV16_Olkaria9	KEGOCV17_Baringo_Silali	KEGOCV16_Olkaria_1V_Uprating	KEGOCV16_Olkaria_1_Uprating	KEGOCV18_Menengai_1_Quantum	KEGOCV16_Olkaria_1_Unit6	KEGOCV18_Menengai_1_Sosian	KEGOCV20	KEGOCV16	KEGOCV15	KEGOCV14	KEGOCV13	KEGOCV12	KEGOCV11	KEGOCV10	KEGOCV03	KEGOCV02	KEBM00X00	KEBW00X00	KEHY00X00	KESO00X00	KEWD00X00	KEBMST00	KEBMST10_BiogasH	KEBMST10_WestKenya	KEBMST10_VRHoldings	KEBMST10_Cummins_Cogen	KEBMST10_Viability	KEBMST10_Tana_Biogas	KEBMST10_MunicipalWtE_Biogas	KEBMST10_Roadtech	KEBMST10_ThikaWayBiogas	KEBMST10_Kwale	KEBMST10_REA_Vipingo	KEBWST00	KEBMST10	KEBMST01	KEHYDM00	KEHYDM_High_Grand	KEHYDM_Karura	KEHYDM_TURKWEL	KEHYDM_KIAMBERE	KEHYDM_Kindaruma	KEHYDM_Gitaru	KEHYDM_KAMBURU	KEHYDM_MASINGA	KEHYRO_Lower_Grand	KEHYDM_Kamburu_Masinga	KEHYDM_Turkwell	KEHYDM_Kiambere	KEHYRO00	KEHYRO_Small_2033	KEHYRO_Small_2032	KEHYRO_Small_2031	KEHYRO_Small_KTDA_2031	KEHYRO_Small_2030	KEHYRO_Small_KTDA_2030	KEHYRO_Small_2029	KEHYRO_Small_2028	KEHYRO_Small_2027	KEHYRO_Small_2026	KEHYRO_Small_2025	KEHYRO_Small_KTDA_2024	KEHYRO_Small_Chevron	KEHYRO_Small_KDTA2	KEHYRO_Small_Rareh	KEHYRO_Small_Kirogori	KEHYRO_Small_GemGen	KEHYRO_Small_Kaptis	KEHYRO_Small_Nithi	KEHYRO_Small_Tindinyo	KEHYRO_Small_Gatiki	KEHYRO_Small_KTDA_Gogo	KEHYRO_Small_MtKenya_CBO	KEHYRO_Small_KTDA	KEHYRO_Small_KTDA_Kleen	KEHYRO_Tana	KEHYRO_Sangoro	KEHYRO_Sondu_Miriu	KEHYMI00	KEHYRO_Existing_Small	KESOPU00	KESOPB00	KESOPR00	KESOPS00	KEELBS00	KERIDM_Kamburu_Masinga	KERIDM_Turkwell	KERIDM_Kiambere	KEELST04	KEELPT04	KEELDT04_01	KEELDT04_02	KEELDT04_03	KEEXDT00	KERIDM_MASINGA	KERIDM_KAMBURU	KERIDM_Gitaru	KERIDM_Kindaruma	KERIDM_Karura	KERIDM_High_Grand	KEELDT04_04
2022	1989.940000	200.000000	100.000000	0.000000	176.130000	0.000000	0.000000	0.000000	0.000000	0.000000	0.000000	0.000000	0.000000	0.000000	0.000000	0.000000	0.000000	0.000000	0.000000	0.000000	0.000000	0.000000	0.000000	0.000000	0.000000	0.000000	0.000000	0.000000	0.000000	0.000000	0.000000	0.000000	0.000000	0.000000	0.000000	0.000000	0.000000	0.000000	0.000000	0.000000	0.000000	0.000000	0.000000	0.000000	0.000000	0.000000	0.000000	0.000000	0.000000	0.000000	0.000000	0.000000	0.000000	0.000000	0.000000	0.000000	0.000000	0.000000	0.000000	0.000000	0.000000	0.000000	0.000000	0.000000	0.000000	0.000000	0.000000	0.000000	0.000000	0.000000	0.000000	0.000000	0.000000	0.000000	0.000000	0.000000	0.000000	0.000000	0.000000	0.000000	0.000000	0.000000	0.000000	0.000000	0.000000	0.000000	0.000000	0.000000	0.000000	0.000000	0.000000	0.000000	0.000000	0.000000	0.000000	0.000000	0.000000	0.000000	0.000000	0.000000	0.000000	0.000000	0.000000	0.000000	0.000000	0.000000	0.000000	0.000000	0.000000	40.000000	0.000000	0.000000	0.000000	0.000000	0.000000	0.000000	0.000000	0.000000	0.000000	0.000000	0.000000	0.000000	0.000000	0.000000	0.000000	0.000000	0.000000	0.000000	0.000000	0.000000	0.000000	0.000000	0.000000	0.000000	0.000000	0.000000	0.000000	0.000000	0.000000	0.000000	0.000000	0.000000	0.000000	0.000000	0.000000	0.000000	0.000000	0.000000	0.000000	0.000000	0.000000	0.000000	0.000000	0.000000	0.000000	0.000000	0.000000	0.000000	0.000000	0.000000	0.000000	0.000000	0.000000	0.000000	83.000000	0.000000	0.000000	0.000000	0.000000	0.000000	0.000000	0.000000	0.000000	0.000000	0.000000	0.000000	0.000000	0.000000	0.000000	0.000000	0.000000	0.000000	0.000000	0.000000	0.000000	0.000000	0.000000	0.000000	0.000000	0.000000	0.000000	0.000000	0.000000	0.000000	0.000000	0.000000	0.000000	0.000000	0.000000	0.000000	0.000000	0.000000	0.000000	0.000000	0.000000	0.000000	0.000000	0.000000	0.000000	0.000000	0.000000	0.000000	0.000000	0.000000	0.000000	0.000000	0.000000	0.000000	0.000000	0.000000	0.000000	0.000000	0.000000	0.000000	0.000000	0.000000	0.000000	0.000000	0.000000	0.000000	0.000000	0.000000	0.000000	0.000000	0.000000	0.000000	0.000000	0.000000	0.000000	0.000000	0.000000	0.000000	0.000000	0.000000	0.000000	175.840000	214.500000	239.190000	0.000000	0.000000	0.000000	0.000000	0.000000	0.000000	61.250000	118.840000	214.320000	50.170000	70.560000	869.280000	0.000000
2023	2143.180000	200.000000	100.000000	0.000000	443.258000	0.000000	0.000000	0.000000	0.000000	0.000000	0.000000	0.000000	0.000000	0.000000	0.000000	0.000000	0.000000	0.000000	0.000000	0.000000	0.000000	0.000000	0.000000	0.000000	0.000000	0.000000	0.000000	0.000000	0.000000	0.000000	0.000000	0.000000	0.000000	0.000000	0.000000	0.000000	0.000000	0.000000	0.000000	0.000000	0.000000	0.000000	0.000000	0.000000	0.000000	0.000000	0.000000	0.000000	0.000000	0.000000	0.000000	0.000000	0.000000	0.000000	0.000000	0.000000	0.000000	0.000000	0.000000	0.000000	0.000000	0.000000	0.000000	0.000000	0.000000	0.000000	0.000000	0.000000	0.000000	0.000000	0.000000	0.000000	0.000000	0.000000	0.000000	0.000000	0.000000	0.000000	0.000000	0.000000	0.000000	0.000000	0.000000	0.000000	0.000000	0.000000	0.000000	0.000000	0.000000	0.000000	0.000000	0.000000	0.000000	0.000000	0.000000	0.000000	0.000000	0.000000	0.000000	0.000000	0.000000	0.000000	0.000000	40.000000	0.000000	0.000000	0.000000	0.000000	0.000000	40.000000	0.000000	0.000000	0.000000	0.000000	0.000000	0.000000	0.000000	0.000000	0.000000	0.000000	0.000000	0.000000	0.000000	0.000000	0.000000	0.000000	0.000000	0.000000	0.000000	0.000000	0.000000	0.000000	0.000000	0.000000	0.000000	0.000000	0.000000	0.000000	0.000000	0.000000	0.000000	0.000000	0.000000	0.000000	0.000000	0.000000	0.000000	0.000000	0.000000	0.000000	0.000000	0.000000	0.000000	0.000000	0.000000	0.000000	0.000000	0.000000	0.000000	0.000000	0.000000	0.000000	0.000000	0.000000	83.000000	35.000000	0.000000	0.000000	0.000000	0.000000	0.000000	0.000000	0.000000	0.000000	0.000000	0.000000	0.000000	0.000000	0.000000	0.000000	0.000000	0.000000	0.000000	0.000000	0.000000	0.000000	0.000000	0.000000	0.000000	0.000000	0.000000	0.000000	0.000000	0.000000	0.000000	0.000000	0.000000	0.000000	0.000000	0.000000	0.000000	0.000000	0.000000	0.000000	0.000000	0.000000	0.000000	0.000000	0.000000	0.000000	0.000000	0.000000	0.000000	0.000000	0.000000	0.000000	0.000000	0.000000	0.000000	0.000000	0.000000	0.000000	0.000000	0.000000	0.000000	0.000000	0.000000	0.000000	0.000000	0.000000	0.000000	0.000000	0.000000	0.000000	0.000000	0.000000	0.000000	0.000000	0.000000	0.000000	0.000000	0.000000	0.000000	0.000000	0.000000	175.840000	214.500000	239.190000	0.000000	0.000000	0.000000	0.000000	0.000000	0.000000	61.250000	118.840000	214.320000	50.170000	70.560000	869.280000	0.000000
2024	2222.631000	200.000000	100.000000	0.000000	790.050000	0.000000	0.000000	0.000000	0.000000	0.000000	0.000000	0.000000	0.000000	0.000000	0.000000	0.000000	0.000000	0.000000	0.000000	0.000000	0.000000	0.000000	0.000000	0.000000	0.000000	0.000000	0.000000	0.000000	0.000000	0.000000	0.000000	0.000000	0.000000	0.000000	0.000000	0.000000	0.000000	0.000000	0.000000	0.000000	0.000000	0.000000	0.000000	0.000000	0.000000	0.000000	0.000000	0.000000	0.000000	0.000000	0.000000	0.000000	0.000000	0.000000	0.000000	0.000000	0.000000	0.000000	0.000000	0.000000	0.000000	0.000000	0.000000	0.000000	0.000000	0.000000	0.000000	0.000000	0.000000	0.000000	0.000000	0.000000	0.000000	0.000000	0.000000	0.000000	0.000000	0.000000	0.000000	0.000000	0.000000	0.000000	0.000000	0.000000	0.000000	0.000000	0.000000	0.000000	0.000000	0.000000	0.000000	0.000000	0.000000	0.000000	0.000000	0.000000	0.000000	0.000000	0.000000	0.000000	0.000000	0.000000	0.000000	40.000000	0.000000	1.000000	0.000000	0.000000	0.000000	40.000000	0.000000	0.000000	0.000000	0.000000	0.000000	0.000000	0.000000	0.000000	0.000000	0.000000	0.000000	0.000000	0.000000	0.000000	0.000000	0.000000	0.000000	0.000000	0.000000	0.000000	0.000000	0.000000	0.000000	0.000000	0.000000	0.000000	0.000000	0.000000	0.000000	0.000000	0.000000	0.000000	0.000000	0.000000	0.000000	0.000000	0.000000	0.000000	0.000000	0.000000	0.000000	0.000000	0.000000	0.000000	0.000000	0.000000	0.000000	0.000000	0.000000	0.000000	0.000000	0.000000	0.000000	0.000000	83.000000	35.000000	0.000000	0.000000	0.000000	0.000000	0.000000	0.000000	0.000000	0.000000	0.000000	0.000000	0.000000	0.000000	0.000000	0.000000	0.000000	0.000000	0.000000	0.000000	0.000000	0.000000	0.000000	0.000000	0.000000	0.000000	0.000000	0.000000	1.000000	0.000000	0.000000	0.000000	0.000000	0.000000	0.000000	0.000000	0.000000	0.000000	0.000000	0.000000	0.000000	0.000000	0.000000	0.000000	0.000000	0.000000	0.000000	0.000000	0.000000	0.000000	0.000000	0.000000	0.000000	0.000000	0.000000	0.000000	0.000000	3.000000	0.000000	0.000000	0.000000	0.000000	0.000000	0.000000	0.000000	0.000000	0.000000	0.000000	0.000000	0.000000	0.000000	0.000000	0.000000	0.000000	0.000000	0.000000	0.000000	0.000000	0.000000	0.000000	0.000000	175.840000	214.500000	239.190000	0.000000	0.000000	0.000000	0.000000	0.000000	0.000000	61.250000	118.840000	214.320000	50.170000	70.560000	869.280000	0.000000
2025	2328.589000	200.000000	100.000000	0.000000	895.157000	0.000000	0.000000	0.000000	0.000000	0.000000	0.000000	0.000000	0.000000	0.000000	0.000000	0.000000	0.000000	0.000000	0.000000	0.000000	0.000000	0.000000	0.000000	0.000000	0.000000	0.000000	0.000000	0.000000	0.000000	0.000000	0.000000	0.000000	0.000000	0.000000	0.000000	0.000000	0.000000	0.000000	0.000000	0.000000	0.000000	0.000000	0.000000	0.000000	0.000000	0.000000	0.000000	0.000000	0.000000	0.000000	0.000000	0.000000	0.000000	0.000000	0.000000	0.000000	0.000000	0.000000	0.000000	0.000000	0.000000	0.000000	0.000000	0.000000	0.000000	0.000000	0.000000	0.000000	0.000000	0.000000	0.000000	0.000000	0.000000	0.000000	0.000000	0.000000	0.000000	0.000000	0.000000	0.000000	0.000000	0.000000	0.000000	0.000000	0.000000	0.000000	0.000000	0.000000	0.000000	0.000000	0.000000	0.000000	0.000000	0.000000	0.000000	0.000000	0.000000	0.000000	40.000000	0.000000	0.000000	0.000000	0.000000	40.000000	0.000000	1.000000	0.000000	0.000000	0.000000	40.000000	0.000000	0.000000	0.000000	0.000000	0.000000	0.000000	0.000000	0.000000	0.000000	0.000000	0.000000	0.000000	0.000000	0.000000	0.000000	0.000000	0.000000	0.000000	0.000000	0.000000	0.000000	0.000000	0.000000	0.000000	0.000000	0.000000	0.000000	0.000000	0.000000	0.000000	0.000000	0.000000	0.000000	0.000000	0.000000	0.000000	0.000000	0.000000	0.000000	0.000000	0.000000	0.000000	0.000000	0.000000	0.000000	0.000000	0.000000	0.000000	0.000000	0.000000	0.000000	20.000000	0.000000	35.000000	83.000000	35.000000	0.000000	0.000000	0.000000	0.000000	0.000000	0.000000	0.000000	0.000000	0.000000	0.000000	0.000000	0.000000	0.000000	0.000000	0.000000	0.000000	0.000000	0.000000	0.000000	0.000000	0.000000	0.000000	0.000000	0.000000	0.000000	0.000000	1.000000	0.000000	0.000000	0.000000	0.000000	0.000000	0.000000	0.000000	0.000000	0.000000	0.000000	0.000000	0.000000	0.000000	0.000000	0.000000	0.000000	0.000000	0.000000	0.000000	0.000000	0.000000	0.000000	0.000000	0.000000	0.000000	0.000000	0.000000	9.000000	3.000000	0.000000	0.000000	0.000000	0.000000	0.000000	0.000000	0.000000	0.000000	0.000000	0.000000	0.000000	0.000000	0.000000	0.000000	0.000000	0.000000	0.000000	0.000000	0.000000	0.000000	0.000000	0.000000	0.000000	175.840000	214.500000	239.190000	0.000000	0.000000	0.000000	0.000000	0.000000	0.000000	61.250000	118.840000	214.320000	50.170000	70.560000	869.280000	0.000000
2026	2452.773000	200.000000	100.000000	0.000000	912.362800	0.000000	0.000000	0.000000	0.000000	0.000000	0.000000	0.000000	0.000000	0.000000	0.000000	0.000000	0.000000	0.000000	0.000000	0.000000	0.000000	0.000000	0.000000	0.000000	0.000000	0.000000	0.000000	0.000000	0.000000	0.000000	0.000000	0.000000	0.000000	0.000000	0.000000	0.000000	0.000000	0.000000	0.000000	0.000000	0.000000	0.000000	0.000000	0.000000	0.000000	0.000000	0.000000	0.000000	0.000000	0.000000	0.000000	0.000000	0.000000	0.000000	0.000000	0.000000	0.000000	0.000000	0.000000	0.000000	0.000000	0.000000	0.000000	50.000000	0.000000	0.000000	0.000000	0.000000	0.000000	0.000000	50.000000	50.000000	0.000000	0.000000	0.000000	0.000000	0.000000	0.000000	0.000000	0.000000	0.000000	0.000000	0.000000	0.000000	0.000000	0.000000	0.000000	0.000000	0.000000	0.000000	0.000000	0.000000	0.000000	0.000000	0.000000	0.000000	0.000000	0.000000	40.000000	40.000000	0.000000	0.000000	0.000000	40.000000	0.000000	1.000000	0.000000	0.000000	0.000000	40.000000	0.000000	0.000000	0.000000	0.000000	0.000000	0.000000	0.000000	0.000000	0.000000	0.000000	0.000000	0.000000	0.000000	0.000000	0.000000	0.000000	0.000000	0.000000	0.000000	0.000000	0.000000	0.000000	0.000000	0.000000	0.000000	0.000000	0.000000	0.000000	0.000000	0.000000	0.000000	0.000000	0.000000	0.000000	0.000000	0.000000	0.000000	0.000000	0.000000	0.000000	0.000000	0.000000	0.000000	0.000000	0.000000	35.000000	58.000000	0.000000	0.000000	0.000000	0.000000	20.000000	20.000000	35.000000	83.000000	35.000000	0.000000	0.000000	0.000000	0.000000	0.000000	0.000000	0.000000	0.000000	0.000000	0.000000	0.000000	0.000000	0.000000	0.000000	0.000000	0.000000	0.000000	0.000000	0.000000	0.000000	0.000000	0.000000	0.000000	0.000000	0.000000	0.000000	1.000000	0.000000	0.000000	0.000000	0.000000	0.000000	0.000000	0.000000	0.000000	0.000000	0.000000	0.000000	0.000000	0.000000	0.000000	0.000000	0.000000	0.000000	0.000000	0.000000	0.000000	0.000000	0.000000	0.000000	0.000000	0.000000	0.000000	15.000000	9.000000	3.000000	0.000000	0.000000	0.000000	0.000000	0.000000	0.000000	0.000000	0.000000	0.000000	0.000000	0.000000	0.000000	0.000000	0.000000	0.000000	0.000000	0.000000	0.000000	0.000000	0.000000	0.000000	0.000000	0.000000	175.840000	214.500000	239.190000	0.000000	0.000000	0.000000	0.000000	0.000000	0.000000	61.250000	118.840000	214.320000	50.170000	70.560000	869.280000	0.000000
2027	2590.982000	200.000000	100.000000	0.000000	912.362800	0.000000	0.000000	0.000000	0.000000	0.000000	0.000000	0.000000	0.000000	0.000000	0.000000	0.000000	0.000000	0.000000	0.000000	0.000000	0.000000	0.000000	0.000000	0.000000	0.000000	0.000000	0.000000	0.000000	0.000000	0.000000	0.000000	0.000000	0.000000	0.000000	0.000000	0.000000	0.000000	0.000000	0.000000	0.000000	0.000000	0.000000	0.000000	0.000000	0.000000	0.000000	0.000000	0.000000	0.000000	0.000000	0.000000	0.000000	0.000000	0.000000	0.000000	0.000000	0.000000	0.000000	0.000000	0.000000	0.000000	0.000000	0.000000	50.000000	0.000000	0.000000	0.000000	0.000000	0.000000	0.000000	50.000000	50.000000	0.000000	0.000000	0.000000	0.000000	0.000000	0.000000	0.000000	0.000000	0.000000	0.000000	0.000000	0.000000	0.000000	0.000000	0.000000	0.000000	0.000000	0.000000	0.000000	0.000000	0.000000	0.000000	0.000000	0.000000	0.000000	40.000000	40.000000	40.000000	42.000000	0.000000	0.000000	40.000000	40.000000	1.000000	40.000000	0.000000	10.000000	40.000000	0.000000	0.000000	0.000000	0.000000	0.000000	0.000000	0.000000	0.000000	0.000000	0.000000	0.000000	0.000000	140.000000	80.000000	0.000000	0.000000	0.000000	0.000000	0.000000	0.000000	0.000000	0.000000	0.000000	0.000000	0.000000	100.000000	0.000000	0.000000	0.000000	0.000000	0.000000	0.000000	0.000000	0.000000	0.000000	0.000000	0.000000	0.000000	0.000000	0.000000	0.000000	0.000000	0.000000	0.000000	0.000000	35.000000	58.000000	0.000000	0.000000	0.000000	0.000000	20.000000	20.000000	35.000000	83.000000	35.000000	0.000000	0.000000	0.000000	0.000000	0.000000	0.000000	0.000000	0.000000	0.000000	0.000000	0.000000	0.000000	0.000000	0.000000	0.000000	0.000000	0.000000	0.000000	0.000000	0.000000	0.000000	20.000000	0.000000	0.000000	0.000000	10.000000	1.000000	0.000000	0.000000	0.000000	0.000000	0.000000	0.000000	0.000000	0.000000	0.000000	0.000000	0.000000	0.000000	0.000000	0.000000	0.000000	0.000000	0.000000	0.000000	0.000000	0.000000	0.000000	0.000000	0.000000	0.000000	0.000000	30.000000	15.000000	9.000000	3.000000	0.000000	0.000000	0.000000	0.000000	0.000000	0.000000	0.000000	0.000000	0.000000	0.000000	0.000000	0.000000	0.000000	0.000000	0.000000	0.000000	0.000000	0.000000	0.000000	0.000000	0.000000	0.000000	0.000000	175.840000	214.500000	239.190000	0.000000	0.000000	0.000000	0.000000	0.000000	0.000000	61.250000	118.840000	214.320000	50.170000	70.560000	869.280000	0.000000
2028	2741.838000	200.000000	100.000000	0.000000	1190.307800	0.000000	0.000000	0.000000	0.000000	0.000000	0.000000	0.000000	0.000000	0.000000	0.000000	0.000000	0.000000	0.000000	0.000000	0.000000	0.000000	0.000000	0.000000	0.000000	0.000000	0.000000	0.000000	0.000000	0.000000	0.000000	0.000000	0.000000	0.000000	0.000000	0.000000	0.000000	0.000000	0.000000	0.000000	0.000000	0.000000	0.000000	0.000000	0.000000	0.000000	0.000000	0.000000	0.000000	0.000000	0.000000	0.000000	0.000000	0.000000	0.000000	0.000000	0.000000	0.000000	0.000000	0.000000	0.000000	0.000000	0.000000	30.000000	50.000000	0.000000	0.000000	0.000000	0.000000	50.000000	100.000000	50.000000	50.000000	11.000000	0.000000	0.000000	0.000000	0.000000	0.000000	0.000000	0.000000	0.000000	0.000000	0.000000	0.000000	0.000000	0.000000	0.000000	0.000000	0.000000	0.000000	0.000000	0.000000	0.000000	0.000000	0.000000	0.000000	0.000000	40.000000	40.000000	40.000000	42.000000	0.000000	0.000000	40.000000	40.000000	1.000000	40.000000	0.000000	10.000000	40.000000	0.000000	0.000000	0.000000	0.000000	0.000000	0.000000	0.000000	0.000000	0.000000	0.000000	0.000000	0.000000	140.000000	80.000000	0.000000	0.000000	0.000000	0.000000	0.000000	0.000000	0.000000	0.000000	0.000000	0.000000	0.000000	100.000000	0.000000	0.000000	0.000000	0.000000	0.000000	0.000000	0.000000	0.000000	0.000000	0.000000	0.000000	0.000000	0.000000	0.000000	0.000000	0.000000	0.000000	0.000000	0.000000	35.000000	58.000000	0.000000	0.000000	0.000000	0.000000	20.000000	20.000000	35.000000	83.000000	35.000000	0.000000	0.000000	0.000000	0.000000	0.000000	0.000000	0.000000	0.000000	0.000000	0.000000	0.000000	0.000000	0.000000	0.000000	0.000000	0.000000	0.000000	0.000000	0.000000	0.000000	0.000000	20.000000	0.000000	0.000000	8.000000	10.000000	1.000000	0.000000	0.000000	0.000000	0.000000	0.000000	0.000000	0.000000	0.000000	0.000000	0.000000	0.000000	0.000000	0.000000	0.000000	0.000000	0.000000	0.000000	0.000000	0.000000	0.000000	0.000000	0.000000	0.000000	0.000000	28.000000	30.000000	15.000000	9.000000	3.000000	0.000000	0.000000	0.000000	0.000000	0.000000	0.000000	0.000000	0.000000	0.000000	0.000000	0.000000	0.000000	0.000000	0.000000	0.000000	0.000000	0.000000	0.000000	0.000000	0.000000	0.000000	0.000000	0.000000	175.840000	214.500000	239.190000	0.000000	0.000000	0.000000	0.000000	0.000000	0.000000	61.250000	118.840000	214.320000	50.170000	70.560000	869.280000	0.000000
2029	2956.936000	200.000000	100.000000	0.000000	1568.522800	0.000000	0.000000	0.000000	0.000000	0.000000	0.000000	0.000000	0.000000	0.000000	0.000000	0.000000	0.000000	0.000000	0.000000	0.000000	0.000000	0.000000	0.000000	0.000000	0.000000	0.000000	0.000000	0.000000	0.000000	0.000000	0.000000	0.000000	0.000000	0.000000	0.000000	0.000000	0.000000	0.000000	0.000000	0.000000	0.000000	0.000000	0.000000	0.000000	0.000000	0.000000	0.000000	0.000000	0.000000	0.000000	0.000000	0.000000	0.000000	0.000000	0.000000	0.000000	0.000000	0.000000	0.000000	0.000000	0.000000	0.000000	30.000000	50.000000	0.000000	0.000000	0.000000	0.000000	50.000000	100.000000	50.000000	50.000000	11.000000	0.000000	0.000000	0.000000	0.000000	0.000000	0.000000	0.000000	0.000000	0.000000	0.000000	0.000000	0.000000	0.000000	0.000000	0.000000	0.000000	0.000000	0.000000	0.000000	0.000000	0.000000	0.000000	0.000000	0.000000	40.000000	40.000000	40.000000	42.000000	0.000000	0.000000	40.000000	40.000000	1.000000	40.000000	0.000000	10.000000	40.000000	0.000000	0.000000	0.000000	0.000000	0.000000	0.000000	0.000000	0.000000	0.000000	0.000000	0.000000	0.000000	140.000000	80.000000	0.000000	0.000000	0.000000	0.000000	0.000000	0.000000	0.000000	0.000000	0.000000	0.000000	0.000000	100.000000	0.000000	0.000000	0.000000	0.000000	0.000000	0.000000	0.000000	0.000000	0.000000	0.000000	0.000000	0.000000	0.000000	0.000000	100.000000	0.000000	0.000000	0.000000	0.000000	35.000000	58.000000	0.000000	0.000000	0.000000	0.000000	20.000000	20.000000	35.000000	83.000000	35.000000	0.000000	0.000000	0.000000	0.000000	0.000000	0.000000	0.000000	0.000000	0.000000	0.000000	0.000000	0.000000	0.000000	0.000000	0.000000	0.000000	0.000000	0.000000	0.000000	0.000000	0.000000	20.000000	0.000000	0.000000	8.000000	10.000000	1.000000	0.000000	0.000000	0.000000	0.000000	0.000000	0.000000	0.000000	0.000000	0.000000	0.000000	0.000000	0.000000	0.000000	0.000000	0.000000	0.000000	0.000000	0.000000	0.000000	0.000000	0.000000	0.000000	0.000000	0.000000	28.000000	30.000000	15.000000	9.000000	3.000000	0.000000	0.000000	0.000000	0.000000	0.000000	0.000000	0.000000	0.000000	0.000000	0.000000	0.000000	0.000000	0.000000	0.000000	0.000000	0.000000	0.000000	0.000000	0.000000	0.000000	0.000000	0.000000	0.000000	175.840000	214.500000	239.190000	0.000000	0.000000	0.000000	0.000000	0.000000	0.000000	61.250000	118.840000	214.320000	50.170000	70.560000	869.280000	0.000000
2030	3212.813000	200.000000	100.000000	0.000000	2142.891800	0.000000	0.000000	0.000000	0.000000	0.000000	0.000000	0.000000	0.000000	0.000000	0.000000	0.000000	0.000000	0.000000	0.000000	0.000000	0.000000	0.000000	0.000000	0.000000	0.000000	0.000000	0.000000	0.000000	0.000000	0.000000	0.000000	0.000000	0.000000	0.000000	0.000000	0.000000	0.000000	0.000000	0.000000	0.000000	0.000000	0.000000	0.000000	0.000000	0.000000	0.000000	0.000000	0.000000	0.000000	0.000000	0.000000	0.000000	0.000000	0.000000	0.000000	0.000000	0.000000	0.000000	0.000000	0.000000	0.000000	0.000000	30.000000	50.000000	0.000000	0.000000	0.000000	0.000000	50.000000	100.000000	50.000000	50.000000	11.000000	0.000000	0.000000	0.000000	0.000000	0.000000	0.000000	0.000000	0.000000	0.000000	0.000000	0.000000	0.000000	0.000000	0.000000	0.000000	0.000000	0.000000	0.000000	0.000000	0.000000	0.000000	30.000000	0.000000	0.000000	40.000000	40.000000	40.000000	42.000000	0.000000	0.000000	40.000000	40.000000	1.000000	40.000000	30.000000	10.000000	40.000000	0.000000	0.000000	0.000000	0.000000	0.000000	0.000000	0.000000	0.000000	0.000000	0.000000	0.000000	0.000000	140.000000	80.000000	0.000000	0.000000	0.000000	0.000000	0.000000	0.000000	0.000000	0.000000	0.000000	0.000000	0.000000	100.000000	0.000000	0.000000	0.000000	0.000000	0.000000	0.000000	0.000000	0.000000	0.000000	0.000000	0.000000	0.000000	0.000000	0.000000	100.000000	72.880400	0.000000	0.000000	0.000000	35.000000	58.000000	0.000000	0.000000	0.000000	0.000000	20.000000	20.000000	35.000000	83.000000	35.000000	0.000000	0.000000	0.000000	0.000000	0.000000	0.000000	0.000000	0.000000	0.000000	0.000000	0.000000	0.000000	0.000000	0.000000	0.000000	0.000000	0.000000	0.000000	0.000000	0.000000	0.000000	20.000000	0.000000	10.000000	8.000000	10.000000	1.000000	0.000000	0.000000	0.000000	0.000000	0.000000	0.000000	0.000000	0.000000	0.000000	0.000000	0.000000	0.000000	0.000000	0.000000	0.000000	0.000000	0.000000	0.000000	0.000000	0.000000	0.000000	0.000000	0.000000	0.000000	28.000000	30.000000	15.000000	9.000000	3.000000	0.000000	0.000000	0.000000	0.000000	0.000000	0.000000	0.000000	0.000000	0.000000	0.000000	0.000000	0.000000	0.000000	0.000000	0.000000	0.000000	0.000000	0.000000	0.000000	0.000000	0.000000	0.000000	0.000000	175.840000	214.500000	239.190000	0.000000	0.000000	0.000000	0.000000	0.000000	4.141550	61.250000	118.840000	214.320000	50.170000	70.560000	869.280000	0.000000
2031	3514.195000	200.000000	100.000000	0.000000	2873.024800	0.000000	0.000000	0.000000	0.000000	0.000000	0.000000	0.000000	0.000000	0.000000	0.000000	0.000000	0.000000	0.000000	0.000000	0.000000	0.000000	0.000000	0.000000	0.000000	0.000000	0.000000	0.000000	0.000000	0.000000	0.000000	0.000000	0.000000	0.000000	0.000000	0.000000	0.000000	0.000000	0.000000	0.000000	0.000000	0.000000	0.000000	0.000000	0.000000	0.000000	0.000000	0.000000	0.000000	0.000000	0.000000	0.000000	0.000000	0.000000	0.000000	0.000000	0.000000	0.000000	0.000000	0.000000	0.000000	0.000000	80.000000	30.000000	50.000000	0.000000	0.000000	40.000000	0.000000	50.000000	100.000000	50.000000	50.000000	11.000000	0.000000	0.000000	0.000000	0.000000	0.000000	0.000000	0.000000	0.000000	0.000000	0.000000	0.000000	0.000000	0.000000	0.000000	0.000000	0.000000	0.000000	0.000000	0.000000	0.000000	0.000000	30.000000	0.000000	0.000000	40.000000	40.000000	40.000000	42.000000	0.000000	0.000000	40.000000	40.000000	1.000000	40.000000	30.000000	10.000000	40.000000	0.000000	0.000000	0.000000	0.000000	0.000000	0.000000	0.000000	0.000000	0.000000	0.000000	0.000000	0.000000	140.000000	80.000000	0.000000	0.000000	0.000000	0.000000	0.000000	0.000000	0.000000	0.000000	0.000000	0.000000	0.000000	100.000000	0.000000	0.000000	0.000000	0.000000	0.000000	0.000000	0.000000	0.000000	0.000000	0.000000	0.000000	0.000000	0.000000	0.000000	100.000000	100.000000	0.000000	0.000000	0.000000	35.000000	58.000000	0.000000	0.000000	0.000000	0.000000	20.000000	20.000000	35.000000	83.000000	35.000000	0.000000	0.000000	0.000000	0.000000	0.000000	0.000000	0.000000	0.000000	0.000000	0.000000	0.000000	0.000000	0.000000	0.000000	0.000000	0.000000	0.000000	0.000000	0.000000	0.000000	0.000000	20.000000	0.000000	10.000000	8.000000	10.000000	1.000000	0.000000	0.000000	0.000000	0.000000	0.000000	0.000000	0.000000	0.000000	0.000000	0.000000	0.000000	0.000000	0.000000	0.000000	0.000000	0.000000	0.000000	0.000000	0.000000	0.000000	0.000000	0.000000	0.000000	0.000000	28.000000	30.000000	15.000000	9.000000	3.000000	0.000000	0.000000	0.000000	0.000000	0.000000	0.000000	0.000000	0.000000	0.000000	0.000000	0.000000	0.000000	0.000000	0.000000	0.000000	0.000000	0.000000	0.000000	0.000000	0.000000	0.000000	0.000000	0.000000	175.840000	214.500000	239.190000	377.338000	377.338000	0.000000	0.000000	0.000000	4.141550	61.250000	118.840000	214.320000	50.170000	70.560000	869.280000	0.000000
2032	3814.365000	200.000000	100.000000	0.000000	2873.024800	0.000000	0.000000	0.000000	0.000000	0.000000	0.000000	0.000000	0.000000	0.000000	0.000000	0.000000	0.000000	0.000000	0.000000	0.000000	0.000000	0.000000	0.000000	0.000000	0.000000	0.000000	0.000000	0.000000	0.000000	0.000000	0.000000	0.000000	0.000000	0.000000	0.000000	0.000000	0.000000	0.000000	0.000000	0.000000	0.000000	0.000000	0.000000	0.000000	0.000000	0.000000	0.000000	0.000000	0.000000	0.000000	0.000000	0.000000	0.000000	0.000000	0.000000	0.000000	0.000000	0.000000	0.000000	0.000000	0.000000	80.000000	30.000000	50.000000	0.000000	0.000000	40.000000	0.000000	50.000000	100.000000	50.000000	50.000000	11.000000	0.000000	0.000000	0.000000	0.000000	0.000000	0.000000	0.000000	0.000000	0.000000	0.000000	0.000000	0.000000	0.000000	0.000000	0.000000	0.000000	0.000000	0.000000	0.000000	0.000000	0.000000	30.000000	0.000000	0.000000	40.000000	40.000000	40.000000	42.000000	0.000000	0.000000	40.000000	40.000000	1.000000	40.000000	30.000000	10.000000	40.000000	0.000000	0.000000	0.000000	0.000000	0.000000	0.000000	0.000000	0.000000	0.000000	0.000000	0.000000	0.000000	140.000000	80.000000	0.000000	0.000000	0.000000	0.000000	0.000000	0.000000	0.000000	0.000000	0.000000	0.000000	0.000000	100.000000	0.000000	0.000000	0.000000	0.000000	0.000000	0.000000	0.000000	0.000000	0.000000	0.000000	0.000000	0.000000	0.000000	0.000000	100.000000	100.000000	0.000000	0.000000	357.147000	35.000000	58.000000	0.000000	0.000000	0.000000	0.000000	20.000000	20.000000	35.000000	83.000000	35.000000	0.000000	0.000000	0.000000	0.000000	0.000000	0.000000	0.000000	0.000000	0.000000	0.000000	0.000000	0.000000	0.000000	0.000000	0.000000	0.000000	0.000000	0.000000	0.000000	8.400000	2.400000	20.000000	0.000000	10.000000	8.000000	10.000000	1.000000	0.000000	0.000000	0.000000	0.000000	0.000000	0.000000	0.000000	0.000000	0.000000	0.000000	0.000000	0.000000	0.000000	0.000000	0.000000	0.000000	0.000000	0.000000	0.000000	0.000000	0.000000	0.000000	0.000000	0.000000	28.000000	30.000000	15.000000	9.000000	3.000000	0.000000	0.000000	0.000000	0.000000	0.000000	0.000000	0.000000	0.000000	0.000000	0.000000	0.000000	0.000000	0.000000	0.000000	0.000000	0.000000	0.000000	0.000000	0.000000	0.000000	0.000000	0.000000	0.000000	175.840000	214.500000	239.190000	377.338000	377.338000	0.000000	0.000000	0.000000	4.141550	61.250000	118.840000	214.320000	50.170000	70.560000	869.280000	0.000000
2033	4084.667000	200.000000	100.000000	0.000000	2884.846600	0.000000	0.000000	0.000000	0.000000	0.000000	0.000000	0.000000	0.000000	0.000000	0.000000	0.000000	0.000000	0.000000	0.000000	0.000000	0.000000	0.000000	0.000000	0.000000	0.000000	0.000000	0.000000	0.000000	0.000000	0.000000	0.000000	0.000000	0.000000	0.000000	0.000000	0.000000	0.000000	0.000000	0.000000	0.000000	0.000000	0.000000	0.000000	0.000000	0.000000	0.000000	0.000000	0.000000	0.000000	0.000000	0.000000	0.000000	0.000000	0.000000	0.000000	0.000000	0.000000	0.000000	0.000000	0.000000	0.000000	80.000000	30.000000	50.000000	0.000000	0.000000	40.000000	0.000000	50.000000	100.000000	50.000000	50.000000	11.000000	0.000000	0.000000	0.000000	0.000000	0.000000	0.000000	0.000000	0.000000	0.000000	0.000000	0.000000	0.000000	0.000000	0.000000	0.000000	0.000000	0.000000	0.000000	0.000000	0.000000	0.000000	30.000000	0.000000	0.000000	40.000000	40.000000	40.000000	42.000000	0.000000	0.000000	40.000000	40.000000	1.000000	40.000000	30.000000	10.000000	40.000000	0.000000	0.000000	0.000000	0.000000	0.000000	0.000000	0.000000	0.000000	0.000000	0.000000	0.000000	0.000000	140.000000	80.000000	0.000000	0.000000	0.000000	0.000000	0.000000	0.000000	0.000000	0.000000	0.000000	0.000000	0.000000	100.000000	0.000000	0.000000	0.000000	0.000000	0.000000	0.000000	0.000000	0.000000	0.000000	0.000000	0.000000	0.000000	0.000000	0.000000	100.000000	100.000000	0.000000	0.000000	607.808000	35.000000	58.000000	0.000000	0.000000	0.000000	0.000000	20.000000	20.000000	35.000000	83.000000	35.000000	0.000000	0.000000	0.000000	0.000000	0.000000	0.000000	0.000000	0.000000	0.000000	0.000000	0.000000	0.000000	0.000000	0.000000	0.000000	0.000000	0.000000	0.000000	3.000000	8.400000	2.400000	20.000000	0.000000	10.000000	8.000000	10.000000	1.000000	0.000000	0.000000	0.000000	0.000000	0.000000	0.000000	0.000000	0.000000	0.000000	0.000000	0.000000	0.000000	0.000000	0.000000	0.000000	0.000000	0.000000	0.000000	0.000000	0.000000	0.000000	0.000000	0.000000	0.000000	28.000000	30.000000	15.000000	9.000000	3.000000	0.000000	0.000000	0.000000	0.000000	0.000000	0.000000	0.000000	0.000000	0.000000	0.000000	0.000000	0.000000	0.000000	0.000000	0.000000	0.000000	0.000000	0.000000	0.000000	0.000000	0.000000	0.000000	0.000000	175.840000	214.500000	239.190000	377.338000	377.338000	0.000000	0.000000	0.000000	73.326650	61.250000	118.840000	214.320000	50.170000	70.560000	869.280000	0.000000
2034	4372.052000	200.000000	100.000000	0.000000	2956.867000	0.000000	0.000000	0.000000	0.000000	0.000000	0.000000	0.000000	0.000000	0.000000	0.000000	0.000000	0.000000	0.000000	0.000000	0.000000	0.000000	0.000000	0.000000	0.000000	0.000000	0.000000	0.000000	0.000000	0.000000	0.000000	0.000000	0.000000	0.000000	0.000000	0.000000	0.000000	0.000000	0.000000	0.000000	0.000000	0.000000	0.000000	0.000000	0.000000	0.000000	0.000000	0.000000	0.000000	0.000000	0.000000	0.000000	0.000000	0.000000	0.000000	0.000000	0.000000	0.000000	0.000000	0.000000	0.000000	100.000000	80.000000	30.000000	50.000000	0.000000	0.000000	40.000000	0.000000	50.000000	100.000000	50.000000	50.000000	11.000000	0.000000	0.000000	0.000000	0.000000	0.000000	0.000000	0.000000	0.000000	0.000000	0.000000	0.000000	0.000000	0.000000	0.000000	0.000000	0.000000	0.000000	0.000000	0.000000	0.000000	0.000000	30.000000	0.000000	0.000000	40.000000	40.000000	40.000000	42.000000	0.000000	0.000000	40.000000	40.000000	1.000000	40.000000	30.000000	10.000000	40.000000	0.000000	0.000000	0.000000	0.000000	0.000000	0.000000	0.000000	0.000000	0.000000	0.000000	0.000000	0.000000	140.000000	80.000000	0.000000	0.000000	0.000000	0.000000	0.000000	0.000000	0.000000	0.000000	0.000000	0.000000	0.000000	100.000000	0.000000	0.000000	0.000000	0.000000	0.000000	0.000000	0.000000	0.000000	0.000000	0.000000	0.000000	0.000000	0.000000	0.000000	100.000000	100.000000	0.000000	0.000000	1048.921000	35.000000	58.000000	0.000000	0.000000	0.000000	0.000000	20.000000	20.000000	35.000000	83.000000	35.000000	0.000000	0.000000	0.000000	0.000000	0.000000	0.000000	0.000000	0.000000	0.000000	0.000000	0.000000	0.000000	0.000000	0.000000	0.000000	0.000000	0.300000	6.000000	3.000000	8.400000	2.400000	20.000000	0.000000	10.000000	8.000000	10.000000	1.000000	0.000000	0.000000	0.000000	0.000000	0.000000	0.000000	0.000000	0.000000	0.000000	0.000000	0.000000	0.000000	0.000000	0.000000	0.000000	0.000000	0.000000	0.000000	0.000000	0.000000	0.000000	0.000000	0.000000	0.000000	28.000000	30.000000	15.000000	9.000000	3.000000	0.000000	0.000000	0.000000	0.000000	0.000000	0.000000	0.000000	0.000000	0.000000	0.000000	0.000000	0.000000	0.000000	0.000000	0.000000	0.000000	0.000000	0.000000	0.000000	0.000000	0.000000	0.000000	0.000000	175.840000	214.500000	239.190000	377.338000	377.338000	0.000000	0.000000	0.000000	139.103450	61.250000	118.840000	214.320000	50.170000	70.560000	869.280000	0.000000
2035	4673.283000	200.000000	100.000000	0.000000	3252.891000	0.000000	0.000000	0.000000	0.000000	0.000000	0.000000	0.000000	0.000000	0.000000	0.000000	0.000000	0.000000	0.000000	0.000000	0.000000	0.000000	0.000000	0.000000	0.000000	0.000000	0.000000	0.000000	0.000000	0.000000	0.000000	0.000000	0.000000	0.000000	0.000000	0.000000	0.000000	0.000000	0.000000	0.000000	0.000000	0.000000	0.000000	0.000000	0.000000	0.000000	0.000000	0.000000	0.000000	0.000000	0.000000	0.000000	0.000000	0.000000	0.000000	0.000000	0.000000	0.000000	0.000000	200.000000	0.000000	100.000000	80.000000	30.000000	50.000000	0.000000	0.000000	40.000000	0.000000	50.000000	100.000000	50.000000	50.000000	11.000000	0.000000	0.000000	0.000000	0.000000	0.000000	0.000000	0.000000	0.000000	0.000000	0.000000	0.000000	0.000000	0.000000	0.000000	0.000000	0.000000	0.000000	0.000000	0.000000	0.000000	0.000000	30.000000	0.000000	0.000000	40.000000	40.000000	40.000000	42.000000	0.000000	0.000000	40.000000	40.000000	1.000000	40.000000	30.000000	10.000000	40.000000	0.000000	0.000000	0.000000	0.000000	0.000000	0.000000	0.000000	0.000000	0.000000	0.000000	0.000000	0.000000	140.000000	80.000000	0.000000	0.000000	0.000000	0.000000	0.000000	0.000000	0.000000	0.000000	0.000000	0.000000	0.000000	100.000000	0.000000	0.000000	0.000000	0.000000	0.000000	0.000000	0.000000	0.000000	0.000000	0.000000	0.000000	0.000000	0.000000	0.000000	100.000000	100.000000	60.000000	0.000000	1255.263000	35.000000	58.000000	0.000000	0.000000	0.000000	0.000000	20.000000	20.000000	35.000000	83.000000	35.000000	0.000000	0.000000	0.000000	0.000000	0.000000	0.000000	0.000000	0.000000	0.000000	0.000000	0.000000	0.000000	0.000000	0.000000	0.000000	0.000000	0.300000	6.000000	3.000000	8.400000	2.400000	20.000000	0.000000	10.000000	8.000000	10.000000	1.000000	0.000000	0.000000	0.000000	0.000000	0.000000	0.000000	0.000000	0.000000	0.000000	0.000000	0.000000	0.000000	0.000000	0.000000	0.000000	0.000000	0.000000	0.000000	0.000000	0.000000	0.000000	0.000000	0.000000	0.000000	28.000000	30.000000	15.000000	9.000000	3.000000	0.000000	0.000000	0.000000	0.000000	0.000000	0.000000	0.000000	0.000000	0.000000	0.000000	0.000000	0.000000	0.000000	0.000000	0.000000	0.000000	0.000000	0.000000	0.000000	0.000000	0.000000	0.000000	0.000000	175.840000	214.500000	239.190000	377.338000	377.338000	0.000000	0.000000	0.000000	139.103450	61.250000	118.840000	214.320000	50.170000	70.560000	869.280000	0.000000
2036	4967.239000	200.000000	100.000000	0.000000	3260.559430	0.000000	0.000000	0.000000	0.000000	0.000000	0.000000	0.000000	0.000000	0.000000	0.000000	0.000000	0.000000	0.000000	0.000000	0.000000	0.000000	0.000000	0.000000	0.000000	0.000000	0.000000	0.000000	0.000000	0.000000	0.000000	0.000000	0.000000	0.000000	0.000000	0.000000	0.000000	0.000000	0.000000	0.000000	0.000000	0.000000	0.000000	0.000000	0.000000	0.000000	0.000000	0.000000	0.000000	0.000000	0.000000	0.000000	0.000000	0.000000	0.000000	0.000000	0.000000	0.000000	0.000000	200.000000	0.000000	100.000000	80.000000	30.000000	50.000000	0.000000	0.000000	40.000000	0.000000	50.000000	100.000000	50.000000	50.000000	11.000000	0.000000	0.000000	0.000000	0.000000	0.000000	0.000000	0.000000	0.000000	0.000000	0.000000	0.000000	0.000000	0.000000	0.000000	0.000000	0.000000	0.000000	0.000000	0.000000	0.000000	0.000000	30.000000	0.000000	0.000000	40.000000	40.000000	40.000000	42.000000	0.000000	0.000000	40.000000	40.000000	1.000000	40.000000	30.000000	10.000000	40.000000	0.000000	0.000000	0.000000	0.000000	0.000000	0.000000	0.000000	0.000000	0.000000	0.000000	0.000000	0.000000	140.000000	80.000000	0.000000	0.000000	0.000000	0.000000	0.000000	0.000000	0.000000	0.000000	0.000000	0.000000	0.000000	100.000000	0.000000	0.000000	0.000000	0.000000	0.000000	0.000000	0.000000	0.000000	0.000000	0.000000	0.000000	0.000000	0.000000	0.000000	100.000000	100.000000	60.000000	0.000000	1434.781000	35.000000	58.000000	0.000000	0.000000	140.000000	0.000000	20.000000	20.000000	35.000000	83.000000	35.000000	0.000000	0.000000	0.000000	0.000000	0.000000	0.000000	0.000000	0.000000	0.000000	0.000000	0.000000	0.000000	0.000000	0.000000	0.000000	0.000000	0.300000	6.000000	3.000000	8.400000	2.400000	20.000000	0.000000	10.000000	8.000000	10.000000	1.000000	0.000000	0.000000	0.000000	0.000000	0.000000	0.000000	0.000000	0.000000	0.000000	0.000000	0.000000	0.000000	0.000000	0.000000	0.000000	0.000000	0.000000	0.000000	0.000000	0.000000	0.000000	0.000000	0.000000	0.000000	28.000000	30.000000	15.000000	9.000000	3.000000	0.000000	0.000000	0.000000	0.000000	0.000000	0.000000	0.000000	0.000000	0.000000	0.000000	0.000000	0.000000	0.000000	0.000000	0.000000	0.000000	0.000000	0.000000	0.000000	0.000000	0.000000	0.000000	0.000000	175.840000	214.500000	239.190000	377.338000	377.338000	0.000000	0.000000	0.000000	139.103450	61.250000	118.840000	214.320000	50.170000	70.560000	869.280000	0.000000
2037	5296.698000	200.000000	100.000000	0.000000	3393.376430	0.000000	0.000000	0.000000	0.000000	0.000000	0.000000	0.000000	0.000000	0.000000	0.000000	0.000000	0.000000	0.000000	0.000000	0.000000	0.000000	0.000000	0.000000	0.000000	0.000000	0.000000	0.000000	0.000000	0.000000	0.000000	0.000000	0.000000	0.000000	0.000000	0.000000	0.000000	0.000000	0.000000	0.000000	0.000000	0.000000	0.000000	0.000000	0.000000	0.000000	0.000000	0.000000	0.000000	0.000000	0.000000	0.000000	0.000000	0.000000	0.000000	0.000000	0.000000	0.000000	0.000000	200.000000	220.000000	100.000000	80.000000	30.000000	50.000000	0.000000	0.000000	40.000000	0.000000	50.000000	100.000000	50.000000	50.000000	11.000000	0.000000	0.000000	0.000000	0.000000	0.000000	0.000000	0.000000	0.000000	0.000000	0.000000	0.000000	0.000000	0.000000	0.000000	0.000000	0.000000	0.000000	0.000000	0.000000	0.000000	0.000000	30.000000	0.000000	0.000000	40.000000	40.000000	40.000000	42.000000	0.000000	0.000000	40.000000	40.000000	1.000000	40.000000	30.000000	10.000000	40.000000	0.000000	0.000000	0.000000	0.000000	0.000000	0.000000	0.000000	0.000000	0.000000	0.000000	0.000000	0.000000	140.000000	80.000000	0.000000	0.000000	0.000000	0.000000	0.000000	0.000000	0.000000	0.000000	0.000000	0.000000	0.000000	100.000000	0.000000	0.000000	0.000000	0.000000	0.000000	0.000000	0.000000	0.000000	0.000000	0.000000	0.000000	0.000000	0.000000	0.000000	100.000000	100.000000	60.000000	0.000000	1732.878000	35.000000	58.000000	0.000000	0.000000	140.000000	0.000000	20.000000	20.000000	35.000000	83.000000	35.000000	0.000000	0.000000	0.000000	0.000000	0.000000	0.000000	0.000000	0.000000	0.000000	0.000000	0.000000	0.000000	0.000000	0.000000	0.000000	0.000000	0.300000	6.000000	3.000000	8.400000	2.400000	20.000000	0.000000	10.000000	8.000000	10.000000	1.000000	0.000000	0.000000	0.000000	0.000000	0.000000	0.000000	0.000000	0.000000	0.000000	0.000000	0.000000	0.000000	0.000000	0.000000	0.000000	0.000000	0.000000	0.000000	0.000000	0.000000	0.000000	0.000000	0.000000	0.000000	28.000000	30.000000	15.000000	9.000000	3.000000	0.000000	0.000000	0.000000	0.000000	0.000000	0.000000	0.000000	0.000000	0.000000	0.000000	0.000000	0.000000	0.000000	0.000000	0.000000	0.000000	0.000000	0.000000	0.000000	0.000000	0.000000	0.000000	0.000000	175.840000	214.500000	239.190000	377.338000	377.338000	0.000000	0.000000	0.000000	208.288550	61.250000	118.840000	214.320000	50.170000	70.560000	869.280000	0.000000
2038	5637.757000	200.000000	100.000000	0.000000	3393.376430	0.000000	0.000000	0.000000	0.000000	0.000000	0.000000	0.000000	0.000000	0.000000	0.000000	0.000000	0.000000	0.000000	0.000000	0.000000	0.000000	0.000000	0.000000	0.000000	0.000000	0.000000	0.000000	0.000000	0.000000	0.000000	0.000000	0.000000	0.000000	0.000000	0.000000	0.000000	0.000000	0.000000	0.000000	0.000000	0.000000	0.000000	0.000000	0.000000	0.000000	0.000000	0.000000	0.000000	0.000000	0.000000	0.000000	0.000000	0.000000	0.000000	0.000000	0.000000	0.000000	0.000000	200.000000	220.000000	100.000000	80.000000	30.000000	50.000000	0.000000	0.000000	40.000000	0.000000	50.000000	100.000000	50.000000	50.000000	11.000000	0.000000	0.000000	0.000000	0.000000	0.000000	0.000000	0.000000	0.000000	0.000000	0.000000	0.000000	0.000000	0.000000	0.000000	0.000000	0.000000	0.000000	0.000000	0.000000	0.000000	0.000000	30.000000	0.000000	0.000000	40.000000	40.000000	40.000000	42.000000	0.000000	0.000000	40.000000	40.000000	1.000000	40.000000	30.000000	10.000000	40.000000	0.000000	0.000000	0.000000	0.000000	0.000000	0.000000	0.000000	0.000000	0.000000	0.000000	0.000000	0.000000	140.000000	80.000000	0.000000	0.000000	0.000000	0.000000	0.000000	0.000000	0.000000	0.000000	0.000000	0.000000	0.000000	100.000000	0.000000	0.000000	0.000000	0.000000	0.000000	0.000000	0.000000	0.000000	0.000000	0.000000	0.000000	0.000000	0.000000	0.000000	100.000000	100.000000	60.000000	0.000000	2421.844000	35.000000	58.000000	0.000000	0.000000	140.000000	0.000000	20.000000	20.000000	35.000000	83.000000	35.000000	0.000000	0.000000	0.000000	0.000000	0.000000	0.000000	0.000000	0.000000	0.000000	0.000000	0.000000	0.000000	0.000000	0.000000	0.000000	0.000000	0.300000	6.000000	3.000000	8.400000	2.400000	20.000000	0.000000	10.000000	8.000000	10.000000	1.000000	0.000000	0.000000	0.000000	0.000000	0.000000	0.000000	0.000000	0.000000	0.000000	0.000000	0.000000	0.000000	0.000000	0.000000	0.000000	0.000000	0.000000	0.000000	0.000000	0.000000	0.000000	0.000000	0.000000	0.000000	28.000000	30.000000	15.000000	9.000000	3.000000	0.000000	0.000000	0.000000	0.000000	0.000000	0.000000	0.000000	0.000000	0.000000	0.000000	0.000000	0.000000	0.000000	0.000000	0.000000	0.000000	0.000000	0.000000	0.000000	0.000000	0.000000	0.000000	0.000000	175.840000	214.500000	239.190000	435.318500	435.318500	0.000000	0.000000	0.000000	277.473650	61.250000	118.840000	214.320000	50.170000	70.560000	869.280000	0.000000
2039	5997.649000	200.000000	100.000000	0.000000	3607.136430	0.000000	0.000000	0.000000	0.000000	0.000000	0.000000	0.000000	0.000000	0.000000	0.000000	0.000000	0.000000	0.000000	0.000000	0.000000	0.000000	0.000000	0.000000	0.000000	0.000000	0.000000	0.000000	0.000000	0.000000	0.000000	0.000000	0.000000	0.000000	0.000000	0.000000	0.000000	0.000000	0.000000	0.000000	0.000000	0.000000	0.000000	0.000000	0.000000	0.000000	0.000000	0.000000	0.000000	0.000000	0.000000	0.000000	0.000000	0.000000	0.000000	0.000000	0.000000	0.000000	0.000000	200.000000	220.000000	100.000000	80.000000	30.000000	50.000000	0.000000	0.000000	40.000000	0.000000	50.000000	100.000000	50.000000	50.000000	11.000000	0.000000	0.000000	0.000000	0.000000	0.000000	0.000000	0.000000	0.000000	0.000000	0.000000	0.000000	0.000000	0.000000	0.000000	0.000000	0.000000	0.000000	0.000000	0.000000	0.000000	912.936000	30.000000	0.000000	0.000000	40.000000	40.000000	40.000000	42.000000	0.000000	0.000000	40.000000	40.000000	1.000000	40.000000	30.000000	10.000000	40.000000	0.000000	0.000000	0.000000	0.000000	0.000000	0.000000	0.000000	0.000000	0.000000	0.000000	0.000000	0.000000	140.000000	80.000000	0.000000	0.000000	0.000000	0.000000	0.000000	0.000000	0.000000	0.000000	0.000000	0.000000	0.000000	100.000000	0.000000	0.000000	0.000000	0.000000	0.000000	0.000000	0.000000	0.000000	0.000000	0.000000	0.000000	0.000000	0.000000	0.000000	100.000000	100.000000	60.000000	0.000000	2721.408000	35.000000	58.000000	0.000000	140.000000	140.000000	0.000000	20.000000	20.000000	35.000000	83.000000	35.000000	0.000000	0.000000	0.000000	0.000000	0.000000	0.000000	0.000000	0.000000	0.000000	0.000000	0.000000	0.000000	0.000000	0.000000	0.000000	0.000000	0.300000	6.000000	3.000000	8.400000	2.400000	20.000000	0.000000	10.000000	8.000000	10.000000	1.000000	0.000000	0.000000	0.000000	0.000000	0.000000	0.000000	0.000000	0.000000	0.000000	0.000000	0.000000	0.000000	0.000000	0.000000	0.000000	0.000000	0.000000	0.000000	0.000000	0.000000	0.000000	0.000000	0.000000	0.000000	28.000000	30.000000	15.000000	9.000000	3.000000	0.000000	0.000000	0.000000	0.000000	0.000000	0.000000	0.000000	0.000000	0.000000	0.000000	0.000000	0.000000	0.000000	0.000000	0.000000	0.000000	0.000000	0.000000	0.000000	0.000000	0.000000	0.000000	0.000000	175.840000	214.500000	239.190000	703.083500	703.083500	0.000000	0.000000	0.000000	297.473650	61.250000	118.840000	214.320000	50.170000	70.560000	869.280000	0.000000
2040	6377.490000	200.000000	100.000000	0.000000	4291.982430	0.000000	0.000000	0.000000	0.000000	0.000000	0.000000	0.000000	0.000000	0.000000	0.000000	0.000000	0.000000	0.000000	0.000000	0.000000	0.000000	0.000000	0.000000	0.000000	0.000000	0.000000	0.000000	0.000000	0.000000	0.000000	0.000000	0.000000	0.000000	0.000000	0.000000	0.000000	0.000000	0.000000	0.000000	0.000000	0.000000	0.000000	0.000000	0.000000	0.000000	0.000000	0.000000	0.000000	0.000000	0.000000	0.000000	0.000000	0.000000	0.000000	0.000000	0.000000	0.000000	0.000000	200.000000	220.000000	100.000000	80.000000	30.000000	50.000000	0.000000	0.000000	40.000000	0.000000	50.000000	100.000000	50.000000	50.000000	11.000000	0.000000	0.000000	0.000000	0.000000	0.000000	0.000000	0.000000	0.000000	0.000000	0.000000	0.000000	0.000000	0.000000	0.000000	0.000000	0.000000	0.000000	0.000000	0.000000	0.000000	2462.896000	30.000000	0.000000	0.000000	40.000000	40.000000	40.000000	42.000000	0.000000	0.000000	40.000000	40.000000	1.000000	40.000000	30.000000	10.000000	40.000000	0.000000	0.000000	0.000000	0.000000	0.000000	0.000000	0.000000	0.000000	0.000000	0.000000	0.000000	0.000000	140.000000	80.000000	0.000000	0.000000	0.000000	0.000000	0.000000	0.000000	0.000000	0.000000	0.000000	0.000000	0.000000	100.000000	0.000000	0.000000	0.000000	0.000000	0.000000	0.000000	0.000000	0.000000	0.000000	0.000000	0.000000	0.000000	0.000000	0.000000	100.000000	100.000000	60.000000	0.000000	2721.408000	35.000000	58.000000	0.000000	140.000000	140.000000	0.000000	20.000000	20.000000	35.000000	83.000000	35.000000	0.000000	0.000000	0.000000	0.000000	0.000000	0.000000	0.000000	0.000000	0.000000	0.000000	0.000000	0.000000	0.000000	0.000000	0.000000	0.000000	0.300000	6.000000	3.000000	8.400000	2.400000	20.000000	0.000000	10.000000	8.000000	10.000000	1.000000	0.000000	0.000000	0.000000	0.000000	0.000000	0.000000	0.000000	0.000000	0.000000	0.000000	0.000000	0.000000	0.000000	0.000000	0.000000	0.000000	0.000000	0.000000	0.000000	0.000000	0.000000	0.000000	0.000000	0.000000	28.000000	30.000000	15.000000	9.000000	3.000000	0.000000	0.000000	0.000000	0.000000	0.000000	0.000000	0.000000	0.000000	0.000000	0.000000	0.000000	0.000000	0.000000	0.000000	0.000000	0.000000	0.000000	0.000000	0.000000	0.000000	0.000000	0.000000	0.000000	175.840000	214.500000	239.190000	1106.292500	1106.292500	0.000000	0.000000	0.000000	308.815750	61.250000	118.840000	214.320000	50.170000	70.560000	869.280000	0.000000
2041	6377.490000	200.000000	100.000000	0.000000	4322.508230	0.000000	0.000000	0.000000	0.000000	0.000000	0.000000	0.000000	0.000000	0.000000	0.000000	0.000000	0.000000	0.000000	0.000000	0.000000	0.000000	0.000000	0.000000	0.000000	0.000000	0.000000	0.000000	0.000000	0.000000	0.000000	0.000000	0.000000	0.000000	0.000000	0.000000	0.000000	0.000000	0.000000	0.000000	0.000000	0.000000	0.000000	0.000000	0.000000	0.000000	0.000000	0.000000	0.000000	0.000000	0.000000	0.000000	0.000000	0.000000	0.000000	0.000000	0.000000	0.000000	0.000000	200.000000	220.000000	100.000000	80.000000	30.000000	50.000000	0.000000	0.000000	40.000000	0.000000	50.000000	100.000000	50.000000	50.000000	11.000000	0.000000	0.000000	0.000000	0.000000	0.000000	0.000000	0.000000	0.000000	0.000000	0.000000	0.000000	0.000000	0.000000	0.000000	0.000000	0.000000	0.000000	0.000000	0.000000	0.000000	2790.934000	30.000000	0.000000	0.000000	40.000000	40.000000	40.000000	42.000000	0.000000	0.000000	40.000000	40.000000	1.000000	40.000000	30.000000	10.000000	40.000000	0.000000	0.000000	0.000000	0.000000	0.000000	0.000000	0.000000	0.000000	0.000000	0.000000	0.000000	0.000000	140.000000	80.000000	0.000000	0.000000	0.000000	0.000000	0.000000	0.000000	0.000000	0.000000	0.000000	0.000000	0.000000	100.000000	0.000000	0.000000	0.000000	0.000000	0.000000	0.000000	0.000000	0.000000	0.000000	0.000000	0.000000	0.000000	0.000000	0.000000	100.000000	100.000000	60.000000	0.000000	2807.623700	35.000000	58.000000	0.000000	140.000000	140.000000	0.000000	20.000000	20.000000	35.000000	83.000000	35.000000	0.000000	0.000000	0.000000	0.000000	0.000000	0.000000	0.000000	0.000000	0.000000	0.000000	0.000000	0.000000	0.000000	0.000000	0.000000	0.000000	0.300000	6.000000	3.000000	8.400000	2.400000	20.000000	0.000000	10.000000	8.000000	10.000000	1.000000	0.000000	0.000000	0.000000	0.000000	0.000000	0.000000	0.000000	0.000000	0.000000	0.000000	0.000000	0.000000	0.000000	0.000000	0.000000	0.000000	0.000000	0.000000	0.000000	0.000000	0.000000	0.000000	0.000000	0.000000	28.000000	30.000000	15.000000	9.000000	3.000000	0.000000	0.000000	0.000000	0.000000	0.000000	0.000000	0.000000	0.000000	0.000000	0.000000	0.000000	0.000000	0.000000	0.000000	0.000000	0.000000	0.000000	0.000000	0.000000	0.000000	0.000000	0.000000	0.000000	175.840000	214.500000	239.190000	1236.378500	1236.378500	0.000000	0.000000	0.000000	308.815750	61.250000	118.840000	214.320000	50.170000	70.560000	869.280000	0.000000
2042	6377.490000	200.000000	100.000000	0.000000	4322.508230	0.000000	0.000000	0.000000	0.000000	0.000000	0.000000	0.000000	0.000000	0.000000	0.000000	0.000000	0.000000	0.000000	0.000000	0.000000	0.000000	0.000000	0.000000	0.000000	0.000000	0.000000	0.000000	0.000000	0.000000	0.000000	0.000000	0.000000	0.000000	0.000000	0.000000	0.000000	0.000000	0.000000	0.000000	0.000000	0.000000	0.000000	0.000000	0.000000	0.000000	0.000000	0.000000	0.000000	0.000000	0.000000	0.000000	0.000000	0.000000	0.000000	0.000000	0.000000	0.000000	0.000000	200.000000	220.000000	100.000000	80.000000	30.000000	50.000000	0.000000	0.000000	40.000000	0.000000	50.000000	100.000000	50.000000	50.000000	11.000000	0.000000	0.000000	0.000000	0.000000	0.000000	0.000000	0.000000	0.000000	0.000000	0.000000	0.000000	0.000000	0.000000	0.000000	0.000000	0.000000	0.000000	0.000000	0.000000	0.000000	2833.601900	30.000000	0.000000	0.000000	40.000000	40.000000	40.000000	42.000000	0.000000	0.000000	40.000000	40.000000	1.000000	40.000000	30.000000	10.000000	40.000000	0.000000	0.000000	0.000000	0.000000	0.000000	0.000000	0.000000	0.000000	0.000000	0.000000	0.000000	0.000000	140.000000	80.000000	0.000000	0.000000	0.000000	0.000000	0.000000	0.000000	0.000000	0.000000	0.000000	0.000000	0.000000	100.000000	0.000000	0.000000	0.000000	0.000000	0.000000	0.000000	0.000000	0.000000	0.000000	0.000000	0.000000	0.000000	0.000000	0.000000	100.000000	100.000000	60.000000	0.000000	2807.656190	35.000000	58.000000	0.000000	140.000000	140.000000	0.000000	20.000000	20.000000	35.000000	83.000000	35.000000	0.000000	0.000000	0.000000	0.000000	0.000000	0.000000	0.000000	0.000000	0.000000	0.000000	0.000000	0.000000	0.000000	0.000000	0.000000	0.000000	0.300000	6.000000	3.000000	8.400000	2.400000	20.000000	0.000000	10.000000	8.000000	10.000000	1.000000	0.000000	0.000000	0.000000	0.000000	0.000000	0.000000	0.000000	0.000000	0.000000	0.000000	0.000000	0.000000	0.000000	0.000000	0.000000	0.000000	0.000000	0.000000	0.000000	0.000000	0.000000	0.000000	0.000000	0.000000	28.000000	30.000000	15.000000	9.000000	3.000000	0.000000	0.000000	0.000000	0.000000	0.000000	0.000000	0.000000	0.000000	0.000000	0.000000	0.000000	0.000000	0.000000	0.000000	0.000000	0.000000	0.000000	0.000000	0.000000	0.000000	0.000000	0.000000	0.000000	175.840000	214.500000	239.190000	1238.995080	1238.995080	0.000000	0.000000	0.000000	308.815750	61.250000	118.840000	214.320000	50.170000	70.560000	869.280000	0.000000
2043	6377.490000	200.000000	100.000000	0.000000	4352.695630	0.000000	0.000000	0.000000	0.000000	0.000000	0.000000	0.000000	0.000000	0.000000	0.000000	0.000000	0.000000	0.000000	0.000000	0.000000	0.000000	0.000000	0.000000	0.000000	0.000000	0.000000	0.000000	0.000000	0.000000	0.000000	0.000000	0.000000	0.000000	0.000000	0.000000	0.000000	0.000000	0.000000	0.000000	0.000000	0.000000	0.000000	0.000000	0.000000	0.000000	0.000000	0.000000	0.000000	0.000000	0.000000	0.000000	0.000000	0.000000	0.000000	0.000000	0.000000	0.000000	0.000000	200.000000	220.000000	100.000000	80.000000	30.000000	50.000000	0.000000	0.000000	40.000000	0.000000	50.000000	100.000000	50.000000	50.000000	11.000000	0.000000	0.000000	0.000000	0.000000	0.000000	0.000000	0.000000	0.000000	0.000000	0.000000	0.000000	0.000000	0.000000	0.000000	0.000000	0.000000	0.000000	0.000000	0.000000	0.000000	2875.931000	30.000000	0.000000	0.000000	40.000000	40.000000	40.000000	42.000000	0.000000	0.000000	40.000000	40.000000	1.000000	40.000000	30.000000	10.000000	40.000000	0.000000	0.000000	0.000000	0.000000	0.000000	0.000000	0.000000	0.000000	0.000000	0.000000	0.000000	0.000000	140.000000	80.000000	0.000000	0.000000	0.000000	0.000000	0.000000	0.000000	0.000000	0.000000	0.000000	0.000000	0.000000	100.000000	0.000000	0.000000	0.000000	0.000000	0.000000	0.000000	0.000000	0.000000	0.000000	0.000000	0.000000	0.000000	0.000000	0.000000	100.000000	100.000000	60.000000	0.000000	2853.158190	35.000000	58.000000	0.000000	140.000000	140.000000	0.000000	20.000000	20.000000	35.000000	83.000000	35.000000	0.000000	0.000000	0.000000	0.000000	0.000000	0.000000	0.000000	0.000000	0.000000	0.000000	0.000000	0.000000	0.000000	0.000000	0.000000	0.000000	0.300000	6.000000	3.000000	8.400000	2.400000	20.000000	0.000000	10.000000	8.000000	10.000000	1.000000	0.000000	0.000000	0.000000	0.000000	0.000000	0.000000	0.000000	0.000000	0.000000	0.000000	0.000000	0.000000	0.000000	0.000000	0.000000	0.000000	0.000000	0.000000	0.000000	0.000000	0.000000	0.000000	0.000000	0.000000	28.000000	30.000000	15.000000	9.000000	3.000000	0.000000	0.000000	0.000000	0.000000	0.000000	0.000000	0.000000	0.000000	0.000000	0.000000	0.000000	0.000000	0.000000	0.000000	0.000000	0.000000	0.000000	0.000000	0.000000	0.000000	0.000000	0.000000	0.000000	175.840000	214.500000	239.190000	1249.065680	1249.065680	0.000000	0.000000	0.000000	367.500850	61.250000	118.840000	214.320000	50.170000	70.560000	869.280000	0.000000
2044	6377.490000	200.000000	100.000000	0.000000	4353.033700	0.000000	0.000000	0.000000	0.000000	0.000000	0.000000	0.000000	0.000000	0.000000	0.000000	0.000000	0.000000	0.000000	0.000000	0.000000	0.000000	0.000000	0.000000	0.000000	0.000000	0.000000	0.000000	0.000000	0.000000	0.000000	0.000000	0.000000	0.000000	0.000000	0.000000	0.000000	0.000000	0.000000	0.000000	0.000000	0.000000	0.000000	0.000000	0.000000	0.000000	0.000000	0.000000	0.000000	0.000000	0.000000	0.000000	0.000000	0.000000	0.000000	0.000000	0.000000	0.000000	0.000000	200.000000	220.000000	100.000000	80.000000	30.000000	50.000000	0.000000	0.000000	40.000000	0.000000	50.000000	100.000000	50.000000	50.000000	11.000000	0.000000	0.000000	0.000000	0.000000	0.000000	0.000000	0.000000	0.000000	0.000000	0.000000	0.000000	0.000000	0.000000	0.000000	0.000000	0.000000	0.000000	0.000000	0.000000	0.000000	2876.987230	30.000000	0.000000	0.000000	40.000000	40.000000	40.000000	42.000000	0.000000	0.000000	40.000000	40.000000	1.000000	40.000000	30.000000	10.000000	40.000000	0.000000	0.000000	0.000000	0.000000	0.000000	0.000000	0.000000	0.000000	0.000000	0.000000	0.000000	0.000000	140.000000	80.000000	0.000000	0.000000	0.000000	0.000000	0.000000	0.000000	0.000000	0.000000	0.000000	0.000000	0.000000	100.000000	0.000000	0.000000	0.000000	0.000000	0.000000	0.000000	0.000000	0.000000	0.000000	0.000000	0.000000	0.000000	0.000000	0.000000	100.000000	100.000000	60.000000	0.000000	3011.952190	35.000000	58.000000	0.000000	140.000000	140.000000	0.000000	20.000000	20.000000	35.000000	83.000000	35.000000	0.000000	0.000000	0.000000	0.000000	0.000000	0.000000	0.000000	0.000000	0.000000	0.000000	0.000000	0.000000	0.000000	0.000000	0.000000	0.000000	0.300000	6.000000	3.000000	8.400000	2.400000	20.000000	0.000000	10.000000	8.000000	10.000000	1.000000	0.000000	0.000000	0.000000	0.000000	0.000000	0.000000	0.000000	0.000000	0.000000	0.000000	0.000000	0.000000	0.000000	0.000000	0.000000	0.000000	0.000000	0.000000	0.000000	0.000000	0.000000	0.000000	0.000000	0.000000	28.000000	30.000000	15.000000	9.000000	3.000000	0.000000	0.000000	0.000000	0.000000	0.000000	0.000000	0.000000	0.000000	0.000000	0.000000	0.000000	0.000000	0.000000	0.000000	0.000000	0.000000	0.000000	0.000000	0.000000	0.000000	0.000000	0.000000	0.000000	175.840000	214.500000	239.190000	1249.211688	1249.211688	0.000000	0.000000	0.000000	426.185950	61.250000	118.840000	214.320000	50.170000	70.560000	869.280000	0.000000
2045	6377.490000	200.000000	100.000000	0.000000	4353.033700	0.000000	0.000000	0.000000	0.000000	0.000000	0.000000	0.000000	0.000000	0.000000	0.000000	0.000000	0.000000	0.000000	0.000000	0.000000	0.000000	0.000000	0.000000	0.000000	0.000000	0.000000	0.000000	0.000000	0.000000	0.000000	0.000000	0.000000	0.000000	0.000000	0.000000	0.000000	0.000000	0.000000	0.000000	0.000000	0.000000	0.000000	0.000000	0.000000	0.000000	0.000000	0.000000	0.000000	0.000000	0.000000	0.000000	0.000000	0.000000	0.000000	0.000000	0.000000	0.000000	0.000000	200.000000	220.000000	100.000000	80.000000	30.000000	50.000000	0.000000	0.000000	40.000000	0.000000	50.000000	100.000000	50.000000	50.000000	11.000000	0.000000	0.000000	0.000000	0.000000	0.000000	0.000000	0.000000	0.000000	0.000000	0.000000	0.000000	0.000000	0.000000	0.000000	0.000000	0.000000	0.000000	0.000000	0.000000	0.000000	2918.268530	30.000000	0.000000	0.000000	40.000000	40.000000	40.000000	42.000000	0.000000	0.000000	40.000000	40.000000	1.000000	40.000000	30.000000	10.000000	40.000000	0.000000	0.000000	0.000000	0.000000	0.000000	0.000000	0.000000	0.000000	0.000000	0.000000	0.000000	0.000000	140.000000	80.000000	0.000000	0.000000	0.000000	0.000000	0.000000	0.000000	0.000000	0.000000	0.000000	0.000000	0.000000	100.000000	0.000000	0.000000	0.000000	0.000000	0.000000	0.000000	0.000000	0.000000	0.000000	0.000000	0.000000	0.000000	0.000000	0.000000	100.000000	100.000000	60.000000	0.000000	3012.026869	35.000000	58.000000	0.000000	140.000000	140.000000	0.000000	20.000000	20.000000	35.000000	83.000000	35.000000	0.000000	0.000000	0.000000	0.000000	0.000000	0.000000	0.000000	0.000000	0.000000	0.000000	0.000000	0.000000	0.000000	0.000000	0.000000	0.000000	0.300000	6.000000	3.000000	8.400000	2.400000	20.000000	0.000000	10.000000	8.000000	10.000000	1.000000	0.000000	0.000000	0.000000	0.000000	0.000000	0.000000	0.000000	0.000000	0.000000	0.000000	0.000000	0.000000	0.000000	0.000000	0.000000	0.000000	0.000000	0.000000	0.000000	0.000000	0.000000	0.000000	0.000000	0.000000	28.000000	30.000000	15.000000	9.000000	3.000000	0.000000	0.000000	0.000000	0.000000	0.000000	0.000000	0.000000	0.000000	0.000000	0.000000	0.000000	0.000000	0.000000	0.000000	0.000000	0.000000	0.000000	0.000000	0.000000	0.000000	0.000000	0.000000	0.000000	175.840000	214.500000	239.190000	1251.918108	1251.918108	0.000000	0.000000	0.000000	426.185950	61.250000	118.840000	214.320000	50.170000	70.560000	869.280000	0.000000

" "
"Table 4:"		"KEa - GeoCostReduction"
"Aug 20, 2024 19:42"		"KEaTotalCapacity"
	KEEL00T00	KEEL00i00_HVDC	KEEL00i00_TANESCO	KEEL00i00_UETCL	KEEL00i00	KEEL00TDI	KEEL00TDR	KEEL00TDU	KEEL00TDC	KEEL00TUI	KEEL00TUR	KEEL00TUS	KEEL00TUU	KEEL00TUC	KEDS00I00	KENU00I00	KEGE00I00	KEGE00I00_Generic	KEGE00I00_steam	KEDSRC00	KEDSRC01_Tsavo_Extended	KEDSSC00	KEDSRI00	KEDSRU00	KEDSRB00	KEDSRR00	KEHF00I00_NAIROBI	KEHF00I00	KEHFRC00	KEHFRC01_Tsavo	KEHFRC01_Rabai	KEHFRC01_Kipevu_III	KEHFRC10_Thika	KEHFRC10_Gulf	KEHFRC10_Triumph	KEHFRC03	KEHFRC10	KEHFRC02	KEHFRC01	KECO00X00	KECOSC00	KECOSC11	KENG00I00_LNG	KENG00I00	KENGSC00	KENGSC12_Dongo_Kundu	KENGCC00	KENGCC12_LNG_Backup2	KENGCC12_LNG_Backup26	KENGCC12_LNG_Backup35	KENGCC12_LNG_Backup4	KENGCC12_LNG2	KENUPW00	KENUPW20_Nuclear_III	KENUPW20_Nuclear_II	KENUPW20_Nuclear_I	KENUPW20	KEWDLC00	KEWDLCZ004_Marsabit_PhII	KEWDLCZ007_Meru_PhIII	KEWDLCZ007_Meru_PhII	KEWDLCZ007_Meru_PhI	KEWDLCZ008_Oldanyat	KEWDLCZ008_Prunus	KEWDLCZH08_Ngong_PhII	KEWDLCZH08_Ngong_PhI	KEWDLCZ001_Bahari2	KEWDLCZH08_Kipeto	KEWDLCZ001_Bahari_PhI	KEWDLCZ004_Marsabit_PhI	KEWDLCZ008_Aperture	KEWDLCZ008_Chania	KEWDLCZ008_Ngong1_PhIII	KEWDOC00	KEWDLCZ010	KEWDLCZ009	KEWDLCZ008	KEWDLCZ007	KEWDLCZ006	KEWDLCZ005	KEWDLCZ004	KEWDLCZ003	KEWDLCZ002	KEWDLCZ001	KEWDLCZDP09_Lake_Turkana	KEWDLCZH08	KESOTN00	KESOTNZ002	KESOTNZ001	KESOTS00	KESOTSZ002	KESOTSZ001	KESOTG00	KESOPC00	KESOPCZ001_Kenya_Solar	KESOPCZ003_Strathmore	KESOPCZ003_REA_Garissa	KESOPCZ008_Kibwezi	KESOPCZ008_Tarita_Green	KESOPCZ008_Kopere	KESOPCZ001_SevenForks	KESOPCZ003_Eldosol	KESOPCZ003_Selenkei	KESOPCZ003_Alten	KESOPCZ009_Kenergy	KESOPCZ009_MarcoBorero	KESOPCZ001_Greenmillenia	KESOPCZ001_Makindu	KESOPCZ001_HannanArya	KESOPCZ001_Malindi	KESOPCZ010	KESOPCZ009	KESOPCZ008	KESOPCZ007	KESOPCZ006	KESOPCZ005	KESOPCZ004	KESOPCZ003	KESOPCZ002	KESOPCZ001	KEGOCV00	KEGOCV18_Menengai_V	KEGOCV16_Olkaria_7	KEGOCV16_Olkaria_6	KEGOCV12_Suswa_I	KEGOCV12_Suswa_II	KEGOCV12_Suswa_III	KEGOCV12_Olsuswa_I	KEGOCV13_Akiira_I	KEGOCV13_Akiira_II	KEGOCV20_AGIL_I	KEGOCV20_AGIL_II	KEGOCV20_AGIL_III	KEGOCV20_AGIL_IV	KEGOCV17_Korosi_I	KEGOCV17_Paka_I	KEGOCV16_Olkaria_II_Rehab	KEGOCV17_Paka_II	KEGOCV17_Silali_II	KEGOCV17_Paka_III	KEGOCV17_Silali_III	KEGOCV18_Menengai_IV	KEGOCV01_Orpower_4P4	KEGOCV01_Orpower_4P3	KEGOCV01_Orpower_4P2	KEGOCV01_Orpower_4PI	KEGOCV01_Olkaria_2	KEGOCV10_OLK_V	KEGOCV10_OLK_IAU	KEGOCV10_OLK_IV	KEGOCV17_Baringo_Silali_I	KEGOCV18_Menengai_III	KEGOCV18_Menengai_1_Stage2	KEGOCV12_Suswa	KEGOCV12_Eburru	KEGOCV16_Menengai_1_Orpower22	KEGOCV18_Wellheadleasing	KEGOCV13_Marine_Power_Akiira	KEGOCV16_Olkaria8	KEGOCV16_Olkaria9	KEGOCV17_Baringo_Silali	KEGOCV16_Olkaria_1V_Uprating	KEGOCV16_Olkaria_1_Uprating	KEGOCV18_Menengai_1_Quantum	KEGOCV16_Olkaria_1_Unit6	KEGOCV18_Menengai_1_Sosian	KEGOCV20	KEGOCV16	KEGOCV15	KEGOCV14	KEGOCV13	KEGOCV12	KEGOCV11	KEGOCV10	KEGOCV03	KEGOCV02	KEBM00X00	KEBW00X00	KEHY00X00	KESO00X00	KEWD00X00	KEBMST00	KEBMST10_BiogasH	KEBMST10_WestKenya	KEBMST10_VRHoldings	KEBMST10_Cummins_Cogen	KEBMST10_Viability	KEBMST10_Tana_Biogas	KEBMST10_MunicipalWtE_Biogas	KEBMST10_Roadtech	KEBMST10_ThikaWayBiogas	KEBMST10_Kwale	KEBMST10_REA_Vipingo	KEBWST00	KEBMST10	KEBMST01	KEHYDM00	KEHYDM_High_Grand	KEHYDM_Karura	KEHYDM_TURKWEL	KEHYDM_KIAMBERE	KEHYDM_Kindaruma	KEHYDM_Gitaru	KEHYDM_KAMBURU	KEHYDM_MASINGA	KEHYRO_Lower_Grand	KEHYDM_Kamburu_Masinga	KEHYDM_Turkwell	KEHYDM_Kiambere	KEHYRO00	KEHYRO_Small_2033	KEHYRO_Small_2032	KEHYRO_Small_2031	KEHYRO_Small_KTDA_2031	KEHYRO_Small_2030	KEHYRO_Small_KTDA_2030	KEHYRO_Small_2029	KEHYRO_Small_2028	KEHYRO_Small_2027	KEHYRO_Small_2026	KEHYRO_Small_2025	KEHYRO_Small_KTDA_2024	KEHYRO_Small_Chevron	KEHYRO_Small_KDTA2	KEHYRO_Small_Rareh	KEHYRO_Small_Kirogori	KEHYRO_Small_GemGen	KEHYRO_Small_Kaptis	KEHYRO_Small_Nithi	KEHYRO_Small_Tindinyo	KEHYRO_Small_Gatiki	KEHYRO_Small_KTDA_Gogo	KEHYRO_Small_MtKenya_CBO	KEHYRO_Small_KTDA	KEHYRO_Small_KTDA_Kleen	KEHYRO_Tana	KEHYRO_Sangoro	KEHYRO_Sondu_Miriu	KEHYMI00	KEHYRO_Existing_Small	KESOPU00	KESOPB00	KESOPR00	KESOPS00	KEELBS00	KERIDM_Kamburu_Masinga	KERIDM_Turkwell	KERIDM_Kiambere	KEELST04	KEELPT04	KEELDT04_01	KEELDT04_02	KEELDT04_03	KEEXDT00	KERIDM_MASINGA	KERIDM_KAMBURU	KERIDM_Gitaru	KERIDM_Kindaruma	KERIDM_Karura	KERIDM_High_Grand	KEELDT04_04
2022	1989.940000	400.000000	100.000000	70.000000	176.130000	551.700000	67.000000	374.200000	172.000000	0.000000	0.000000	0.000000	0.000000	0.000000	0.000000	0.000000	0.000000	0.000000	0.000000	0.000000	0.000000	0.000000	0.000000	0.000000	0.000000	0.000000	0.000000	0.000000	0.000000	0.000000	88.600000	115.000000	87.000000	80.300000	83.000000	0.000000	0.000000	52.500000	0.000000	0.000000	0.000000	0.000000	0.000000	0.000000	0.000000	0.000000	0.000000	0.000000	0.000000	0.000000	0.000000	0.000000	0.000000	0.000000	0.000000	0.000000	0.000000	0.000000	0.000000	0.000000	0.000000	0.000000	0.000000	0.000000	20.400000	5.100000	0.000000	100.000000	0.000000	0.000000	0.000000	0.000000	0.000000	0.000000	0.000000	0.000000	0.000000	0.000000	0.000000	0.000000	0.000000	0.000000	0.000000	0.000000	300.000000	0.000000	0.000000	0.000000	0.000000	0.000000	0.000000	0.000000	0.000000	0.000000	0.000000	0.250000	50.000000	0.000000	0.000000	0.000000	0.000000	40.000000	40.000000	0.000000	0.000000	0.000000	0.000000	0.000000	0.000000	40.000000	0.000000	0.000000	0.000000	0.000000	0.000000	0.000000	0.000000	0.000000	0.000000	0.000000	0.000000	0.000000	0.000000	0.000000	0.000000	0.000000	0.000000	0.000000	0.000000	0.000000	0.000000	0.000000	0.000000	0.000000	0.000000	0.000000	0.000000	0.000000	0.000000	0.000000	0.000000	0.000000	29.000000	17.600000	39.600000	63.800000	101.000000	158.000000	140.000000	140.000000	0.000000	0.000000	0.000000	0.000000	0.000000	0.000000	0.000000	0.000000	0.000000	0.000000	0.000000	0.000000	0.000000	0.000000	83.000000	0.000000	0.000000	0.000000	25.400000	44.600000	0.000000	0.000000	0.000000	0.000000	2.100000	0.000000	0.000000	0.000000	0.000000	0.000000	0.000000	0.000000	0.000000	0.000000	0.000000	0.000000	0.000000	0.000000	0.000000	0.000000	0.000000	0.000000	0.000000	0.000000	0.000000	0.000000	0.000000	0.000000	0.000000	105.000000	164.000000	10.500000	216.000000	90.000000	40.000000	0.000000	0.000000	0.000000	0.000000	0.000000	0.000000	0.000000	0.000000	0.000000	0.000000	0.000000	0.000000	0.000000	0.000000	0.000000	0.000000	0.000000	0.000000	0.000000	0.000000	0.000000	0.000000	0.000000	0.000000	0.000000	0.000000	0.000000	0.000000	0.000000	0.000000	20.000000	20.000000	60.000000	0.000000	24.870000	0.000000	0.000000	0.000000	0.000000	0.000000	175.840000	214.500000	239.190000	0.000000	0.000000	0.000000	0.000000	0.000000	0.000000	61.250000	118.840000	214.320000	50.170000	70.560000	869.280000	0.000000
2023	2143.180000	400.000000	100.000000	70.000000	443.258000	551.700000	67.000000	374.200000	172.000000	0.000000	0.000000	0.000000	0.000000	0.000000	0.000000	0.000000	0.000000	0.000000	0.000000	0.000000	0.000000	0.000000	0.000000	0.000000	0.000000	0.000000	0.000000	0.000000	0.000000	0.000000	88.600000	115.000000	87.000000	80.300000	83.000000	0.000000	0.000000	52.500000	0.000000	0.000000	0.000000	0.000000	0.000000	0.000000	0.000000	0.000000	0.000000	0.000000	0.000000	0.000000	0.000000	0.000000	0.000000	0.000000	0.000000	0.000000	0.000000	0.000000	0.000000	0.000000	0.000000	0.000000	0.000000	0.000000	20.400000	5.100000	0.000000	100.000000	0.000000	0.000000	0.000000	0.000000	0.000000	0.000000	0.000000	0.000000	0.000000	0.000000	0.000000	0.000000	0.000000	0.000000	0.000000	0.000000	300.000000	0.000000	0.000000	0.000000	0.000000	0.000000	0.000000	0.000000	0.000000	0.000000	0.000000	0.250000	50.000000	0.000000	0.000000	0.000000	0.000000	40.000000	40.000000	40.000000	0.000000	0.000000	0.000000	0.000000	0.000000	40.000000	0.000000	0.000000	0.000000	0.000000	0.000000	0.000000	0.000000	0.000000	0.000000	0.000000	0.000000	0.000000	0.000000	0.000000	0.000000	0.000000	0.000000	0.000000	0.000000	0.000000	0.000000	0.000000	0.000000	0.000000	0.000000	0.000000	0.000000	0.000000	0.000000	0.000000	0.000000	0.000000	29.000000	17.600000	39.600000	63.800000	101.000000	158.000000	140.000000	140.000000	0.000000	0.000000	0.000000	0.000000	0.000000	0.000000	0.000000	0.000000	0.000000	0.000000	0.000000	0.000000	0.000000	0.000000	83.000000	35.000000	0.000000	0.000000	25.400000	44.600000	0.000000	0.000000	0.000000	0.000000	2.100000	0.000000	0.000000	0.000000	0.000000	0.000000	0.000000	0.000000	0.000000	0.000000	0.000000	0.000000	0.000000	0.000000	0.000000	0.000000	0.000000	0.000000	0.000000	0.000000	0.000000	0.000000	0.000000	0.000000	0.000000	105.000000	164.000000	10.500000	216.000000	90.000000	40.000000	0.000000	0.000000	0.000000	0.000000	0.000000	0.000000	0.000000	0.000000	0.000000	0.000000	0.000000	0.000000	0.000000	0.000000	0.000000	0.000000	0.000000	0.000000	0.000000	0.000000	0.000000	0.000000	0.000000	0.000000	0.000000	0.000000	0.000000	0.000000	0.000000	0.000000	20.000000	20.000000	60.000000	0.000000	24.870000	0.000000	0.000000	0.000000	0.000000	0.000000	175.840000	214.500000	239.190000	0.000000	0.000000	0.000000	0.000000	0.000000	0.000000	61.250000	118.840000	214.320000	50.170000	70.560000	869.280000	0.000000
2024	2222.631000	400.000000	100.000000	70.000000	790.050000	551.700000	67.000000	374.200000	172.000000	0.000000	0.000000	0.000000	0.000000	0.000000	0.000000	0.000000	0.000000	0.000000	0.000000	0.000000	0.000000	0.000000	0.000000	0.000000	0.000000	0.000000	0.000000	0.000000	0.000000	0.000000	88.600000	115.000000	87.000000	80.300000	83.000000	0.000000	0.000000	52.500000	0.000000	0.000000	0.000000	0.000000	0.000000	0.000000	0.000000	0.000000	0.000000	0.000000	0.000000	0.000000	0.000000	0.000000	0.000000	0.000000	0.000000	0.000000	0.000000	0.000000	0.000000	0.000000	0.000000	0.000000	0.000000	0.000000	20.400000	5.100000	0.000000	100.000000	0.000000	0.000000	0.000000	0.000000	0.000000	0.000000	0.000000	0.000000	0.000000	0.000000	0.000000	0.000000	0.000000	0.000000	0.000000	0.000000	300.000000	0.000000	0.000000	0.000000	0.000000	0.000000	0.000000	0.000000	0.000000	0.000000	0.000000	0.250000	50.000000	0.000000	0.000000	0.000000	0.000000	40.000000	40.000000	40.000000	0.000000	1.000000	0.000000	0.000000	0.000000	40.000000	0.000000	0.000000	0.000000	0.000000	0.000000	0.000000	0.000000	0.000000	0.000000	0.000000	0.000000	0.000000	0.000000	0.000000	0.000000	0.000000	0.000000	0.000000	0.000000	0.000000	0.000000	0.000000	0.000000	0.000000	0.000000	0.000000	0.000000	0.000000	0.000000	0.000000	0.000000	0.000000	29.000000	17.600000	39.600000	63.800000	101.000000	158.000000	140.000000	140.000000	0.000000	0.000000	0.000000	0.000000	0.000000	0.000000	0.000000	0.000000	0.000000	0.000000	0.000000	0.000000	0.000000	0.000000	83.000000	35.000000	0.000000	0.000000	25.400000	44.600000	0.000000	0.000000	0.000000	0.000000	2.100000	0.000000	0.000000	0.000000	0.000000	0.000000	0.000000	0.000000	0.000000	0.000000	0.000000	0.000000	0.000000	0.000000	0.000000	0.000000	0.000000	0.000000	1.000000	0.000000	0.000000	0.000000	0.000000	0.000000	0.000000	105.000000	164.000000	10.500000	216.000000	0.000000	40.000000	0.000000	0.000000	0.000000	0.000000	0.000000	0.000000	0.000000	0.000000	0.000000	0.000000	0.000000	0.000000	0.000000	0.000000	0.000000	0.000000	3.000000	0.000000	0.000000	0.000000	0.000000	0.000000	0.000000	0.000000	0.000000	0.000000	0.000000	0.000000	0.000000	0.000000	20.000000	20.000000	60.000000	0.000000	24.870000	0.000000	0.000000	0.000000	0.000000	0.000000	175.840000	214.500000	239.190000	0.000000	0.000000	0.000000	0.000000	0.000000	0.000000	61.250000	118.840000	214.320000	50.170000	70.560000	869.280000	0.000000
2025	2328.589000	400.000000	100.000000	70.000000	895.157000	551.700000	67.000000	374.200000	172.000000	0.000000	0.000000	0.000000	0.000000	0.000000	0.000000	0.000000	0.000000	0.000000	0.000000	0.000000	0.000000	0.000000	0.000000	0.000000	0.000000	0.000000	0.000000	0.000000	0.000000	0.000000	88.600000	115.000000	87.000000	80.300000	83.000000	0.000000	0.000000	52.500000	0.000000	0.000000	0.000000	0.000000	0.000000	0.000000	0.000000	0.000000	0.000000	0.000000	0.000000	0.000000	0.000000	0.000000	0.000000	0.000000	0.000000	0.000000	0.000000	0.000000	0.000000	0.000000	0.000000	0.000000	0.000000	0.000000	20.400000	5.100000	0.000000	100.000000	0.000000	0.000000	0.000000	0.000000	0.000000	0.000000	0.000000	0.000000	0.000000	0.000000	0.000000	0.000000	0.000000	0.000000	0.000000	0.000000	300.000000	0.000000	0.000000	0.000000	0.000000	0.000000	0.000000	0.000000	0.000000	0.000000	0.000000	0.250000	50.000000	0.000000	40.000000	0.000000	0.000000	40.000000	40.000000	40.000000	0.000000	1.000000	0.000000	0.000000	0.000000	40.000000	0.000000	0.000000	0.000000	0.000000	0.000000	0.000000	0.000000	0.000000	0.000000	0.000000	0.000000	0.000000	0.000000	0.000000	0.000000	0.000000	0.000000	0.000000	0.000000	0.000000	0.000000	0.000000	0.000000	0.000000	0.000000	0.000000	0.000000	0.000000	0.000000	0.000000	0.000000	0.000000	29.000000	17.600000	39.600000	63.800000	101.000000	158.000000	140.000000	140.000000	0.000000	0.000000	0.000000	0.000000	0.000000	0.000000	0.000000	0.000000	0.000000	0.000000	0.000000	20.000000	0.000000	35.000000	83.000000	35.000000	0.000000	0.000000	25.400000	44.600000	0.000000	0.000000	0.000000	0.000000	2.100000	0.000000	0.000000	0.000000	0.000000	0.000000	0.000000	0.000000	0.000000	0.000000	0.000000	0.000000	0.000000	0.000000	0.000000	0.000000	0.000000	0.000000	1.000000	0.000000	0.000000	0.000000	0.000000	0.000000	0.000000	105.000000	164.000000	10.500000	216.000000	0.000000	40.000000	0.000000	0.000000	0.000000	0.000000	0.000000	0.000000	0.000000	0.000000	0.000000	0.000000	0.000000	0.000000	0.000000	0.000000	0.000000	9.000000	3.000000	0.000000	0.000000	0.000000	0.000000	0.000000	0.000000	0.000000	0.000000	0.000000	0.000000	0.000000	0.000000	0.000000	20.000000	20.000000	60.000000	0.000000	24.870000	0.000000	0.000000	0.000000	0.000000	0.000000	175.840000	214.500000	239.190000	0.000000	0.000000	0.000000	0.000000	0.000000	0.000000	61.250000	118.840000	214.320000	50.170000	70.560000	869.280000	0.000000
2026	2452.773000	400.000000	100.000000	70.000000	912.362800	551.700000	67.000000	374.200000	172.000000	0.000000	0.000000	0.000000	0.000000	0.000000	0.000000	0.000000	0.000000	0.000000	0.000000	0.000000	0.000000	0.000000	0.000000	0.000000	0.000000	0.000000	0.000000	0.000000	0.000000	0.000000	88.600000	115.000000	87.000000	80.300000	83.000000	0.000000	0.000000	52.500000	0.000000	0.000000	0.000000	0.000000	0.000000	0.000000	0.000000	0.000000	0.000000	0.000000	0.000000	0.000000	0.000000	0.000000	0.000000	0.000000	0.000000	0.000000	0.000000	0.000000	0.000000	0.000000	0.000000	0.000000	0.000000	50.000000	20.400000	5.100000	0.000000	100.000000	0.000000	0.000000	50.000000	50.000000	0.000000	0.000000	0.000000	0.000000	0.000000	0.000000	0.000000	0.000000	0.000000	0.000000	0.000000	0.000000	300.000000	0.000000	0.000000	0.000000	0.000000	0.000000	0.000000	0.000000	0.000000	0.000000	0.000000	0.250000	50.000000	0.000000	40.000000	40.000000	0.000000	40.000000	40.000000	40.000000	0.000000	1.000000	0.000000	0.000000	0.000000	40.000000	0.000000	0.000000	0.000000	0.000000	0.000000	0.000000	0.000000	0.000000	0.000000	0.000000	0.000000	0.000000	0.000000	0.000000	0.000000	0.000000	0.000000	0.000000	0.000000	0.000000	0.000000	0.000000	0.000000	0.000000	0.000000	0.000000	0.000000	0.000000	0.000000	0.000000	0.000000	0.000000	29.000000	17.600000	39.600000	63.800000	101.000000	158.000000	140.000000	140.000000	0.000000	0.000000	0.000000	0.000000	0.000000	35.000000	58.000000	0.000000	0.000000	0.000000	0.000000	20.000000	20.000000	35.000000	83.000000	35.000000	0.000000	0.000000	25.400000	44.600000	0.000000	0.000000	0.000000	0.000000	2.100000	0.000000	0.000000	0.000000	0.000000	0.000000	0.000000	0.000000	0.000000	0.000000	0.000000	0.000000	0.000000	0.000000	0.000000	0.000000	0.000000	0.000000	1.000000	0.000000	0.000000	0.000000	0.000000	0.000000	0.000000	105.000000	164.000000	10.500000	216.000000	0.000000	40.000000	0.000000	0.000000	0.000000	0.000000	0.000000	0.000000	0.000000	0.000000	0.000000	0.000000	0.000000	0.000000	0.000000	0.000000	15.000000	9.000000	3.000000	0.000000	0.000000	0.000000	0.000000	0.000000	0.000000	0.000000	0.000000	0.000000	0.000000	0.000000	0.000000	0.000000	20.000000	20.000000	60.000000	0.000000	24.870000	0.000000	0.000000	0.000000	0.000000	0.000000	175.840000	214.500000	239.190000	0.000000	0.000000	0.000000	0.000000	0.000000	0.000000	61.250000	118.840000	214.320000	50.170000	70.560000	869.280000	0.000000
2027	2590.982000	400.000000	100.000000	70.000000	912.362800	551.700000	67.000000	374.200000	172.000000	0.000000	0.000000	0.000000	0.000000	0.000000	0.000000	0.000000	0.000000	0.000000	0.000000	0.000000	0.000000	0.000000	0.000000	0.000000	0.000000	0.000000	0.000000	0.000000	0.000000	0.000000	88.600000	115.000000	87.000000	80.300000	83.000000	0.000000	0.000000	52.500000	0.000000	0.000000	0.000000	0.000000	0.000000	0.000000	0.000000	0.000000	0.000000	0.000000	0.000000	0.000000	0.000000	0.000000	0.000000	0.000000	0.000000	0.000000	0.000000	0.000000	0.000000	0.000000	0.000000	0.000000	0.000000	50.000000	20.400000	5.100000	0.000000	100.000000	0.000000	0.000000	50.000000	50.000000	0.000000	0.000000	0.000000	0.000000	0.000000	0.000000	0.000000	0.000000	0.000000	0.000000	0.000000	0.000000	300.000000	0.000000	0.000000	0.000000	0.000000	0.000000	0.000000	0.000000	0.000000	0.000000	0.000000	0.250000	50.000000	40.000000	40.000000	40.000000	42.000000	40.000000	40.000000	40.000000	40.000000	1.000000	40.000000	0.000000	10.000000	40.000000	0.000000	0.000000	0.000000	0.000000	0.000000	0.000000	0.000000	0.000000	0.000000	0.000000	0.000000	0.000000	140.000000	80.000000	0.000000	0.000000	0.000000	0.000000	0.000000	0.000000	0.000000	0.000000	0.000000	0.000000	0.000000	100.000000	0.000000	0.000000	0.000000	0.000000	0.000000	0.000000	29.000000	17.600000	39.600000	63.800000	101.000000	158.000000	140.000000	140.000000	0.000000	0.000000	0.000000	0.000000	0.000000	35.000000	58.000000	0.000000	0.000000	0.000000	0.000000	20.000000	20.000000	35.000000	83.000000	35.000000	0.000000	0.000000	25.400000	44.600000	0.000000	0.000000	0.000000	0.000000	2.100000	0.000000	0.000000	0.000000	0.000000	0.000000	0.000000	0.000000	0.000000	0.000000	0.000000	0.000000	0.000000	20.000000	0.000000	0.000000	0.000000	10.000000	1.000000	0.000000	0.000000	0.000000	0.000000	0.000000	0.000000	105.000000	164.000000	10.500000	216.000000	0.000000	40.000000	0.000000	0.000000	0.000000	0.000000	0.000000	0.000000	0.000000	0.000000	0.000000	0.000000	0.000000	0.000000	0.000000	30.000000	15.000000	9.000000	3.000000	0.000000	0.000000	0.000000	0.000000	0.000000	0.000000	0.000000	0.000000	0.000000	0.000000	0.000000	0.000000	0.000000	20.000000	20.000000	60.000000	0.000000	24.870000	0.000000	0.000000	0.000000	0.000000	0.000000	175.840000	214.500000	239.190000	0.000000	0.000000	0.000000	0.000000	0.000000	0.000000	61.250000	118.840000	214.320000	50.170000	70.560000	869.280000	0.000000
2028	2741.838000	400.000000	100.000000	70.000000	1190.307800	551.700000	67.000000	374.200000	172.000000	0.000000	0.000000	0.000000	0.000000	0.000000	0.000000	0.000000	0.000000	0.000000	0.000000	0.000000	0.000000	0.000000	0.000000	0.000000	0.000000	0.000000	0.000000	0.000000	0.000000	0.000000	88.600000	115.000000	87.000000	80.300000	83.000000	0.000000	0.000000	52.500000	0.000000	0.000000	0.000000	0.000000	0.000000	0.000000	0.000000	0.000000	0.000000	0.000000	0.000000	0.000000	0.000000	0.000000	0.000000	0.000000	0.000000	0.000000	0.000000	0.000000	0.000000	0.000000	0.000000	0.000000	30.000000	50.000000	20.400000	0.000000	0.000000	100.000000	50.000000	100.000000	50.000000	50.000000	11.000000	0.000000	0.000000	0.000000	0.000000	0.000000	0.000000	0.000000	0.000000	0.000000	0.000000	0.000000	300.000000	0.000000	0.000000	0.000000	0.000000	0.000000	0.000000	0.000000	0.000000	0.000000	0.000000	0.250000	50.000000	40.000000	40.000000	40.000000	42.000000	40.000000	40.000000	40.000000	40.000000	1.000000	40.000000	0.000000	10.000000	40.000000	0.000000	0.000000	0.000000	0.000000	0.000000	0.000000	0.000000	0.000000	0.000000	0.000000	0.000000	0.000000	140.000000	80.000000	0.000000	0.000000	0.000000	0.000000	0.000000	0.000000	0.000000	0.000000	0.000000	0.000000	0.000000	100.000000	0.000000	0.000000	0.000000	0.000000	0.000000	0.000000	29.000000	17.600000	39.600000	63.800000	0.000000	158.000000	140.000000	140.000000	0.000000	0.000000	0.000000	0.000000	0.000000	35.000000	58.000000	0.000000	0.000000	0.000000	0.000000	20.000000	20.000000	35.000000	83.000000	35.000000	0.000000	0.000000	25.400000	44.600000	0.000000	0.000000	0.000000	0.000000	2.100000	0.000000	0.000000	0.000000	0.000000	0.000000	0.000000	0.000000	0.000000	0.000000	0.000000	0.000000	0.000000	20.000000	0.000000	0.000000	8.000000	10.000000	1.000000	0.000000	0.000000	0.000000	0.000000	0.000000	0.000000	105.000000	164.000000	10.500000	80.000000	0.000000	40.000000	0.000000	0.000000	0.000000	0.000000	0.000000	0.000000	0.000000	0.000000	0.000000	0.000000	0.000000	0.000000	28.000000	30.000000	15.000000	9.000000	3.000000	0.000000	0.000000	0.000000	0.000000	0.000000	0.000000	0.000000	0.000000	0.000000	0.000000	0.000000	0.000000	0.000000	20.000000	20.000000	60.000000	0.000000	24.870000	0.000000	0.000000	0.000000	0.000000	0.000000	175.840000	214.500000	239.190000	0.000000	0.000000	0.000000	0.000000	0.000000	0.000000	61.250000	118.840000	214.320000	50.170000	70.560000	869.280000	0.000000
2029	2956.936000	400.000000	100.000000	70.000000	1568.522800	551.700000	67.000000	374.200000	172.000000	0.000000	0.000000	0.000000	0.000000	0.000000	0.000000	0.000000	0.000000	0.000000	0.000000	0.000000	0.000000	0.000000	0.000000	0.000000	0.000000	0.000000	0.000000	0.000000	0.000000	0.000000	88.600000	115.000000	87.000000	80.300000	83.000000	0.000000	0.000000	0.000000	0.000000	0.000000	0.000000	0.000000	0.000000	0.000000	0.000000	0.000000	0.000000	0.000000	0.000000	0.000000	0.000000	0.000000	0.000000	0.000000	0.000000	0.000000	0.000000	0.000000	0.000000	0.000000	0.000000	0.000000	30.000000	50.000000	20.400000	0.000000	0.000000	100.000000	50.000000	100.000000	50.000000	50.000000	11.000000	0.000000	0.000000	0.000000	0.000000	0.000000	0.000000	0.000000	0.000000	0.000000	0.000000	0.000000	300.000000	0.000000	0.000000	0.000000	0.000000	0.000000	0.000000	0.000000	0.000000	0.000000	0.000000	0.250000	50.000000	40.000000	40.000000	40.000000	42.000000	40.000000	40.000000	40.000000	40.000000	1.000000	40.000000	0.000000	10.000000	40.000000	0.000000	0.000000	0.000000	0.000000	0.000000	0.000000	0.000000	0.000000	0.000000	0.000000	0.000000	0.000000	140.000000	80.000000	0.000000	0.000000	0.000000	0.000000	0.000000	0.000000	0.000000	0.000000	0.000000	0.000000	0.000000	100.000000	0.000000	0.000000	0.000000	0.000000	0.000000	0.000000	29.000000	17.600000	39.600000	63.800000	0.000000	158.000000	140.000000	140.000000	100.000000	0.000000	0.000000	0.000000	0.000000	35.000000	58.000000	0.000000	0.000000	0.000000	0.000000	20.000000	20.000000	35.000000	83.000000	35.000000	0.000000	0.000000	25.400000	44.600000	0.000000	0.000000	0.000000	0.000000	2.100000	0.000000	0.000000	0.000000	0.000000	0.000000	0.000000	0.000000	0.000000	0.000000	0.000000	0.000000	0.000000	20.000000	0.000000	0.000000	8.000000	10.000000	1.000000	0.000000	0.000000	0.000000	0.000000	0.000000	0.000000	105.000000	164.000000	10.500000	80.000000	0.000000	40.000000	0.000000	0.000000	0.000000	0.000000	0.000000	0.000000	0.000000	0.000000	0.000000	0.000000	0.000000	0.000000	28.000000	30.000000	15.000000	9.000000	3.000000	0.000000	0.000000	0.000000	0.000000	0.000000	0.000000	0.000000	0.000000	0.000000	0.000000	0.000000	0.000000	0.000000	20.000000	20.000000	60.000000	0.000000	24.870000	0.000000	0.000000	0.000000	0.000000	0.000000	175.840000	214.500000	239.190000	0.000000	0.000000	0.000000	0.000000	0.000000	0.000000	61.250000	118.840000	214.320000	50.170000	70.560000	869.280000	0.000000
2030	3212.813000	400.000000	100.000000	70.000000	2142.891800	551.700000	67.000000	374.200000	172.000000	0.000000	0.000000	0.000000	0.000000	0.000000	0.000000	0.000000	0.000000	0.000000	0.000000	0.000000	0.000000	0.000000	0.000000	0.000000	0.000000	0.000000	0.000000	0.000000	0.000000	0.000000	0.000000	115.000000	87.000000	80.300000	83.000000	0.000000	0.000000	0.000000	0.000000	0.000000	0.000000	0.000000	0.000000	0.000000	0.000000	0.000000	0.000000	0.000000	0.000000	0.000000	0.000000	0.000000	0.000000	0.000000	0.000000	0.000000	0.000000	0.000000	0.000000	0.000000	0.000000	0.000000	30.000000	50.000000	20.400000	0.000000	0.000000	100.000000	50.000000	100.000000	50.000000	50.000000	11.000000	0.000000	0.000000	0.000000	0.000000	0.000000	0.000000	0.000000	0.000000	0.000000	0.000000	0.000000	300.000000	0.000000	0.000000	0.000000	0.000000	0.000000	0.000000	0.000000	0.000000	0.000000	30.000000	0.250000	50.000000	40.000000	40.000000	40.000000	42.000000	40.000000	40.000000	40.000000	40.000000	1.000000	40.000000	30.000000	10.000000	40.000000	0.000000	0.000000	0.000000	0.000000	0.000000	0.000000	0.000000	0.000000	0.000000	0.000000	0.000000	0.000000	140.000000	80.000000	0.000000	0.000000	0.000000	0.000000	0.000000	0.000000	0.000000	0.000000	0.000000	0.000000	0.000000	100.000000	0.000000	0.000000	0.000000	0.000000	0.000000	0.000000	29.000000	17.600000	39.600000	63.800000	0.000000	158.000000	140.000000	140.000000	100.000000	72.880400	0.000000	0.000000	0.000000	35.000000	58.000000	0.000000	0.000000	0.000000	0.000000	20.000000	20.000000	35.000000	83.000000	35.000000	0.000000	0.000000	25.400000	44.600000	0.000000	0.000000	0.000000	0.000000	2.100000	0.000000	0.000000	0.000000	0.000000	0.000000	0.000000	0.000000	0.000000	0.000000	0.000000	0.000000	0.000000	20.000000	0.000000	10.000000	8.000000	10.000000	1.000000	0.000000	0.000000	0.000000	0.000000	0.000000	0.000000	105.000000	164.000000	10.500000	80.000000	0.000000	40.000000	0.000000	0.000000	0.000000	0.000000	0.000000	0.000000	0.000000	0.000000	0.000000	0.000000	0.000000	0.000000	28.000000	30.000000	15.000000	9.000000	3.000000	0.000000	0.000000	0.000000	0.000000	0.000000	0.000000	0.000000	0.000000	0.000000	0.000000	0.000000	0.000000	0.000000	20.000000	20.000000	60.000000	0.000000	24.870000	0.000000	0.000000	0.000000	0.000000	0.000000	175.840000	214.500000	239.190000	0.000000	0.000000	0.000000	0.000000	0.000000	0.000000	61.250000	118.840000	214.320000	50.170000	70.560000	869.280000	0.000000
2031	3514.195000	400.000000	100.000000	70.000000	2873.024800	551.700000	67.000000	374.200000	172.000000	0.000000	0.000000	0.000000	0.000000	0.000000	0.000000	0.000000	0.000000	0.000000	0.000000	0.000000	0.000000	0.000000	0.000000	0.000000	0.000000	0.000000	0.000000	0.000000	0.000000	0.000000	0.000000	0.000000	87.000000	80.300000	83.000000	0.000000	0.000000	0.000000	0.000000	0.000000	0.000000	0.000000	0.000000	0.000000	0.000000	0.000000	0.000000	0.000000	0.000000	0.000000	0.000000	0.000000	0.000000	0.000000	0.000000	0.000000	0.000000	0.000000	0.000000	0.000000	0.000000	80.000000	30.000000	50.000000	20.400000	0.000000	40.000000	100.000000	50.000000	100.000000	50.000000	50.000000	11.000000	0.000000	0.000000	0.000000	0.000000	0.000000	0.000000	0.000000	0.000000	0.000000	0.000000	0.000000	300.000000	0.000000	0.000000	0.000000	0.000000	0.000000	0.000000	0.000000	0.000000	0.000000	30.000000	0.250000	50.000000	40.000000	40.000000	40.000000	42.000000	40.000000	40.000000	40.000000	40.000000	1.000000	40.000000	30.000000	10.000000	40.000000	0.000000	0.000000	0.000000	0.000000	0.000000	0.000000	0.000000	0.000000	0.000000	0.000000	0.000000	0.000000	140.000000	80.000000	0.000000	0.000000	0.000000	0.000000	0.000000	0.000000	0.000000	0.000000	0.000000	0.000000	0.000000	100.000000	0.000000	0.000000	0.000000	0.000000	0.000000	0.000000	29.000000	17.600000	39.600000	63.800000	0.000000	158.000000	140.000000	140.000000	100.000000	100.000000	0.000000	0.000000	0.000000	35.000000	58.000000	0.000000	0.000000	0.000000	0.000000	20.000000	20.000000	35.000000	83.000000	35.000000	0.000000	0.000000	25.400000	44.600000	0.000000	0.000000	0.000000	0.000000	2.100000	0.000000	0.000000	0.000000	0.000000	0.000000	0.000000	0.000000	0.000000	0.000000	0.000000	0.000000	0.000000	20.000000	0.000000	10.000000	8.000000	10.000000	1.000000	0.000000	0.000000	0.000000	0.000000	0.000000	0.000000	105.000000	164.000000	10.500000	80.000000	0.000000	0.000000	0.000000	0.000000	0.000000	0.000000	0.000000	0.000000	0.000000	0.000000	0.000000	0.000000	0.000000	0.000000	28.000000	30.000000	15.000000	9.000000	3.000000	0.000000	0.000000	0.000000	0.000000	0.000000	0.000000	0.000000	0.000000	0.000000	0.000000	0.000000	0.000000	0.000000	20.000000	20.000000	60.000000	0.000000	24.870000	0.000000	0.000000	0.000000	0.000000	0.000000	175.840000	214.500000	239.190000	377.338000	377.338000	0.000000	0.000000	0.000000	0.000000	61.250000	118.840000	214.320000	50.170000	70.560000	869.280000	0.000000
2032	3814.365000	400.000000	100.000000	70.000000	2873.024800	551.700000	67.000000	374.200000	172.000000	0.000000	0.000000	0.000000	0.000000	0.000000	0.000000	0.000000	0.000000	0.000000	0.000000	0.000000	0.000000	0.000000	0.000000	0.000000	0.000000	0.000000	0.000000	0.000000	0.000000	0.000000	0.000000	0.000000	87.000000	80.300000	83.000000	0.000000	0.000000	0.000000	0.000000	0.000000	0.000000	0.000000	0.000000	0.000000	0.000000	0.000000	0.000000	0.000000	0.000000	0.000000	0.000000	0.000000	0.000000	0.000000	0.000000	0.000000	0.000000	0.000000	0.000000	0.000000	0.000000	80.000000	30.000000	50.000000	20.400000	0.000000	40.000000	100.000000	50.000000	100.000000	50.000000	50.000000	11.000000	0.000000	0.000000	0.000000	0.000000	0.000000	0.000000	0.000000	0.000000	0.000000	0.000000	0.000000	300.000000	0.000000	0.000000	0.000000	0.000000	0.000000	0.000000	0.000000	0.000000	0.000000	30.000000	0.250000	50.000000	40.000000	40.000000	40.000000	42.000000	40.000000	40.000000	40.000000	40.000000	1.000000	40.000000	30.000000	10.000000	40.000000	0.000000	0.000000	0.000000	0.000000	0.000000	0.000000	0.000000	0.000000	0.000000	0.000000	0.000000	0.000000	140.000000	80.000000	0.000000	0.000000	0.000000	0.000000	0.000000	0.000000	0.000000	0.000000	0.000000	0.000000	0.000000	100.000000	0.000000	0.000000	0.000000	0.000000	0.000000	0.000000	29.000000	17.600000	39.600000	63.800000	0.000000	158.000000	140.000000	140.000000	100.000000	100.000000	0.000000	0.000000	357.147000	35.000000	58.000000	0.000000	0.000000	0.000000	0.000000	20.000000	20.000000	35.000000	83.000000	35.000000	0.000000	0.000000	25.400000	44.600000	0.000000	0.000000	0.000000	0.000000	2.100000	0.000000	0.000000	0.000000	0.000000	0.000000	0.000000	0.000000	0.000000	0.000000	0.000000	8.400000	2.400000	20.000000	0.000000	10.000000	8.000000	10.000000	1.000000	0.000000	0.000000	0.000000	0.000000	0.000000	0.000000	105.000000	164.000000	10.500000	80.000000	0.000000	0.000000	0.000000	0.000000	0.000000	0.000000	0.000000	0.000000	0.000000	0.000000	0.000000	0.000000	0.000000	0.000000	28.000000	30.000000	15.000000	9.000000	3.000000	0.000000	0.000000	0.000000	0.000000	0.000000	0.000000	0.000000	0.000000	0.000000	0.000000	0.000000	0.000000	0.000000	20.000000	20.000000	60.000000	0.000000	24.870000	0.000000	0.000000	0.000000	0.000000	0.000000	175.840000	214.500000	239.190000	377.338000	377.338000	0.000000	0.000000	0.000000	0.000000	61.250000	118.840000	214.320000	50.170000	70.560000	869.280000	0.000000
2033	4084.667000	400.000000	100.000000	70.000000	2884.846600	551.700000	67.000000	374.200000	172.000000	0.000000	0.000000	0.000000	0.000000	0.000000	0.000000	0.000000	0.000000	0.000000	0.000000	0.000000	0.000000	0.000000	0.000000	0.000000	0.000000	0.000000	0.000000	0.000000	0.000000	0.000000	0.000000	0.000000	87.000000	80.300000	83.000000	0.000000	0.000000	0.000000	0.000000	0.000000	0.000000	0.000000	0.000000	0.000000	0.000000	0.000000	0.000000	0.000000	0.000000	0.000000	0.000000	0.000000	0.000000	0.000000	0.000000	0.000000	0.000000	0.000000	0.000000	0.000000	0.000000	80.000000	30.000000	50.000000	20.400000	0.000000	40.000000	100.000000	50.000000	100.000000	50.000000	50.000000	11.000000	0.000000	0.000000	0.000000	0.000000	0.000000	0.000000	0.000000	0.000000	0.000000	0.000000	0.000000	300.000000	0.000000	0.000000	0.000000	0.000000	0.000000	0.000000	0.000000	0.000000	0.000000	30.000000	0.250000	50.000000	40.000000	40.000000	40.000000	42.000000	40.000000	40.000000	40.000000	40.000000	1.000000	40.000000	30.000000	10.000000	40.000000	0.000000	0.000000	0.000000	0.000000	0.000000	0.000000	0.000000	0.000000	0.000000	0.000000	0.000000	0.000000	140.000000	80.000000	0.000000	0.000000	0.000000	0.000000	0.000000	0.000000	0.000000	0.000000	0.000000	0.000000	0.000000	100.000000	0.000000	0.000000	0.000000	0.000000	0.000000	0.000000	29.000000	17.600000	39.600000	63.800000	0.000000	158.000000	140.000000	140.000000	100.000000	100.000000	0.000000	0.000000	607.808000	35.000000	58.000000	0.000000	0.000000	0.000000	0.000000	20.000000	20.000000	35.000000	83.000000	35.000000	0.000000	0.000000	25.400000	44.600000	0.000000	0.000000	0.000000	0.000000	2.100000	0.000000	0.000000	0.000000	0.000000	0.000000	0.000000	0.000000	0.000000	0.000000	3.000000	8.400000	2.400000	20.000000	0.000000	10.000000	8.000000	10.000000	1.000000	0.000000	0.000000	0.000000	0.000000	0.000000	0.000000	105.000000	164.000000	10.500000	80.000000	0.000000	0.000000	0.000000	0.000000	0.000000	0.000000	0.000000	0.000000	0.000000	0.000000	0.000000	0.000000	0.000000	0.000000	28.000000	30.000000	15.000000	9.000000	3.000000	0.000000	0.000000	0.000000	0.000000	0.000000	0.000000	0.000000	0.000000	0.000000	0.000000	0.000000	0.000000	0.000000	20.000000	20.000000	60.000000	0.000000	24.870000	0.000000	0.000000	0.000000	0.000000	0.000000	175.840000	214.500000	239.190000	377.338000	377.338000	0.000000	0.000000	0.000000	0.000000	61.250000	118.840000	214.320000	50.170000	70.560000	869.280000	0.000000
2034	4372.052000	400.000000	100.000000	70.000000	2956.867000	551.700000	67.000000	374.200000	172.000000	0.000000	0.000000	0.000000	0.000000	0.000000	0.000000	0.000000	0.000000	0.000000	0.000000	0.000000	0.000000	0.000000	0.000000	0.000000	0.000000	0.000000	0.000000	0.000000	0.000000	0.000000	0.000000	0.000000	0.000000	0.000000	83.000000	0.000000	0.000000	0.000000	0.000000	0.000000	0.000000	0.000000	0.000000	0.000000	0.000000	0.000000	0.000000	0.000000	0.000000	0.000000	0.000000	0.000000	0.000000	0.000000	0.000000	0.000000	0.000000	0.000000	0.000000	0.000000	100.000000	80.000000	30.000000	50.000000	20.400000	0.000000	40.000000	100.000000	50.000000	100.000000	50.000000	50.000000	11.000000	0.000000	0.000000	0.000000	0.000000	0.000000	0.000000	0.000000	0.000000	0.000000	0.000000	0.000000	300.000000	0.000000	0.000000	0.000000	0.000000	0.000000	0.000000	0.000000	0.000000	0.000000	30.000000	0.250000	50.000000	40.000000	40.000000	40.000000	42.000000	40.000000	40.000000	40.000000	40.000000	1.000000	40.000000	30.000000	10.000000	40.000000	0.000000	0.000000	0.000000	0.000000	0.000000	0.000000	0.000000	0.000000	0.000000	0.000000	0.000000	0.000000	140.000000	80.000000	0.000000	0.000000	0.000000	0.000000	0.000000	0.000000	0.000000	0.000000	0.000000	0.000000	0.000000	100.000000	0.000000	0.000000	0.000000	0.000000	0.000000	0.000000	29.000000	17.600000	39.600000	63.800000	0.000000	158.000000	140.000000	140.000000	100.000000	100.000000	0.000000	0.000000	1048.921000	35.000000	58.000000	0.000000	0.000000	0.000000	0.000000	20.000000	20.000000	35.000000	83.000000	35.000000	0.000000	0.000000	25.400000	44.600000	0.000000	0.000000	0.000000	0.000000	2.100000	0.000000	0.000000	0.000000	0.000000	0.000000	0.000000	0.000000	0.300000	6.000000	3.000000	8.400000	2.400000	20.000000	0.000000	10.000000	8.000000	10.000000	1.000000	0.000000	0.000000	0.000000	0.000000	0.000000	0.000000	105.000000	164.000000	10.500000	80.000000	0.000000	0.000000	0.000000	0.000000	0.000000	0.000000	0.000000	0.000000	0.000000	0.000000	0.000000	0.000000	0.000000	0.000000	28.000000	30.000000	15.000000	9.000000	3.000000	0.000000	0.000000	0.000000	0.000000	0.000000	0.000000	0.000000	0.000000	0.000000	0.000000	0.000000	0.000000	0.000000	20.000000	20.000000	60.000000	0.000000	24.870000	0.000000	0.000000	0.000000	0.000000	0.000000	175.840000	214.500000	239.190000	377.338000	377.338000	0.000000	0.000000	0.000000	0.000000	61.250000	118.840000	214.320000	50.170000	70.560000	869.280000	0.000000
2035	4673.283000	400.000000	100.000000	70.000000	3252.891000	551.700000	67.000000	374.200000	172.000000	0.000000	0.000000	0.000000	0.000000	0.000000	0.000000	0.000000	0.000000	0.000000	0.000000	0.000000	0.000000	0.000000	0.000000	0.000000	0.000000	0.000000	0.000000	0.000000	0.000000	0.000000	0.000000	0.000000	0.000000	0.000000	0.000000	0.000000	0.000000	0.000000	0.000000	0.000000	0.000000	0.000000	0.000000	0.000000	0.000000	0.000000	0.000000	0.000000	0.000000	0.000000	0.000000	0.000000	0.000000	0.000000	0.000000	0.000000	0.000000	0.000000	200.000000	0.000000	100.000000	80.000000	30.000000	50.000000	0.000000	0.000000	40.000000	100.000000	50.000000	100.000000	50.000000	50.000000	11.000000	0.000000	0.000000	0.000000	0.000000	0.000000	0.000000	0.000000	0.000000	0.000000	0.000000	0.000000	300.000000	0.000000	0.000000	0.000000	0.000000	0.000000	0.000000	0.000000	0.000000	0.000000	30.000000	0.250000	50.000000	40.000000	40.000000	40.000000	42.000000	40.000000	40.000000	40.000000	40.000000	1.000000	40.000000	30.000000	10.000000	40.000000	0.000000	0.000000	0.000000	0.000000	0.000000	0.000000	0.000000	0.000000	0.000000	0.000000	0.000000	0.000000	140.000000	80.000000	0.000000	0.000000	0.000000	0.000000	0.000000	0.000000	0.000000	0.000000	0.000000	0.000000	0.000000	100.000000	0.000000	0.000000	0.000000	0.000000	0.000000	0.000000	29.000000	17.600000	39.600000	63.800000	0.000000	158.000000	140.000000	140.000000	100.000000	100.000000	60.000000	0.000000	1255.263000	35.000000	58.000000	0.000000	0.000000	0.000000	0.000000	20.000000	20.000000	35.000000	83.000000	35.000000	0.000000	0.000000	25.400000	44.600000	0.000000	0.000000	0.000000	0.000000	2.100000	0.000000	0.000000	0.000000	0.000000	0.000000	0.000000	0.000000	0.300000	6.000000	3.000000	8.400000	2.400000	20.000000	0.000000	10.000000	8.000000	10.000000	1.000000	0.000000	0.000000	0.000000	0.000000	0.000000	0.000000	105.000000	164.000000	10.500000	80.000000	0.000000	0.000000	0.000000	0.000000	0.000000	0.000000	0.000000	0.000000	0.000000	0.000000	0.000000	0.000000	0.000000	0.000000	28.000000	30.000000	15.000000	9.000000	3.000000	0.000000	0.000000	0.000000	0.000000	0.000000	0.000000	0.000000	0.000000	0.000000	0.000000	0.000000	0.000000	0.000000	20.000000	20.000000	60.000000	0.000000	24.870000	0.000000	0.000000	0.000000	0.000000	0.000000	175.840000	214.500000	239.190000	377.338000	377.338000	0.000000	0.000000	0.000000	0.000000	61.250000	118.840000	214.320000	50.170000	70.560000	869.280000	0.000000
2036	4967.239000	400.000000	100.000000	70.000000	3260.559430	551.700000	67.000000	374.200000	172.000000	0.000000	0.000000	0.000000	0.000000	0.000000	0.000000	0.000000	0.000000	0.000000	0.000000	0.000000	0.000000	0.000000	0.000000	0.000000	0.000000	0.000000	0.000000	0.000000	0.000000	0.000000	0.000000	0.000000	0.000000	0.000000	0.000000	0.000000	0.000000	0.000000	0.000000	0.000000	0.000000	0.000000	0.000000	0.000000	0.000000	0.000000	0.000000	0.000000	0.000000	0.000000	0.000000	0.000000	0.000000	0.000000	0.000000	0.000000	0.000000	0.000000	200.000000	0.000000	100.000000	80.000000	30.000000	50.000000	0.000000	0.000000	40.000000	100.000000	50.000000	100.000000	50.000000	50.000000	11.000000	0.000000	0.000000	0.000000	0.000000	0.000000	0.000000	0.000000	0.000000	0.000000	0.000000	0.000000	300.000000	0.000000	0.000000	0.000000	0.000000	0.000000	0.000000	0.000000	0.000000	0.000000	30.000000	0.250000	50.000000	40.000000	40.000000	40.000000	42.000000	40.000000	40.000000	40.000000	40.000000	1.000000	40.000000	30.000000	10.000000	40.000000	0.000000	0.000000	0.000000	0.000000	0.000000	0.000000	0.000000	0.000000	0.000000	0.000000	0.000000	0.000000	140.000000	80.000000	0.000000	0.000000	0.000000	0.000000	0.000000	0.000000	0.000000	0.000000	0.000000	0.000000	0.000000	100.000000	0.000000	0.000000	0.000000	0.000000	0.000000	0.000000	29.000000	17.600000	39.600000	63.800000	0.000000	158.000000	140.000000	140.000000	100.000000	100.000000	60.000000	0.000000	1434.781000	35.000000	58.000000	0.000000	0.000000	140.000000	0.000000	20.000000	20.000000	35.000000	83.000000	35.000000	0.000000	0.000000	25.400000	44.600000	0.000000	0.000000	0.000000	0.000000	2.100000	0.000000	0.000000	0.000000	0.000000	0.000000	0.000000	0.000000	0.300000	6.000000	3.000000	8.400000	2.400000	20.000000	0.000000	10.000000	8.000000	10.000000	1.000000	0.000000	0.000000	0.000000	0.000000	0.000000	0.000000	105.000000	164.000000	10.500000	80.000000	0.000000	0.000000	0.000000	0.000000	0.000000	0.000000	0.000000	0.000000	0.000000	0.000000	0.000000	0.000000	0.000000	0.000000	28.000000	30.000000	15.000000	9.000000	3.000000	0.000000	0.000000	0.000000	0.000000	0.000000	0.000000	0.000000	0.000000	0.000000	0.000000	0.000000	0.000000	0.000000	20.000000	20.000000	60.000000	0.000000	24.870000	0.000000	0.000000	0.000000	0.000000	0.000000	175.840000	214.500000	239.190000	377.338000	377.338000	0.000000	0.000000	0.000000	0.000000	61.250000	118.840000	214.320000	50.170000	70.560000	869.280000	0.000000
2037	5296.698000	400.000000	100.000000	70.000000	3393.376430	551.700000	67.000000	374.200000	172.000000	0.000000	0.000000	0.000000	0.000000	0.000000	0.000000	0.000000	0.000000	0.000000	0.000000	0.000000	0.000000	0.000000	0.000000	0.000000	0.000000	0.000000	0.000000	0.000000	0.000000	0.000000	0.000000	0.000000	0.000000	0.000000	0.000000	0.000000	0.000000	0.000000	0.000000	0.000000	0.000000	0.000000	0.000000	0.000000	0.000000	0.000000	0.000000	0.000000	0.000000	0.000000	0.000000	0.000000	0.000000	0.000000	0.000000	0.000000	0.000000	0.000000	200.000000	220.000000	100.000000	80.000000	30.000000	50.000000	0.000000	0.000000	40.000000	100.000000	50.000000	100.000000	50.000000	50.000000	11.000000	0.000000	0.000000	0.000000	0.000000	0.000000	0.000000	0.000000	0.000000	0.000000	0.000000	0.000000	300.000000	0.000000	0.000000	0.000000	0.000000	0.000000	0.000000	0.000000	0.000000	0.000000	30.000000	0.250000	50.000000	40.000000	40.000000	40.000000	42.000000	40.000000	40.000000	40.000000	40.000000	1.000000	40.000000	30.000000	10.000000	40.000000	0.000000	0.000000	0.000000	0.000000	0.000000	0.000000	0.000000	0.000000	0.000000	0.000000	0.000000	0.000000	140.000000	80.000000	0.000000	0.000000	0.000000	0.000000	0.000000	0.000000	0.000000	0.000000	0.000000	0.000000	0.000000	100.000000	0.000000	0.000000	0.000000	0.000000	0.000000	0.000000	29.000000	17.600000	39.600000	63.800000	0.000000	158.000000	140.000000	140.000000	100.000000	100.000000	60.000000	0.000000	1732.878000	35.000000	58.000000	0.000000	0.000000	140.000000	0.000000	20.000000	20.000000	35.000000	83.000000	35.000000	0.000000	0.000000	25.400000	44.600000	0.000000	0.000000	0.000000	0.000000	0.000000	0.000000	0.000000	0.000000	0.000000	0.000000	0.000000	0.000000	0.300000	6.000000	3.000000	8.400000	2.400000	20.000000	0.000000	10.000000	8.000000	10.000000	1.000000	0.000000	0.000000	0.000000	0.000000	0.000000	0.000000	105.000000	164.000000	10.500000	80.000000	0.000000	0.000000	0.000000	0.000000	0.000000	0.000000	0.000000	0.000000	0.000000	0.000000	0.000000	0.000000	0.000000	0.000000	28.000000	30.000000	15.000000	9.000000	3.000000	0.000000	0.000000	0.000000	0.000000	0.000000	0.000000	0.000000	0.000000	0.000000	0.000000	0.000000	0.000000	0.000000	20.000000	20.000000	60.000000	0.000000	24.870000	0.000000	0.000000	0.000000	0.000000	0.000000	175.840000	214.500000	239.190000	377.338000	377.338000	0.000000	0.000000	0.000000	0.000000	61.250000	118.840000	214.320000	50.170000	70.560000	869.280000	0.000000
2038	5637.757000	400.000000	100.000000	70.000000	3393.376430	551.700000	67.000000	374.200000	172.000000	0.000000	0.000000	0.000000	0.000000	0.000000	0.000000	0.000000	0.000000	0.000000	0.000000	0.000000	0.000000	0.000000	0.000000	0.000000	0.000000	0.000000	0.000000	0.000000	0.000000	0.000000	0.000000	0.000000	0.000000	0.000000	0.000000	0.000000	0.000000	0.000000	0.000000	0.000000	0.000000	0.000000	0.000000	0.000000	0.000000	0.000000	0.000000	0.000000	0.000000	0.000000	0.000000	0.000000	0.000000	0.000000	0.000000	0.000000	0.000000	0.000000	200.000000	220.000000	100.000000	80.000000	30.000000	50.000000	0.000000	0.000000	40.000000	100.000000	50.000000	100.000000	50.000000	50.000000	11.000000	0.000000	0.000000	0.000000	0.000000	0.000000	0.000000	0.000000	0.000000	0.000000	0.000000	0.000000	0.000000	0.000000	0.000000	0.000000	0.000000	0.000000	0.000000	0.000000	0.000000	0.000000	30.000000	0.000000	0.000000	40.000000	40.000000	40.000000	42.000000	40.000000	40.000000	40.000000	40.000000	1.000000	40.000000	30.000000	10.000000	40.000000	0.000000	0.000000	0.000000	0.000000	0.000000	0.000000	0.000000	0.000000	0.000000	0.000000	0.000000	0.000000	140.000000	80.000000	0.000000	0.000000	0.000000	0.000000	0.000000	0.000000	0.000000	0.000000	0.000000	0.000000	0.000000	100.000000	0.000000	0.000000	0.000000	0.000000	0.000000	0.000000	29.000000	17.600000	0.000000	63.800000	0.000000	158.000000	140.000000	140.000000	100.000000	100.000000	60.000000	0.000000	2421.844000	35.000000	58.000000	0.000000	0.000000	140.000000	0.000000	20.000000	20.000000	35.000000	83.000000	35.000000	0.000000	0.000000	25.400000	44.600000	0.000000	0.000000	0.000000	0.000000	0.000000	0.000000	0.000000	0.000000	0.000000	0.000000	0.000000	0.000000	0.300000	6.000000	3.000000	8.400000	2.400000	20.000000	0.000000	10.000000	8.000000	10.000000	1.000000	0.000000	0.000000	0.000000	0.000000	0.000000	0.000000	105.000000	0.000000	10.500000	80.000000	0.000000	0.000000	0.000000	0.000000	0.000000	0.000000	0.000000	0.000000	0.000000	0.000000	0.000000	0.000000	0.000000	0.000000	28.000000	30.000000	15.000000	9.000000	3.000000	0.000000	0.000000	0.000000	0.000000	0.000000	0.000000	0.000000	0.000000	0.000000	0.000000	0.000000	0.000000	0.000000	20.000000	20.000000	60.000000	0.000000	24.870000	0.000000	0.000000	0.000000	0.000000	0.000000	175.840000	214.500000	239.190000	435.318500	435.318500	0.000000	0.000000	0.000000	0.000000	61.250000	118.840000	214.320000	50.170000	70.560000	869.280000	0.000000
2039	5997.649000	400.000000	100.000000	70.000000	3607.136430	551.700000	67.000000	374.200000	172.000000	0.000000	0.000000	0.000000	0.000000	0.000000	0.000000	0.000000	0.000000	0.000000	0.000000	0.000000	0.000000	0.000000	0.000000	0.000000	0.000000	0.000000	0.000000	0.000000	0.000000	0.000000	0.000000	0.000000	0.000000	0.000000	0.000000	0.000000	0.000000	0.000000	0.000000	0.000000	0.000000	0.000000	0.000000	0.000000	0.000000	0.000000	0.000000	0.000000	0.000000	0.000000	0.000000	0.000000	0.000000	0.000000	0.000000	0.000000	0.000000	0.000000	200.000000	220.000000	100.000000	80.000000	30.000000	50.000000	0.000000	0.000000	40.000000	100.000000	50.000000	100.000000	50.000000	50.000000	11.000000	0.000000	0.000000	0.000000	0.000000	0.000000	0.000000	0.000000	0.000000	0.000000	0.000000	0.000000	0.000000	0.000000	0.000000	0.000000	0.000000	0.000000	0.000000	0.000000	0.000000	912.936000	30.000000	0.000000	0.000000	40.000000	40.000000	40.000000	42.000000	40.000000	40.000000	40.000000	40.000000	1.000000	40.000000	30.000000	10.000000	40.000000	0.000000	0.000000	0.000000	0.000000	0.000000	0.000000	0.000000	0.000000	0.000000	0.000000	0.000000	0.000000	140.000000	80.000000	0.000000	0.000000	0.000000	0.000000	0.000000	0.000000	0.000000	0.000000	0.000000	0.000000	0.000000	100.000000	0.000000	0.000000	0.000000	0.000000	0.000000	0.000000	29.000000	0.000000	0.000000	63.800000	0.000000	158.000000	0.000000	0.000000	100.000000	100.000000	60.000000	0.000000	2721.408000	35.000000	58.000000	0.000000	140.000000	140.000000	0.000000	20.000000	20.000000	35.000000	83.000000	35.000000	0.000000	0.000000	25.400000	0.000000	0.000000	0.000000	0.000000	0.000000	0.000000	0.000000	0.000000	0.000000	0.000000	0.000000	0.000000	0.000000	0.300000	6.000000	3.000000	8.400000	2.400000	20.000000	0.000000	10.000000	8.000000	10.000000	1.000000	0.000000	0.000000	0.000000	0.000000	0.000000	0.000000	105.000000	0.000000	10.500000	80.000000	0.000000	0.000000	0.000000	0.000000	0.000000	0.000000	0.000000	0.000000	0.000000	0.000000	0.000000	0.000000	0.000000	0.000000	28.000000	30.000000	15.000000	9.000000	3.000000	0.000000	0.000000	0.000000	0.000000	0.000000	0.000000	0.000000	0.000000	0.000000	0.000000	0.000000	0.000000	0.000000	20.000000	20.000000	60.000000	0.000000	24.870000	0.000000	0.000000	0.000000	0.000000	0.000000	175.840000	214.500000	239.190000	703.083500	703.083500	0.000000	0.000000	0.000000	0.000000	61.250000	118.840000	214.320000	50.170000	70.560000	869.280000	0.000000
2040	6377.490000	400.000000	100.000000	70.000000	4291.982430	551.700000	67.000000	374.200000	172.000000	0.000000	0.000000	0.000000	0.000000	0.000000	0.000000	0.000000	0.000000	0.000000	0.000000	0.000000	0.000000	0.000000	0.000000	0.000000	0.000000	0.000000	0.000000	0.000000	0.000000	0.000000	0.000000	0.000000	0.000000	0.000000	0.000000	0.000000	0.000000	0.000000	0.000000	0.000000	0.000000	0.000000	0.000000	0.000000	0.000000	0.000000	0.000000	0.000000	0.000000	0.000000	0.000000	0.000000	0.000000	0.000000	0.000000	0.000000	0.000000	0.000000	200.000000	220.000000	100.000000	80.000000	30.000000	50.000000	0.000000	0.000000	40.000000	100.000000	50.000000	100.000000	50.000000	50.000000	11.000000	0.000000	0.000000	0.000000	0.000000	0.000000	0.000000	0.000000	0.000000	0.000000	0.000000	0.000000	0.000000	0.000000	0.000000	0.000000	0.000000	0.000000	0.000000	0.000000	0.000000	2462.896000	30.000000	0.000000	0.000000	40.000000	40.000000	40.000000	42.000000	40.000000	40.000000	40.000000	40.000000	1.000000	40.000000	30.000000	10.000000	40.000000	0.000000	0.000000	0.000000	0.000000	0.000000	0.000000	0.000000	0.000000	0.000000	0.000000	0.000000	0.000000	140.000000	80.000000	0.000000	0.000000	0.000000	0.000000	0.000000	0.000000	0.000000	0.000000	0.000000	0.000000	0.000000	100.000000	0.000000	0.000000	0.000000	0.000000	0.000000	0.000000	29.000000	0.000000	0.000000	63.800000	0.000000	158.000000	0.000000	0.000000	100.000000	100.000000	60.000000	0.000000	2721.408000	35.000000	58.000000	0.000000	140.000000	140.000000	0.000000	20.000000	20.000000	35.000000	83.000000	35.000000	0.000000	0.000000	0.000000	0.000000	0.000000	0.000000	0.000000	0.000000	0.000000	0.000000	0.000000	0.000000	0.000000	0.000000	0.000000	0.000000	0.300000	6.000000	3.000000	8.400000	2.400000	20.000000	0.000000	10.000000	8.000000	10.000000	1.000000	0.000000	0.000000	0.000000	0.000000	0.000000	0.000000	105.000000	0.000000	10.500000	80.000000	0.000000	0.000000	0.000000	0.000000	0.000000	0.000000	0.000000	0.000000	0.000000	0.000000	0.000000	0.000000	0.000000	0.000000	28.000000	30.000000	15.000000	9.000000	3.000000	0.000000	0.000000	0.000000	0.000000	0.000000	0.000000	0.000000	0.000000	0.000000	0.000000	0.000000	0.000000	0.000000	20.000000	20.000000	60.000000	0.000000	24.870000	0.000000	0.000000	0.000000	0.000000	0.000000	175.840000	214.500000	239.190000	1106.292500	1106.292500	0.000000	0.000000	0.000000	0.000000	61.250000	118.840000	214.320000	50.170000	70.560000	869.280000	0.000000
2041	6377.490000	400.000000	100.000000	70.000000	4322.508230	551.700000	67.000000	374.200000	172.000000	0.000000	0.000000	0.000000	0.000000	0.000000	0.000000	0.000000	0.000000	0.000000	0.000000	0.000000	0.000000	0.000000	0.000000	0.000000	0.000000	0.000000	0.000000	0.000000	0.000000	0.000000	0.000000	0.000000	0.000000	0.000000	0.000000	0.000000	0.000000	0.000000	0.000000	0.000000	0.000000	0.000000	0.000000	0.000000	0.000000	0.000000	0.000000	0.000000	0.000000	0.000000	0.000000	0.000000	0.000000	0.000000	0.000000	0.000000	0.000000	0.000000	200.000000	220.000000	100.000000	80.000000	30.000000	50.000000	0.000000	0.000000	40.000000	0.000000	50.000000	100.000000	50.000000	50.000000	11.000000	0.000000	0.000000	0.000000	0.000000	0.000000	0.000000	0.000000	0.000000	0.000000	0.000000	0.000000	0.000000	0.000000	0.000000	0.000000	0.000000	0.000000	0.000000	0.000000	0.000000	2790.934000	30.000000	0.000000	0.000000	40.000000	40.000000	40.000000	42.000000	0.000000	0.000000	40.000000	40.000000	1.000000	40.000000	30.000000	10.000000	0.000000	0.000000	0.000000	0.000000	0.000000	0.000000	0.000000	0.000000	0.000000	0.000000	0.000000	0.000000	0.000000	140.000000	80.000000	0.000000	0.000000	0.000000	0.000000	0.000000	0.000000	0.000000	0.000000	0.000000	0.000000	0.000000	100.000000	0.000000	0.000000	0.000000	0.000000	0.000000	0.000000	0.000000	0.000000	0.000000	63.800000	0.000000	158.000000	0.000000	0.000000	100.000000	100.000000	60.000000	0.000000	2807.623700	35.000000	58.000000	0.000000	140.000000	140.000000	0.000000	20.000000	20.000000	35.000000	83.000000	35.000000	0.000000	0.000000	0.000000	0.000000	0.000000	0.000000	0.000000	0.000000	0.000000	0.000000	0.000000	0.000000	0.000000	0.000000	0.000000	0.000000	0.300000	6.000000	3.000000	8.400000	2.400000	20.000000	0.000000	10.000000	8.000000	10.000000	1.000000	0.000000	0.000000	0.000000	0.000000	0.000000	0.000000	0.000000	0.000000	10.500000	80.000000	0.000000	0.000000	0.000000	0.000000	0.000000	0.000000	0.000000	0.000000	0.000000	0.000000	0.000000	0.000000	0.000000	0.000000	28.000000	30.000000	15.000000	9.000000	3.000000	0.000000	0.000000	0.000000	0.000000	0.000000	0.000000	0.000000	0.000000	0.000000	0.000000	0.000000	0.000000	0.000000	20.000000	20.000000	60.000000	0.000000	24.870000	0.000000	0.000000	0.000000	0.000000	0.000000	175.840000	214.500000	239.190000	1236.378500	1236.378500	0.000000	0.000000	0.000000	0.000000	61.250000	118.840000	214.320000	50.170000	70.560000	869.280000	0.000000
2042	6377.490000	400.000000	100.000000	70.000000	4322.508230	551.700000	67.000000	374.200000	172.000000	0.000000	0.000000	0.000000	0.000000	0.000000	0.000000	0.000000	0.000000	0.000000	0.000000	0.000000	0.000000	0.000000	0.000000	0.000000	0.000000	0.000000	0.000000	0.000000	0.000000	0.000000	0.000000	0.000000	0.000000	0.000000	0.000000	0.000000	0.000000	0.000000	0.000000	0.000000	0.000000	0.000000	0.000000	0.000000	0.000000	0.000000	0.000000	0.000000	0.000000	0.000000	0.000000	0.000000	0.000000	0.000000	0.000000	0.000000	0.000000	0.000000	200.000000	220.000000	100.000000	80.000000	30.000000	50.000000	0.000000	0.000000	40.000000	0.000000	50.000000	100.000000	50.000000	50.000000	11.000000	0.000000	0.000000	0.000000	0.000000	0.000000	0.000000	0.000000	0.000000	0.000000	0.000000	0.000000	0.000000	0.000000	0.000000	0.000000	0.000000	0.000000	0.000000	0.000000	0.000000	2833.601900	30.000000	0.000000	0.000000	40.000000	40.000000	40.000000	42.000000	0.000000	0.000000	0.000000	40.000000	1.000000	40.000000	30.000000	10.000000	0.000000	0.000000	0.000000	0.000000	0.000000	0.000000	0.000000	0.000000	0.000000	0.000000	0.000000	0.000000	0.000000	140.000000	80.000000	0.000000	0.000000	0.000000	0.000000	0.000000	0.000000	0.000000	0.000000	0.000000	0.000000	0.000000	100.000000	0.000000	0.000000	0.000000	0.000000	0.000000	0.000000	0.000000	0.000000	0.000000	63.800000	0.000000	158.000000	0.000000	0.000000	100.000000	100.000000	60.000000	0.000000	2807.656190	35.000000	58.000000	0.000000	140.000000	140.000000	0.000000	20.000000	20.000000	35.000000	83.000000	35.000000	0.000000	0.000000	0.000000	0.000000	0.000000	0.000000	0.000000	0.000000	0.000000	0.000000	0.000000	0.000000	0.000000	0.000000	0.000000	0.000000	0.300000	6.000000	3.000000	8.400000	2.400000	20.000000	0.000000	10.000000	8.000000	10.000000	1.000000	0.000000	0.000000	0.000000	0.000000	0.000000	0.000000	0.000000	0.000000	10.500000	80.000000	0.000000	0.000000	0.000000	0.000000	0.000000	0.000000	0.000000	0.000000	0.000000	0.000000	0.000000	0.000000	0.000000	0.000000	28.000000	30.000000	15.000000	9.000000	3.000000	0.000000	0.000000	0.000000	0.000000	0.000000	0.000000	0.000000	0.000000	0.000000	0.000000	0.000000	0.000000	0.000000	20.000000	20.000000	60.000000	0.000000	24.870000	0.000000	0.000000	0.000000	0.000000	0.000000	175.840000	214.500000	239.190000	1238.995080	1238.995080	0.000000	0.000000	0.000000	0.000000	61.250000	118.840000	214.320000	50.170000	70.560000	869.280000	0.000000
2043	6377.490000	400.000000	100.000000	70.000000	4352.695630	551.700000	67.000000	374.200000	172.000000	0.000000	0.000000	0.000000	0.000000	0.000000	0.000000	0.000000	0.000000	0.000000	0.000000	0.000000	0.000000	0.000000	0.000000	0.000000	0.000000	0.000000	0.000000	0.000000	0.000000	0.000000	0.000000	0.000000	0.000000	0.000000	0.000000	0.000000	0.000000	0.000000	0.000000	0.000000	0.000000	0.000000	0.000000	0.000000	0.000000	0.000000	0.000000	0.000000	0.000000	0.000000	0.000000	0.000000	0.000000	0.000000	0.000000	0.000000	0.000000	0.000000	200.000000	220.000000	100.000000	80.000000	30.000000	50.000000	0.000000	0.000000	40.000000	0.000000	50.000000	100.000000	50.000000	50.000000	11.000000	0.000000	0.000000	0.000000	0.000000	0.000000	0.000000	0.000000	0.000000	0.000000	0.000000	0.000000	0.000000	0.000000	0.000000	0.000000	0.000000	0.000000	0.000000	0.000000	0.000000	2875.931000	30.000000	0.000000	0.000000	40.000000	40.000000	40.000000	42.000000	0.000000	0.000000	0.000000	40.000000	0.000000	40.000000	30.000000	10.000000	0.000000	0.000000	0.000000	0.000000	0.000000	0.000000	0.000000	0.000000	0.000000	0.000000	0.000000	0.000000	0.000000	140.000000	80.000000	0.000000	0.000000	0.000000	0.000000	0.000000	0.000000	0.000000	0.000000	0.000000	0.000000	0.000000	100.000000	0.000000	0.000000	0.000000	0.000000	0.000000	0.000000	0.000000	0.000000	0.000000	0.000000	0.000000	158.000000	0.000000	0.000000	100.000000	100.000000	60.000000	0.000000	2853.158190	35.000000	58.000000	0.000000	140.000000	140.000000	0.000000	20.000000	20.000000	35.000000	83.000000	35.000000	0.000000	0.000000	0.000000	0.000000	0.000000	0.000000	0.000000	0.000000	0.000000	0.000000	0.000000	0.000000	0.000000	0.000000	0.000000	0.000000	0.300000	6.000000	3.000000	8.400000	2.400000	20.000000	0.000000	10.000000	8.000000	10.000000	0.000000	0.000000	0.000000	0.000000	0.000000	0.000000	0.000000	0.000000	0.000000	10.500000	80.000000	0.000000	0.000000	0.000000	0.000000	0.000000	0.000000	0.000000	0.000000	0.000000	0.000000	0.000000	0.000000	0.000000	0.000000	28.000000	30.000000	15.000000	9.000000	3.000000	0.000000	0.000000	0.000000	0.000000	0.000000	0.000000	0.000000	0.000000	0.000000	0.000000	0.000000	0.000000	0.000000	20.000000	20.000000	60.000000	0.000000	24.870000	0.000000	0.000000	0.000000	0.000000	0.000000	175.840000	214.500000	239.190000	1249.065680	1249.065680	0.000000	0.000000	0.000000	0.000000	61.250000	118.840000	214.320000	50.170000	70.560000	869.280000	0.000000
2044	6377.490000	400.000000	100.000000	70.000000	4353.033700	551.700000	67.000000	374.200000	172.000000	0.000000	0.000000	0.000000	0.000000	0.000000	0.000000	0.000000	0.000000	0.000000	0.000000	0.000000	0.000000	0.000000	0.000000	0.000000	0.000000	0.000000	0.000000	0.000000	0.000000	0.000000	0.000000	0.000000	0.000000	0.000000	0.000000	0.000000	0.000000	0.000000	0.000000	0.000000	0.000000	0.000000	0.000000	0.000000	0.000000	0.000000	0.000000	0.000000	0.000000	0.000000	0.000000	0.000000	0.000000	0.000000	0.000000	0.000000	0.000000	0.000000	200.000000	220.000000	100.000000	80.000000	30.000000	50.000000	0.000000	0.000000	40.000000	0.000000	50.000000	100.000000	50.000000	50.000000	11.000000	0.000000	0.000000	0.000000	0.000000	0.000000	0.000000	0.000000	0.000000	0.000000	0.000000	0.000000	0.000000	0.000000	0.000000	0.000000	0.000000	0.000000	0.000000	0.000000	0.000000	2876.987230	30.000000	0.000000	0.000000	40.000000	0.000000	40.000000	42.000000	0.000000	0.000000	0.000000	40.000000	0.000000	40.000000	30.000000	10.000000	0.000000	0.000000	0.000000	0.000000	0.000000	0.000000	0.000000	0.000000	0.000000	0.000000	0.000000	0.000000	0.000000	140.000000	80.000000	0.000000	0.000000	0.000000	0.000000	0.000000	0.000000	0.000000	0.000000	0.000000	0.000000	0.000000	100.000000	0.000000	0.000000	0.000000	0.000000	0.000000	0.000000	0.000000	0.000000	0.000000	0.000000	0.000000	0.000000	0.000000	0.000000	100.000000	100.000000	60.000000	0.000000	3011.952190	35.000000	58.000000	0.000000	140.000000	140.000000	0.000000	20.000000	20.000000	35.000000	83.000000	35.000000	0.000000	0.000000	0.000000	0.000000	0.000000	0.000000	0.000000	0.000000	0.000000	0.000000	0.000000	0.000000	0.000000	0.000000	0.000000	0.000000	0.300000	6.000000	3.000000	8.400000	2.400000	20.000000	0.000000	10.000000	8.000000	10.000000	0.000000	0.000000	0.000000	0.000000	0.000000	0.000000	0.000000	0.000000	0.000000	10.500000	80.000000	0.000000	0.000000	0.000000	0.000000	0.000000	0.000000	0.000000	0.000000	0.000000	0.000000	0.000000	0.000000	0.000000	0.000000	28.000000	30.000000	15.000000	9.000000	3.000000	0.000000	0.000000	0.000000	0.000000	0.000000	0.000000	0.000000	0.000000	0.000000	0.000000	0.000000	0.000000	0.000000	20.000000	20.000000	60.000000	0.000000	24.870000	0.000000	0.000000	0.000000	0.000000	0.000000	175.840000	214.500000	239.190000	1249.211688	1249.211688	0.000000	0.000000	0.000000	0.000000	61.250000	118.840000	214.320000	50.170000	70.560000	869.280000	0.000000
2045	6377.490000	400.000000	100.000000	70.000000	4353.033700	551.700000	67.000000	374.200000	172.000000	0.000000	0.000000	0.000000	0.000000	0.000000	0.000000	0.000000	0.000000	0.000000	0.000000	0.000000	0.000000	0.000000	0.000000	0.000000	0.000000	0.000000	0.000000	0.000000	0.000000	0.000000	0.000000	0.000000	0.000000	0.000000	0.000000	0.000000	0.000000	0.000000	0.000000	0.000000	0.000000	0.000000	0.000000	0.000000	0.000000	0.000000	0.000000	0.000000	0.000000	0.000000	0.000000	0.000000	0.000000	0.000000	0.000000	0.000000	0.000000	0.000000	200.000000	220.000000	100.000000	80.000000	30.000000	0.000000	0.000000	0.000000	40.000000	0.000000	50.000000	100.000000	0.000000	0.000000	11.000000	0.000000	0.000000	0.000000	0.000000	0.000000	0.000000	0.000000	0.000000	0.000000	0.000000	0.000000	0.000000	0.000000	0.000000	0.000000	0.000000	0.000000	0.000000	0.000000	0.000000	2918.268530	30.000000	0.000000	0.000000	40.000000	0.000000	0.000000	42.000000	0.000000	0.000000	0.000000	40.000000	0.000000	40.000000	30.000000	10.000000	0.000000	0.000000	0.000000	0.000000	0.000000	0.000000	0.000000	0.000000	0.000000	0.000000	0.000000	0.000000	0.000000	140.000000	80.000000	0.000000	0.000000	0.000000	0.000000	0.000000	0.000000	0.000000	0.000000	0.000000	0.000000	0.000000	100.000000	0.000000	0.000000	0.000000	0.000000	0.000000	0.000000	0.000000	0.000000	0.000000	0.000000	0.000000	0.000000	0.000000	0.000000	100.000000	100.000000	60.000000	0.000000	3012.026869	35.000000	58.000000	0.000000	140.000000	140.000000	0.000000	20.000000	20.000000	35.000000	83.000000	35.000000	0.000000	0.000000	0.000000	0.000000	0.000000	0.000000	0.000000	0.000000	0.000000	0.000000	0.000000	0.000000	0.000000	0.000000	0.000000	0.000000	0.300000	6.000000	3.000000	8.400000	2.400000	20.000000	0.000000	10.000000	8.000000	10.000000	0.000000	0.000000	0.000000	0.000000	0.000000	0.000000	0.000000	0.000000	0.000000	10.500000	80.000000	0.000000	0.000000	0.000000	0.000000	0.000000	0.000000	0.000000	0.000000	0.000000	0.000000	0.000000	0.000000	0.000000	0.000000	28.000000	30.000000	15.000000	9.000000	3.000000	0.000000	0.000000	0.000000	0.000000	0.000000	0.000000	0.000000	0.000000	0.000000	0.000000	0.000000	0.000000	0.000000	20.000000	20.000000	60.000000	0.000000	24.870000	0.000000	0.000000	0.000000	0.000000	0.000000	175.840000	214.500000	239.190000	874.580108	1251.918108	0.000000	0.000000	0.000000	0.000000	61.250000	118.840000	214.320000	50.170000	70.560000	869.280000	0.000000

" "
