"KEa, Reference"
"Table 1:"		"KEa - Reference"
"Aug 19, 2024 22:13"		"Objective"
	Obj
2022	28276700.000000
2023	0.000000
2024	0.000000
2025	0.000000
2026	0.000000
2027	0.000000
2028	0.000000
2029	0.000000
2030	0.000000
2031	0.000000
2032	0.000000
2033	0.000000
2034	0.000000
2035	0.000000
2036	0.000000
2037	0.000000
2038	0.000000
2039	0.000000
2040	0.000000
2041	0.000000
2042	0.000000
2043	0.000000
2044	0.000000
2045	0.000000

" "
"Table 2:"		"KEa - Reference"
"Aug 19, 2024 22:13"		"KEaOutput"
	KEEL00T00_01	KEEL00i00_HVDC_01	KEEL00i00_TANESCO_01	KEEL00i00_TANESCO_02	KEEL00i00_UETCL_01	KEEL00i00_UETCL_02	KEEL00i00_01	KEEL00TDI_01	KEEL00TDR_01	KEEL00TDU_01	KEEL00TDC_01	KEEL00TUI_01	KEEL00TUR_01	KEEL00TUS_01	KEEL00TUU_01	KEEL00TUC_01	KEDS00I00_01	KENU00I00_01	KEGE00I00_01	KEGE00I00_Generic_01	KEGE00I00_steam_01	KEDSRC00_01	KEDSRC01_Tsavo_Extended_01	KEDSSC00_01	KEDSRI00_01	KEDSRU00_01	KEDSRB00_01	KEDSRR00_01	KEHF00I00_NAIROBI_01	KEHF00I00_01	KEHFRC00_01	KEHFRC01_Tsavo_01	KEHFRC01_Rabai_01	KEHFRC01_Kipevu_III_01	KEHFRC10_Thika_01	KEHFRC10_Gulf_01	KEHFRC10_Triumph_01	KEHFRC03_01	KEHFRC10_01	KEHFRC02_01	KEHFRC01_01	KECO00X00_01	KECOSC00_01	KECOSC11_01	KENG00I00_LNG_01	KENG00I00_01	KENGSC00_01	KENGSC12_Dongo_Kundu_01	KENGCC00_01	KENGCC12_LNG_Backup2_01	KENGCC12_LNG_Backup26_01	KENGCC12_LNG_Backup35_01	KENGCC12_LNG_Backup4_01	KENGCC12_LNG2_01	KENUPW00_01	KENUPW20_Nuclear_III_01	KENUPW20_Nuclear_II_01	KENUPW20_Nuclear_I_01	KENUPW20_01	KEWDLC00_01	KEWDLCZ004_Marsabit_PhII_01	KEWDLCZ007_Meru_PhIII_01	KEWDLCZ007_Meru_PhII_01	KEWDLCZ007_Meru_PhI_01	KEWDLCZ008_Oldanyat_01	KEWDLCZ008_Prunus_01	KEWDLCZH08_Ngong_PhII_01	KEWDLCZH08_Ngong_PhI_01	KEWDLCZ001_Bahari2_01	KEWDLCZH08_Kipeto_01	KEWDLCZ001_Bahari_PhI_01	KEWDLCZ004_Marsabit_PhI_01	KEWDLCZ008_Aperture_01	KEWDLCZ008_Chania_01	KEWDLCZ008_Ngong1_PhIII_01	KEWDOC00_01	KEWDLCZ010_01	KEWDLCZ009_01	KEWDLCZ008_01	KEWDLCZ007_01	KEWDLCZ006_01	KEWDLCZ005_01	KEWDLCZ004_01	KEWDLCZ003_01	KEWDLCZ002_01	KEWDLCZ001_01	KEWDLCZDP09_Lake_Turkana_01	KEWDLCZH08_01	KESOTN00_01	KESOTNZ002_01	KESOTNZ001_01	KESOTS00_01	KESOTSZ002_01	KESOTSZ001_01	KESOTG00_01	KESOPC00_01	KESOPCZ001_Kenya_Solar_01	KESOPCZ003_Strathmore_01	KESOPCZ003_REA_Garissa_01	KESOPCZ008_Kibwezi_01	KESOPCZ008_Tarita_Green_01	KESOPCZ008_Kopere_01	KESOPCZ001_SevenForks_01	KESOPCZ003_Eldosol_01	KESOPCZ003_Selenkei_01	KESOPCZ003_Alten_01	KESOPCZ009_Kenergy_01	KESOPCZ009_MarcoBorero_01	KESOPCZ001_Greenmillenia_01	KESOPCZ001_Makindu_01	KESOPCZ001_HannanArya_01	KESOPCZ001_Malindi_01	KESOPCZ010_01	KESOPCZ009_01	KESOPCZ008_01	KESOPCZ007_01	KESOPCZ006_01	KESOPCZ005_01	KESOPCZ004_01	KESOPCZ003_01	KESOPCZ002_01	KESOPCZ001_01	KEGOCV00_01	KEGOCV18_Menengai_V_01	KEGOCV16_Olkaria_7_01	KEGOCV16_Olkaria_6_01	KEGOCV12_Suswa_I_01	KEGOCV12_Suswa_II_01	KEGOCV12_Suswa_III_01	KEGOCV12_Olsuswa_I_01	KEGOCV13_Akiira_I_01	KEGOCV13_Akiira_II_01	KEGOCV20_AGIL_I_01	KEGOCV20_AGIL_II_01	KEGOCV20_AGIL_III_01	KEGOCV20_AGIL_IV_01	KEGOCV17_Korosi_I_01	KEGOCV17_Paka_I_01	KEGOCV16_Olkaria_II_Rehab_01	KEGOCV17_Paka_II_01	KEGOCV17_Silali_II_01	KEGOCV17_Paka_III_01	KEGOCV17_Silali_III_01	KEGOCV18_Menengai_IV_01	KEGOCV01_Orpower_4P4_01	KEGOCV01_Orpower_4P3_01	KEGOCV01_Orpower_4P2_01	KEGOCV01_Orpower_4PI_01	KEGOCV01_Olkaria_2_01	KEGOCV10_OLK_V_01	KEGOCV10_OLK_IAU_01	KEGOCV10_OLK_IV_01	KEGOCV17_Baringo_Silali_I_01	KEGOCV18_Menengai_III_01	KEGOCV18_Menengai_1_Stage2_01	KEGOCV12_Suswa_01	KEGOCV12_Eburru_01	KEGOCV16_Menengai_1_Orpower22_01	KEGOCV18_Wellheadleasing_01	KEGOCV13_Marine_Power_Akiira_01	KEGOCV16_Olkaria8_01	KEGOCV16_Olkaria9_01	KEGOCV17_Baringo_Silali_01	KEGOCV16_Olkaria_1V_Uprating_01	KEGOCV16_Olkaria_1_Uprating_01	KEGOCV18_Menengai_1_Quantum_01	KEGOCV16_Olkaria_1_Unit6_01	KEGOCV18_Menengai_1_Sosian_01	KEGOCV20_01	KEGOCV16_01	KEGOCV15_01	KEGOCV14_01	KEGOCV13_01	KEGOCV12_01	KEGOCV11_01	KEGOCV10_01	KEGOCV03_01	KEGOCV02_01	KEBM00X00_01	KEBW00X00_01	KEHY00X00_01	KESO00X00_01	KEWD00X00_01	KEBMST00_01	KEBMST10_BiogasH_01	KEBMST10_WestKenya_01	KEBMST10_VRHoldings_01	KEBMST10_Cummins_Cogen_01	KEBMST10_Viability_01	KEBMST10_Tana_Biogas_01	KEBMST10_MunicipalWtE_Biogas_01	KEBMST10_Roadtech_01	KEBMST10_ThikaWayBiogas_01	KEBMST10_Kwale_01	KEBMST10_REA_Vipingo_01	KEBWST00_01	KEBMST10_01	KEBMST01_01	KEHYDM00_01	KEHYDM_High_Grand_01	KEHYDM_Karura_01	KEHYDM_TURKWEL_01	KEHYDM_KIAMBERE_01	KEHYDM_Kindaruma_01	KEHYDM_Gitaru_01	KEHYDM_KAMBURU_01	KEHYDM_MASINGA_01	KEHYRO_Lower_Grand_01	KEHYDM_Kamburu_Masinga_01	KEHYDM_Turkwell_01	KEHYDM_Kiambere_01	KEHYRO00_01	KEHYRO_Small_2033_01	KEHYRO_Small_2032_01	KEHYRO_Small_2031_01	KEHYRO_Small_KTDA_2031_01	KEHYRO_Small_2030_01	KEHYRO_Small_KTDA_2030_01	KEHYRO_Small_2029_01	KEHYRO_Small_2028_01	KEHYRO_Small_2027_01	KEHYRO_Small_2026_01	KEHYRO_Small_2025_01	KEHYRO_Small_KTDA_2024_01	KEHYRO_Small_Chevron_01	KEHYRO_Small_KDTA2_01	KEHYRO_Small_Rareh_01	KEHYRO_Small_Kirogori_01	KEHYRO_Small_GemGen_01	KEHYRO_Small_Kaptis_01	KEHYRO_Small_Nithi_01	KEHYRO_Small_Tindinyo_01	KEHYRO_Small_Gatiki_01	KEHYRO_Small_KTDA_Gogo_01	KEHYRO_Small_MtKenya_CBO_01	KEHYRO_Small_KTDA_01	KEHYRO_Small_KTDA_Kleen_01	KEHYRO_Tana_01	KEHYRO_Sangoro_01	KEHYRO_Sondu_Miriu_01	KEHYMI00_01	KEHYRO_Existing_Small_01	KESOPU00_01	KESOPB00_01	KESOPR00_01	KESOPS00_01	KEELBS00_01	KERIDM_Kamburu_Masinga_01	KERIDM_Turkwell_01	KERIDM_Kiambere_01	KEELST04_01	KEELST04_02	KEELPT04_01	KEELDT04_01_01	KEELDT04_01_02	KEELDT04_02_01	KEELDT04_02_02	KEELDT04_03_01	KEELDT04_03_02	KEEXDT00_01	KERIDM_MASINGA_01	KERIDM_KAMBURU_01	KERIDM_Gitaru_01	KERIDM_Kindaruma_01	KERIDM_Karura_01	KERIDM_High_Grand_01	KEELDT04_04_01	KEELDT04_04_02
2022	1444.410100	298.156230	0.000000	100.000000	0.000000	69.234303	0.000000	0.000000	0.000000	0.000000	0.000000	0.000000	0.000000	1444.410000	0.000000	0.000000	0.000000	0.000000	440.588000	0.000000	236.992000	0.000000	0.000000	0.000000	0.000000	0.000000	0.000000	0.000000	0.000000	71.573600	0.000000	0.000000	4.429998	5.749999	4.349997	4.015000	4.149998	0.000000	0.000000	2.625001	0.000000	0.000000	0.000000	0.000000	0.000000	0.000000	0.000000	0.000000	0.000000	0.000000	0.000000	0.000000	0.000000	0.000000	0.000000	0.000000	0.000000	0.000000	0.000000	0.000000	0.000000	0.000000	0.000000	0.000000	0.000000	0.000000	10.424738	2.606187	0.000000	47.851351	0.000000	0.000000	0.000000	0.000000	0.000000	0.000000	0.000000	0.000000	0.000000	0.000000	0.000000	0.000000	0.000000	0.000000	0.000000	0.000000	152.638640	0.000000	0.000000	0.000000	0.000000	0.000000	0.000000	0.000000	0.000000	0.000000	0.000000	0.052015	10.402989	0.000000	0.000000	0.000000	0.000000	8.322389	8.322389	0.000000	0.000000	0.000000	0.000000	0.000000	0.000000	8.389009	0.000000	0.000000	0.000000	0.000000	0.000000	0.000000	0.000000	0.000000	0.000000	0.000000	0.000000	0.000000	0.000000	0.000000	0.000000	0.000000	0.000000	0.000000	0.000000	0.000000	0.000000	0.000000	0.000000	0.000000	0.000000	0.000000	0.000000	0.000000	0.000000	0.000000	0.000000	0.000000	17.418088	10.570997	23.784690	38.319895	85.486400	133.731030	118.496000	118.496000	0.000000	0.000000	0.000000	0.000000	0.000000	0.000000	0.000000	0.000000	0.000000	0.000000	0.000000	0.000000	0.000000	0.000000	70.251221	0.000000	0.000000	0.000000	21.498617	37.749391	0.000000	0.000000	0.000000	0.000000	1.777440	0.000000	0.000000	0.000000	363.579000	35.488800	213.521000	0.000000	0.000000	0.000000	0.000000	0.000000	0.000000	0.000000	0.000000	0.000000	0.000000	0.000000	0.000000	0.000000	0.000000	0.000000	0.000000	0.000000	0.000000	52.499990	82.000000	5.249999	107.999930	45.000005	20.000000	0.000000	0.000000	0.000000	0.000000	0.000000	0.000000	0.000000	0.000000	0.000000	0.000000	0.000000	0.000000	0.000000	0.000000	0.000000	0.000000	0.000000	0.000000	0.000000	0.000000	0.000000	0.000000	0.000000	0.000000	0.000000	0.000000	0.000000	0.000000	0.000000	0.000000	6.575462	7.954557	23.863667	0.000000	12.434998	0.000000	0.000000	0.000000	0.000000	0.000000	0.000000	0.000000	0.000000	0.000000	0.000000	0.000000	0.000000	0.000000	0.000000	0.000000	0.000000	0.000000	0.000000	10.920002	43.650004	107.659930	5.130000	0.000000	0.000000	0.000000	0.000000
2023	1555.640900	369.769830	0.000000	99.533003	0.974890	69.006220	0.000000	0.000000	0.000000	0.000000	0.000000	0.000000	0.000000	1555.640000	0.000000	0.000000	0.000000	0.000000	440.588000	0.000000	266.616000	0.000000	0.000000	0.000000	0.000000	0.000000	0.000000	0.000000	0.000000	71.573600	0.000000	0.000000	4.429998	5.749999	4.349997	4.015000	4.149998	0.000000	0.000000	2.625001	0.000000	0.000000	0.000000	0.000000	0.000000	0.000000	0.000000	0.000000	0.000000	0.000000	0.000000	0.000000	0.000000	0.000000	0.000000	0.000000	0.000000	0.000000	0.000000	0.000000	0.000000	0.000000	0.000000	0.000000	0.000000	0.000000	10.424738	2.606187	0.000000	47.851351	0.000000	0.000000	0.000000	0.000000	0.000000	0.000000	0.000000	0.000000	0.000000	0.000000	0.000000	0.000000	0.000000	0.000000	0.000000	0.000000	152.638640	0.000000	0.000000	0.000000	0.000000	0.000000	0.000000	0.000000	0.000000	0.000000	0.000000	0.052015	10.402989	0.000000	0.000000	0.000000	0.000000	8.322389	8.322389	8.322389	0.000000	0.000000	0.000000	0.000000	0.000000	8.389009	0.000000	0.000000	0.000000	0.000000	0.000000	0.000000	0.000000	0.000000	0.000000	0.000000	0.000000	0.000000	0.000000	0.000000	0.000000	0.000000	0.000000	0.000000	0.000000	0.000000	0.000000	0.000000	0.000000	0.000000	0.000000	0.000000	0.000000	0.000000	0.000000	0.000000	0.000000	0.000000	17.418092	10.570998	23.784698	38.319905	85.486400	133.730990	118.495990	118.496000	0.000000	0.000000	0.000000	0.000000	0.000000	0.000000	0.000000	0.000000	0.000000	0.000000	0.000000	0.000000	0.000000	0.000000	70.251220	29.624014	0.000000	0.000000	21.498615	37.749383	0.000000	0.000000	0.000000	0.000000	1.777440	0.000000	0.000000	0.000000	363.579000	43.811200	213.521000	0.000000	0.000000	0.000000	0.000000	0.000000	0.000000	0.000000	0.000000	0.000000	0.000000	0.000000	0.000000	0.000000	0.000000	0.000000	0.000000	0.000000	0.000000	52.499996	82.000004	5.249998	107.999920	44.999996	19.999999	0.000000	0.000000	0.000000	0.000000	0.000000	0.000000	0.000000	0.000000	0.000000	0.000000	0.000000	0.000000	0.000000	0.000000	0.000000	0.000000	0.000000	0.000000	0.000000	0.000000	0.000000	0.000000	0.000000	0.000000	0.000000	0.000000	0.000000	0.000000	0.000000	0.000000	6.575462	7.954557	23.863667	0.000000	12.434997	0.000000	0.000000	0.000000	0.000000	0.000000	0.000000	0.000000	0.000000	0.000000	0.000000	0.000000	0.000000	0.000000	0.000000	0.000000	0.000000	0.000000	0.000000	19.999998	45.000001	107.999920	5.249998	0.000000	0.000000	0.000000	0.000000
2024	1613.310100	400.000000	0.784033	98.607300	2.940630	3.784297	0.000000	0.000000	0.000000	0.000000	0.000000	0.000000	0.000000	1613.310000	0.000000	0.000000	0.000000	0.000000	440.588000	0.000000	266.616000	0.000000	0.000000	0.000000	0.000000	0.000000	0.000000	0.000000	0.000000	74.562400	0.000000	0.000000	4.429998	5.749999	4.349997	4.015000	4.149998	0.000000	0.000000	3.790648	0.000000	0.000000	0.000000	0.000000	0.000000	0.000000	0.000000	0.000000	0.000000	0.000000	0.000000	0.000000	0.000000	0.000000	0.000000	0.000000	0.000000	0.000000	0.000000	0.000000	0.000000	0.000000	0.000000	0.000000	0.000000	0.000000	10.424738	2.606187	0.000000	47.851351	0.000000	0.000000	0.000000	0.000000	0.000000	0.000000	0.000000	0.000000	0.000000	0.000000	0.000000	0.000000	0.000000	0.000000	0.000000	0.000000	152.638640	0.000000	0.000000	0.000000	0.000000	0.000000	0.000000	0.000000	0.000000	0.000000	0.000000	0.052015	10.402989	0.000000	0.000000	0.000000	0.000000	8.322389	8.322389	8.322389	0.000000	0.207667	0.000000	0.000000	0.000000	8.389009	0.000000	0.000000	0.000000	0.000000	0.000000	0.000000	0.000000	0.000000	0.000000	0.000000	0.000000	0.000000	0.000000	0.000000	0.000000	0.000000	0.000000	0.000000	0.000000	0.000000	0.000000	0.000000	0.000000	0.000000	0.000000	0.000000	0.000000	0.000000	0.000000	0.000000	0.000000	0.000000	17.418088	10.570999	23.784683	38.319913	85.486400	133.731000	118.496000	118.495980	0.000000	0.000000	0.000000	0.000000	0.000000	0.000000	0.000000	0.000000	0.000000	0.000000	0.000000	0.000000	0.000000	0.000000	70.251213	29.624013	0.000000	0.000000	21.498621	37.749380	0.000000	0.000000	0.000000	0.000000	1.777440	0.000000	2.573550	0.000000	320.079000	44.018800	213.521000	0.000000	0.000000	0.000000	0.000000	0.000000	0.000000	0.000000	0.000000	0.000000	0.000000	0.000000	0.669124	0.000000	0.000000	0.000000	0.000000	0.000000	0.000000	52.500000	81.999967	5.249998	107.999970	0.000000	19.999998	0.000000	0.000000	0.000000	0.000000	0.000000	0.000000	0.000000	0.000000	0.000000	0.000000	0.000000	0.000000	0.000000	0.000000	0.000000	0.000000	1.499999	0.000000	0.000000	0.000000	0.000000	0.000000	0.000000	0.000000	0.000000	0.000000	0.000000	0.000000	0.000000	0.000000	6.575462	7.954557	23.863667	0.000000	12.434998	0.000000	0.000000	0.000000	0.000000	0.000000	0.000000	0.000000	0.000000	0.000000	0.000000	0.000000	0.000000	0.000000	0.000000	0.000000	0.000000	0.000000	0.000000	19.999998	0.000000	107.999970	5.249998	0.000000	0.000000	0.000000	0.000000
2025	1690.220800	400.000000	0.000000	100.000000	18.732575	0.000000	0.000000	0.000000	0.000000	0.000000	0.000000	0.000000	0.000000	1690.220000	0.000000	0.000000	0.000000	0.000000	457.516000	0.000000	296.240000	0.000000	0.000000	0.000000	0.000000	0.000000	0.000000	0.000000	0.000000	76.346500	0.000000	0.000000	4.429998	5.749999	4.349997	4.015000	4.149998	0.000000	0.000000	4.486419	0.000000	0.000000	0.000000	0.000000	0.000000	0.000000	0.000000	0.000000	0.000000	0.000000	0.000000	0.000000	0.000000	0.000000	0.000000	0.000000	0.000000	0.000000	0.000000	0.000000	0.000000	0.000000	0.000000	0.000000	0.000000	0.000000	10.424738	2.606187	0.000000	47.851351	0.000000	0.000000	0.000000	0.000000	0.000000	0.000000	0.000000	0.000000	0.000000	0.000000	0.000000	0.000000	0.000000	0.000000	0.000000	0.000000	152.638640	0.000000	0.000000	0.000000	0.000000	0.000000	0.000000	0.000000	0.000000	0.000000	0.000000	0.052015	10.402989	0.000000	8.116384	0.000000	0.000000	8.322389	8.322389	8.322389	0.000000	0.207667	0.000000	0.000000	0.000000	8.389009	0.000000	0.000000	0.000000	0.000000	0.000000	0.000000	0.000000	0.000000	0.000000	0.000000	0.000000	0.000000	0.000000	0.000000	0.000000	0.000000	0.000000	0.000000	0.000000	0.000000	0.000000	0.000000	0.000000	0.000000	0.000000	0.000000	0.000000	0.000000	0.000000	0.000000	0.000000	0.000000	17.418101	10.570996	23.784692	38.319896	85.486405	133.731030	118.495986	118.495990	0.000000	0.000000	0.000000	0.000000	0.000000	0.000000	0.000000	0.000000	0.000000	0.000000	0.000000	16.927997	0.000000	29.624013	70.251217	29.624008	0.000000	0.000000	21.498617	37.749397	0.000000	0.000000	0.000000	0.000000	1.777440	0.000000	2.573550	0.000000	324.579000	52.135200	213.521000	0.000000	0.000000	0.000000	0.000000	0.000000	0.000000	0.000000	0.000000	0.000000	0.000000	0.000000	0.669124	0.000000	0.000000	0.000000	0.000000	0.000000	0.000000	52.500013	81.999980	5.249999	107.999962	0.000000	19.999999	0.000000	0.000000	0.000000	0.000000	0.000000	0.000000	0.000000	0.000000	0.000000	0.000000	0.000000	0.000000	0.000000	0.000000	0.000000	4.500001	1.499999	0.000000	0.000000	0.000000	0.000000	0.000000	0.000000	0.000000	0.000000	0.000000	0.000000	0.000000	0.000000	0.000000	6.575462	7.954557	23.863667	0.000000	12.434998	0.000000	0.000000	0.000000	0.000000	0.000000	0.000000	0.000000	0.000000	3.182954	3.536611	72.331818	0.000000	0.000000	0.000000	0.000000	0.000000	0.000000	0.000000	19.999996	0.000000	107.999960	5.249999	0.000000	0.000000	0.000000	0.000000
2026	1780.359600	393.381926	0.000000	100.000000	0.000000	70.000000	0.000000	0.000000	0.000000	0.000000	0.000000	0.000000	0.000000	1780.360000	0.000000	0.000000	0.000000	0.000000	523.535000	0.000000	325.864000	0.000000	0.000000	0.000000	0.000000	0.000000	0.000000	0.000000	0.000000	71.573600	0.000000	0.000000	4.429998	5.749999	4.349997	4.015000	4.149998	0.000000	0.000000	2.625001	0.000000	0.000000	0.000000	0.000000	0.000000	0.000000	0.000000	0.000000	0.000000	0.000000	0.000000	0.000000	0.000000	0.000000	0.000000	0.000000	0.000000	0.000000	0.000000	0.000000	0.000000	0.000000	0.000000	0.000000	0.000000	23.925672	10.424738	2.606187	0.000000	47.851351	0.000000	0.000000	23.925672	23.925672	0.000000	0.000000	0.000000	0.000000	0.000000	0.000000	0.000000	0.000000	0.000000	0.000000	0.000000	0.000000	152.638640	0.000000	0.000000	0.000000	4.664743	0.000000	0.000000	0.000000	0.000000	0.000000	0.000000	0.052015	10.402989	0.000000	8.116384	8.116384	0.000000	8.322389	8.322389	8.322389	0.000000	0.207667	0.000000	0.000000	0.000000	8.389009	0.000000	0.000000	0.000000	0.000000	0.000000	0.000000	0.000000	0.000000	0.000000	0.000000	0.000000	0.000000	0.000000	0.000000	0.000000	0.000000	0.000000	0.000000	0.000000	0.000000	0.000000	0.000000	0.000000	0.000000	0.000000	0.000000	0.000000	0.000000	0.000000	0.000000	0.000000	0.000000	17.418089	10.570999	23.784684	38.319897	85.486390	133.731030	118.496000	118.495994	0.000000	0.000000	0.000000	0.000000	0.000000	29.624014	49.091232	0.000000	0.000000	0.000000	0.000000	16.927997	16.927997	29.624015	70.251213	29.624014	0.000000	0.000000	21.498615	37.749394	0.000000	0.000000	0.000000	0.000000	1.777440	0.000000	2.573550	0.000000	332.079000	60.251600	285.298000	0.000000	0.000000	0.000000	0.000000	0.000000	0.000000	0.000000	0.000000	0.000000	0.000000	0.000000	0.669124	0.000000	0.000000	0.000000	0.000000	0.000000	0.000000	52.500000	82.000015	5.250000	107.999940	0.000000	19.999994	0.000000	0.000000	0.000000	0.000000	0.000000	0.000000	0.000000	0.000000	0.000000	0.000000	0.000000	0.000000	0.000000	0.000000	7.499999	4.500001	1.499999	0.000000	0.000000	0.000000	0.000000	0.000000	0.000000	0.000000	0.000000	0.000000	0.000000	0.000000	0.000000	0.000000	6.575462	7.954557	23.863667	0.000000	12.434997	0.000000	0.000000	0.000000	0.000000	0.000000	0.000000	0.000000	0.000000	6.326450	7.029394	72.331818	0.000000	0.000000	0.000000	0.000000	0.000000	0.000000	0.000000	19.999994	0.000000	107.999945	5.250000	0.000000	0.000000	0.000000	0.000000
2027	1880.678900	205.592468	0.000000	100.000000	0.000000	70.000000	0.000000	0.000000	0.000000	0.000000	0.000000	0.000000	0.000000	1880.680000	0.000000	0.000000	0.000000	0.000000	656.225000	84.087500	325.864000	0.000000	0.000000	0.000000	0.000000	0.000000	0.000000	0.000000	0.000000	71.573600	0.000000	0.000000	4.429998	5.749999	4.349997	4.015000	4.149998	0.000000	0.000000	2.625001	0.000000	0.000000	0.000000	0.000000	0.000000	0.000000	0.000000	0.000000	0.000000	0.000000	0.000000	0.000000	0.000000	0.000000	0.000000	0.000000	0.000000	0.000000	0.000000	0.000000	0.000000	0.000000	0.000000	0.000000	0.000000	23.925672	10.424738	2.606187	0.000000	47.851351	0.000000	0.000000	23.925672	23.925672	0.000000	0.000000	0.000000	0.000000	0.000000	0.000000	0.000000	0.000000	0.000000	0.000000	0.000000	0.000000	152.638640	0.000000	0.000000	0.000000	4.664743	0.000000	0.000000	0.000000	0.000000	0.000000	0.000000	0.052015	10.402989	8.116384	8.116384	8.116384	8.808462	8.322389	8.322389	8.322389	8.306660	0.207667	8.389009	0.000000	2.097250	8.389009	0.000000	0.000000	0.000000	0.000000	0.000000	0.000000	0.000000	0.000000	0.000000	0.000000	0.000000	0.000000	84.087486	48.049982	0.000000	0.000000	0.000000	0.000000	0.000000	0.000000	0.000000	0.000000	0.000000	0.000000	0.000000	84.639980	0.000000	0.000000	0.000000	0.000000	0.000000	0.000000	17.418092	10.570998	23.784700	38.319895	85.486400	133.731030	118.496000	118.496000	0.000000	0.000000	0.000000	0.000000	0.000000	29.624019	49.091226	0.000000	0.000000	0.000000	0.000000	16.928002	16.927999	29.624010	70.251214	29.624013	0.000000	0.000000	21.498618	37.749396	0.000000	0.000000	0.000000	0.000000	1.777440	0.000000	79.780200	0.000000	347.079000	95.969400	285.298000	0.000000	0.000000	0.000000	0.000000	0.000000	0.000000	13.382477	0.000000	0.000000	0.000000	6.691239	0.669124	0.000000	0.000000	0.000000	0.000000	0.000000	0.000000	52.500000	82.000010	5.249997	107.999993	0.000000	19.999998	0.000000	0.000000	0.000000	0.000000	0.000000	0.000000	0.000000	0.000000	0.000000	0.000000	0.000000	0.000000	0.000000	14.999993	7.499999	4.500001	1.499999	0.000000	0.000000	0.000000	0.000000	0.000000	0.000000	0.000000	0.000000	0.000000	0.000000	0.000000	0.000000	0.000000	6.575462	7.954557	23.863667	0.000000	12.434998	0.000000	0.000000	0.000000	0.000000	0.000000	0.000000	0.000000	0.000000	1.462240	1.624709	72.331818	0.000000	0.000000	0.000000	0.000000	0.000000	0.000000	0.000000	19.999991	0.000000	107.999991	5.249997	0.000000	0.000000	0.000000	0.000000
2028	1990.181800	333.154960	0.000000	100.000000	0.000000	70.000000	0.000000	0.000000	0.000000	0.000000	0.000000	0.000000	0.000000	1990.180000	0.000000	0.000000	0.000000	0.000000	570.739000	84.087500	325.864000	0.000000	0.000000	0.000000	0.000000	0.000000	0.000000	0.000000	0.000000	71.573600	0.000000	0.000000	4.429998	5.749999	4.349997	4.015000	4.149998	0.000000	0.000000	2.625001	0.000000	0.000000	0.000000	0.000000	0.000000	0.000000	0.000000	0.000000	0.000000	0.000000	0.000000	0.000000	0.000000	0.000000	0.000000	0.000000	0.000000	0.000000	0.000000	0.000000	0.000000	0.000000	0.000000	0.000000	14.355392	23.925672	10.424738	0.000000	0.000000	47.851351	24.673900	0.000000	23.925672	23.925672	5.263647	0.000000	0.000000	0.000000	0.000000	0.000000	0.000000	0.000000	0.000000	0.000000	0.000000	0.000000	152.638640	0.000000	0.000000	0.000000	80.019617	0.000000	0.000000	0.000000	0.000000	0.000000	0.000000	0.052015	10.402989	8.116384	8.116384	8.116384	8.808462	8.322389	8.322389	8.322389	8.306660	0.207667	8.389009	0.000000	2.097250	8.389009	0.000000	0.000000	0.000000	0.000000	0.000000	0.000000	0.000000	0.000000	0.000000	0.000000	0.000000	0.000000	84.087486	48.049988	0.000000	0.000000	0.000000	0.000000	0.000000	0.000000	0.000000	0.000000	0.000000	0.000000	0.000000	84.639980	0.000000	0.000000	0.000000	0.000000	0.000000	0.000000	17.418094	10.570997	23.784688	38.319902	0.000000	133.731030	118.495990	118.496000	0.000000	0.000000	0.000000	0.000000	0.000000	29.624007	49.091223	0.000000	0.000000	0.000000	0.000000	16.928000	16.928007	29.624013	70.251210	29.624014	0.000000	0.000000	21.498616	37.749383	0.000000	0.000000	0.000000	0.000000	1.777440	0.000000	100.369000	0.000000	293.079000	95.969400	326.985000	0.000000	0.000000	0.000000	0.000000	0.000000	0.000000	13.382477	0.000000	0.000000	5.352987	6.691240	0.669124	0.000000	0.000000	0.000000	0.000000	0.000000	0.000000	52.500000	81.999989	5.249999	40.000004	0.000000	19.999998	0.000000	0.000000	0.000000	0.000000	0.000000	0.000000	0.000000	0.000000	0.000000	0.000000	0.000000	0.000000	14.000002	14.999993	7.499999	4.500001	1.499999	0.000000	0.000000	0.000000	0.000000	0.000000	0.000000	0.000000	0.000000	0.000000	0.000000	0.000000	0.000000	0.000000	6.575462	7.954557	23.863667	0.000000	12.434997	0.000000	0.000000	0.000000	0.000000	0.000000	0.000000	0.000000	0.000000	10.198320	11.331470	72.331818	0.000000	0.000000	0.000000	0.000000	0.000000	0.000000	0.000000	19.999992	0.000000	40.000003	5.249999	0.000000	0.000000	0.000000	0.000000
2029	2146.308800	307.278636	0.000000	100.000000	0.000000	70.000000	0.000000	0.000000	0.000000	0.000000	0.000000	0.000000	0.000000	2146.310000	0.000000	0.000000	0.000000	0.000000	655.379000	84.087500	325.864000	0.000000	0.000000	0.000000	0.000000	0.000000	0.000000	0.000000	0.000000	64.842800	0.000000	0.000000	4.429998	5.749999	4.349997	4.015000	4.149998	0.000000	0.000000	0.000000	0.000000	0.000000	0.000000	0.000000	0.000000	0.000000	0.000000	0.000000	0.000000	0.000000	0.000000	0.000000	0.000000	0.000000	0.000000	0.000000	0.000000	0.000000	0.000000	0.000000	0.000000	0.000000	0.000000	0.000000	14.355392	23.925672	10.424738	0.000000	0.000000	47.851351	24.673900	0.000000	23.925672	23.925672	5.263647	0.000000	0.000000	0.000000	0.000000	0.000000	0.000000	0.000000	0.000000	0.000000	0.000000	0.000000	152.638640	0.000000	0.000000	0.000000	152.899438	0.000000	0.000000	0.000000	0.000000	0.000000	0.000000	0.052015	10.402989	8.116384	8.116384	8.116384	8.808462	8.322389	8.322389	8.322389	8.306660	0.207667	8.389009	0.000000	2.097250	8.389009	0.000000	0.000000	0.000000	0.000000	0.000000	0.000000	0.000000	0.000000	0.000000	0.000000	0.000000	0.000000	84.087480	48.049973	0.000000	0.000000	0.000000	0.000000	0.000000	0.000000	0.000000	0.000000	0.000000	0.000000	0.000000	84.639980	0.000000	0.000000	0.000000	0.000000	0.000000	0.000000	17.418094	10.570998	23.784682	38.319906	0.000000	133.731000	118.495990	118.495997	84.639969	0.000000	0.000000	0.000000	0.000000	29.624013	49.091240	0.000000	0.000000	0.000000	0.000000	16.928002	16.927999	29.624013	70.251220	29.624009	0.000000	0.000000	21.498618	37.749396	0.000000	0.000000	0.000000	0.000000	1.777440	0.000000	100.369000	0.000000	320.429000	95.969400	326.985000	0.000000	0.000000	0.000000	0.000000	0.000000	0.000000	13.382480	0.000000	0.000000	5.352988	6.691243	0.669124	0.000000	0.000000	0.000000	0.000000	0.000000	0.000000	52.499988	82.000000	5.249997	39.999993	0.000000	20.000000	0.000000	0.000000	0.000000	0.000000	0.000000	0.000000	0.000000	0.000000	0.000000	0.000000	0.000000	27.350011	14.000002	14.999994	7.499999	4.500002	1.499999	0.000000	0.000000	0.000000	0.000000	0.000000	0.000000	0.000000	0.000000	0.000000	0.000000	0.000000	0.000000	0.000000	6.575462	7.954557	23.863667	0.000000	12.434998	0.000000	0.000000	0.000000	0.000000	0.000000	0.000000	0.000000	0.000000	12.344480	13.716090	72.331818	0.000000	0.000000	0.000000	0.000000	0.000000	0.000000	0.000000	20.000002	0.000000	39.999992	5.249998	0.000000	0.000000	0.000000	0.000000
2030	2332.038900	256.863030	0.000000	100.000000	0.000000	70.000000	0.000000	0.000000	0.000000	0.000000	0.000000	0.000000	0.000000	2332.040000	0.000000	0.000000	0.000000	0.000000	740.019000	196.924000	325.864000	0.000000	0.000000	0.000000	0.000000	0.000000	0.000000	0.000000	0.000000	52.185700	0.000000	0.000000	0.000000	5.749999	4.349997	4.015000	4.149998	0.000000	0.000000	0.000000	0.000000	0.000000	0.000000	0.000000	0.000000	0.000000	0.000000	0.000000	0.000000	0.000000	0.000000	0.000000	0.000000	0.000000	0.000000	0.000000	0.000000	0.000000	0.000000	0.000000	0.000000	0.000000	0.000000	0.000000	14.355392	23.925672	10.424738	0.000000	0.000000	47.851351	24.673900	0.000000	23.925672	23.925672	5.263647	0.000000	0.000000	0.000000	0.000000	0.000000	0.000000	0.000000	0.000000	0.000000	0.000000	0.000000	152.638640	0.000000	0.000000	0.000000	152.899438	0.000000	0.000000	0.000000	0.000000	0.000000	0.000000	0.052015	10.402989	8.116384	8.116384	8.116384	8.808462	8.322389	8.322389	8.322389	8.306660	0.207667	8.389009	0.000000	2.097250	8.389009	0.000000	0.000000	0.000000	0.000000	0.000000	0.000000	0.000000	0.000000	0.000000	0.000000	112.836426	0.000000	84.087485	48.049974	0.000000	0.000000	0.000000	0.000000	0.000000	0.000000	0.000000	0.000000	0.000000	0.000000	0.000000	84.639980	0.000000	0.000000	0.000000	0.000000	0.000000	0.000000	17.418088	10.570998	23.784707	38.319906	0.000000	133.731030	118.496000	118.496000	84.639980	84.639980	0.000000	0.000000	0.000000	29.624015	49.091224	0.000000	0.000000	0.000000	0.000000	16.928003	16.928000	29.624014	70.251220	29.624019	0.000000	0.000000	21.498619	37.749383	0.000000	0.000000	0.000000	0.000000	1.777440	0.000000	126.104000	0.000000	356.529000	95.969400	326.985000	0.000000	0.000000	0.000000	0.000000	0.000000	0.000000	13.382482	0.000000	6.691239	5.352988	6.691241	0.669124	0.000000	0.000000	0.000000	0.000000	0.000000	0.000000	52.499990	81.999999	5.249998	39.999995	0.000000	19.999999	0.000000	0.000000	0.000000	0.000000	0.000000	0.000000	0.000000	0.000000	0.000000	34.850026	1.250000	27.350011	14.000002	14.999993	7.499999	4.500001	1.499999	0.000000	0.000000	0.000000	0.000000	0.000000	0.000000	0.000000	0.000000	0.000000	0.000000	0.000000	0.000000	0.000000	6.575462	7.954557	23.863667	0.000000	12.434997	0.000000	0.000000	0.000000	0.000000	0.000000	0.000000	0.000000	0.000000	9.572480	10.636090	72.331818	0.000000	0.000000	0.000000	0.000000	0.000000	0.000000	0.000000	20.000001	0.000000	39.999990	5.249998	0.000000	0.000000	0.000000	0.000000
2031	2550.801000	257.447020	0.000000	100.000000	0.000000	70.000000	0.000000	0.000000	0.000000	0.000000	0.000000	0.000000	0.000000	2550.800000	0.000000	0.000000	0.000000	0.000000	740.019000	196.924000	325.864000	0.000000	0.000000	0.000000	0.000000	0.000000	0.000000	0.000000	0.000000	35.757100	0.000000	0.000000	0.000000	0.000000	4.349997	4.015000	4.149998	0.000000	0.000000	0.000000	0.000000	0.000000	0.000000	0.000000	0.000000	0.000000	0.000000	0.000000	0.000000	0.000000	0.000000	0.000000	0.000000	0.000000	0.000000	0.000000	0.000000	0.000000	0.000000	0.000000	0.000000	0.000000	0.000000	0.000000	14.355392	23.925672	10.424738	0.000000	0.000000	47.851351	24.673900	0.000000	23.925672	23.925672	5.263647	0.000000	0.000000	0.000000	0.000000	0.000000	0.000000	0.000000	0.000000	0.000000	0.000000	0.000000	152.638640	0.000000	0.000000	0.000000	152.899438	0.000000	0.000000	0.000000	0.000000	0.000000	0.000000	0.052015	10.402989	8.116384	8.116384	8.116384	8.808462	8.322389	8.322389	8.322389	8.306660	0.207667	8.389009	0.000000	2.097250	8.389009	0.000000	0.000000	0.000000	0.000000	0.000000	0.000000	0.000000	0.000000	0.000000	0.000000	112.836413	0.000000	84.087470	48.049981	0.000000	0.000000	0.000000	0.000000	0.000000	0.000000	0.000000	0.000000	0.000000	0.000000	0.000000	84.639970	0.000000	0.000000	0.000000	0.000000	0.000000	0.000000	17.418088	10.570999	23.784685	38.319904	0.000000	133.731000	118.496000	118.495990	84.639989	84.639984	0.000000	0.000000	0.000000	29.624009	49.091225	0.000000	0.000000	0.000000	0.000000	16.927997	16.927997	29.624014	70.251214	29.624007	0.000000	0.000000	21.498617	37.749396	0.000000	0.000000	0.000000	0.000000	1.777440	0.000000	126.104000	0.000000	579.789000	95.969400	326.985000	0.000000	0.000000	0.000000	0.000000	0.000000	0.000000	13.382480	0.000000	6.691239	5.352988	6.691243	0.669124	0.000000	0.000000	0.000000	0.000000	196.830208	35.279992	52.499997	82.000000	5.249999	40.000000	0.000000	0.000000	0.000000	0.000000	0.000000	0.000000	0.000000	0.000000	0.000000	6.099996	5.049999	34.850027	1.250000	27.350011	14.000003	14.999993	7.499999	4.500001	1.499999	0.000000	0.000000	0.000000	0.000000	0.000000	0.000000	0.000000	0.000000	0.000000	0.000000	0.000000	0.000000	0.000000	6.575462	7.954557	23.863667	0.000000	12.434997	0.000000	0.000000	0.000000	0.000000	0.000000	0.000000	0.000000	0.000000	3.579870	3.977637	72.331818	0.000000	0.000000	0.000000	0.000000	0.000000	0.000000	0.000000	0.000000	0.000000	40.000000	5.249999	32.679992	149.530060	0.000000	0.000000
2032	2768.680100	214.703640	0.000000	100.000000	0.000000	70.000000	0.000000	0.000000	0.000000	0.000000	0.000000	0.000000	0.000000	2768.680000	0.000000	0.000000	0.000000	0.000000	969.043000	196.924000	325.864000	0.000000	0.000000	0.000000	0.000000	0.000000	0.000000	0.000000	0.000000	35.757100	0.000000	0.000000	0.000000	0.000000	4.349997	4.015000	4.149998	0.000000	0.000000	0.000000	0.000000	0.000000	0.000000	0.000000	0.000000	0.000000	0.000000	0.000000	0.000000	0.000000	0.000000	0.000000	0.000000	0.000000	0.000000	0.000000	0.000000	0.000000	0.000000	0.000000	0.000000	0.000000	0.000000	0.000000	14.355392	23.925672	10.424738	0.000000	0.000000	47.851351	24.673900	0.000000	23.925672	23.925672	5.263647	0.000000	0.000000	0.000000	0.000000	0.000000	0.000000	0.000000	0.000000	0.000000	0.000000	0.000000	152.638640	0.000000	0.000000	0.000000	152.899438	0.000000	0.000000	0.000000	0.000000	0.000000	0.000000	0.052015	10.402989	8.116384	8.116384	8.116384	8.808462	8.322389	8.322389	8.322389	8.306660	0.207667	8.389009	0.000000	2.097250	8.389009	0.000000	0.000000	0.000000	0.000000	0.000000	0.000000	0.000000	0.000000	0.000000	0.000000	112.836418	0.000000	84.087476	48.049987	0.000000	0.000000	0.000000	0.000000	0.000000	0.000000	0.000000	0.000000	0.000000	0.000000	0.000000	84.639980	0.000000	0.000000	0.000000	0.000000	0.000000	0.000000	17.418087	10.570999	23.784699	38.319897	0.000000	133.731030	118.496000	118.495990	84.639990	84.639991	0.000000	0.000000	229.024822	29.624016	49.091238	0.000000	0.000000	0.000000	0.000000	16.927999	16.927999	29.624017	70.251220	29.624019	0.000000	0.000000	21.498617	37.749387	0.000000	0.000000	0.000000	0.000000	1.777440	0.000000	153.899000	0.000000	604.189000	95.969400	326.985000	0.000000	0.000000	0.000000	0.000000	5.620642	1.605897	13.382479	0.000000	6.691241	5.352988	6.691240	0.669124	0.000000	0.000000	0.000000	0.000000	196.830220	35.279994	52.499990	82.000012	5.249999	39.999994	0.000000	0.000000	0.000000	0.000000	0.000000	0.000000	0.000000	0.000000	24.399994	6.099996	5.049998	34.850026	1.250000	27.350011	14.000003	14.999993	7.499999	4.500001	1.499999	0.000000	0.000000	0.000000	0.000000	0.000000	0.000000	0.000000	0.000000	0.000000	0.000000	0.000000	0.000000	0.000000	6.575462	7.954557	23.863667	0.000000	12.434997	0.000000	0.000000	0.000000	0.000000	0.000000	0.000000	0.000000	0.000000	3.830490	4.256100	72.331818	0.000000	0.000000	0.000000	0.000000	0.000000	0.000000	0.000000	0.000000	0.000000	40.000000	5.250000	35.279996	196.830210	0.000000	0.000000
2033	2964.880400	164.836163	0.000000	100.000000	0.000000	70.000000	0.000000	0.000000	0.000000	0.000000	0.000000	0.000000	0.000000	2964.880000	0.000000	0.000000	0.000000	0.000000	1205.810000	196.924000	325.864000	0.000000	0.000000	0.000000	0.000000	0.000000	0.000000	0.000000	0.000000	35.757100	0.000000	0.000000	0.000000	0.000000	4.349997	4.015000	4.149998	0.000000	0.000000	0.000000	0.000000	0.000000	0.000000	0.000000	0.000000	0.000000	0.000000	0.000000	0.000000	0.000000	0.000000	0.000000	0.000000	0.000000	0.000000	0.000000	0.000000	0.000000	0.000000	0.000000	0.000000	0.000000	0.000000	0.000000	14.355392	23.925672	10.424738	0.000000	0.000000	47.851351	24.673900	0.000000	23.925672	23.925672	5.263647	0.000000	0.000000	0.000000	0.000000	0.000000	0.000000	0.000000	0.000000	0.000000	0.000000	0.000000	152.638640	0.000000	0.000000	0.000000	152.899438	0.000000	0.000000	0.000000	0.000000	0.000000	0.000000	0.052015	10.402989	8.116384	8.116384	8.116384	8.808462	8.322389	8.322389	8.322389	8.306660	0.207667	8.389009	0.000000	2.097250	8.389009	0.000000	0.000000	0.000000	0.000000	0.000000	0.000000	0.000000	0.000000	0.000000	0.000000	112.836421	0.000000	84.087460	48.049983	0.000000	0.000000	0.000000	0.000000	0.000000	0.000000	0.000000	0.000000	0.000000	0.000000	0.000000	84.639980	0.000000	0.000000	0.000000	0.000000	0.000000	0.000000	17.418090	10.570999	23.784691	38.319905	0.000000	133.731000	118.496000	118.495990	84.639990	84.639986	50.784037	0.000000	296.509577	29.624017	49.091235	0.000000	118.495990	0.000000	0.000000	16.927999	16.928000	29.624019	70.251221	29.624019	0.000000	0.000000	21.498616	37.749391	0.000000	0.000000	0.000000	0.000000	1.777440	0.000000	161.619000	0.000000	611.489000	95.969400	326.985000	0.000000	0.000000	0.000000	2.007372	5.620644	1.605897	13.382480	0.000000	6.691241	5.352989	6.691241	0.669124	0.000000	0.000000	0.000000	0.000000	196.830167	35.280007	52.500010	82.000000	5.249999	40.000000	0.000000	0.000000	0.000000	0.000000	0.000000	0.000000	0.000000	7.300002	24.399994	6.099996	5.049998	34.850027	1.250000	27.350011	14.000002	14.999995	7.499999	4.500001	1.499999	0.000000	0.000000	0.000000	0.000000	0.000000	0.000000	0.000000	0.000000	0.000000	0.000000	0.000000	0.000000	0.000000	6.575462	7.954557	23.863667	0.000000	12.434997	0.000000	0.000000	0.000000	0.000000	0.000000	0.000000	0.000000	0.000000	3.874980	4.305530	72.331818	0.000000	0.000000	0.000000	0.000000	0.000000	0.000000	0.000000	0.000000	0.000000	40.000000	5.250000	35.280008	196.830120	0.000000	0.000000
2034	3173.480400	0.000000	0.000000	100.000000	0.000000	70.000000	0.000000	0.000000	0.000000	0.000000	0.000000	0.000000	0.000000	3173.480000	0.000000	0.000000	0.000000	0.000000	1547.670000	196.924000	325.864000	0.000000	0.000000	0.000000	0.000000	0.000000	0.000000	0.000000	0.000000	11.857100	0.000000	0.000000	0.000000	0.000000	0.000000	0.000000	4.149998	0.000000	0.000000	0.000000	0.000000	0.000000	0.000000	0.000000	0.000000	0.000000	0.000000	0.000000	0.000000	0.000000	0.000000	0.000000	0.000000	0.000000	0.000000	0.000000	0.000000	0.000000	0.000000	0.000000	0.000000	0.000000	0.000000	0.000000	14.355392	23.925672	10.424738	0.000000	0.000000	47.851351	24.673900	0.000000	23.925672	23.925672	5.263647	0.000000	0.000000	0.000000	0.000000	0.000000	0.000000	0.000000	0.000000	0.000000	0.000000	0.000000	152.638640	0.000000	0.000000	0.000000	152.899438	0.000000	0.000000	0.000000	0.000000	0.000000	0.000000	0.052015	10.402989	8.116384	8.116384	8.116384	8.808462	8.322389	8.322389	8.322389	8.306660	0.207667	8.389009	0.000000	2.097250	8.389009	0.000000	0.000000	0.000000	0.000000	0.000000	0.000000	0.000000	0.000000	0.000000	0.000000	112.836445	0.000000	84.087490	48.049987	0.000000	0.000000	0.000000	0.000000	0.000000	0.000000	0.000000	0.000000	0.000000	0.000000	0.000000	84.639980	0.000000	0.000000	0.000000	0.000000	0.000000	0.000000	17.418094	10.570999	23.784695	38.319904	0.000000	133.731030	118.495990	118.496000	84.639984	84.639980	50.784034	0.000000	638.371180	29.624019	49.091234	0.000000	118.495997	0.000000	0.000000	16.928003	16.927997	29.624019	70.251221	29.624019	0.000000	0.000000	21.498616	37.749387	0.000000	0.000000	0.000000	0.000000	1.777440	0.000000	177.833000	0.000000	648.100000	95.969400	326.985000	0.000000	0.200737	4.014742	2.007372	5.620642	1.605897	13.382480	0.000000	6.691241	5.352987	6.691241	0.669124	0.000000	0.000000	0.000000	0.000000	233.441580	35.279997	52.500000	82.000000	5.249998	40.000002	0.000000	0.000000	0.000000	0.000000	0.000000	0.000000	0.000000	7.300002	24.399994	6.099997	5.049998	34.850021	1.250000	27.350011	14.000003	14.999993	7.499999	4.500001	1.499999	0.000000	0.000000	0.000000	0.000000	0.000000	0.000000	0.000000	0.000000	0.000000	0.000000	0.000000	0.000000	0.000000	6.575462	7.954557	23.863667	0.000000	12.434997	0.000000	0.000000	0.000000	0.000000	0.000000	0.000000	0.000000	0.000000	11.859640	13.177376	72.331818	0.000000	0.000000	0.000000	0.000000	0.000000	0.000000	0.000000	0.000000	0.000000	39.999998	5.249999	35.279997	233.441670	0.000000	0.000000
2035	3392.130700	0.000000	0.000000	100.000000	0.000000	70.000000	0.000000	0.000000	0.000000	0.000000	0.000000	0.000000	0.000000	3392.130000	0.000000	0.000000	0.000000	0.000000	1690.540000	196.924000	325.864000	0.000000	0.000000	0.000000	0.000000	0.000000	0.000000	0.000000	0.000000	0.000000	0.000000	0.000000	0.000000	0.000000	0.000000	0.000000	0.000000	0.000000	0.000000	0.000000	0.000000	0.000000	0.000000	0.000000	0.000000	0.000000	0.000000	0.000000	0.000000	0.000000	0.000000	0.000000	0.000000	0.000000	0.000000	0.000000	0.000000	0.000000	0.000000	0.000000	0.000000	0.000000	0.000000	0.000000	14.355392	23.925672	0.000000	0.000000	0.000000	47.851351	24.673900	0.000000	23.925672	23.925672	5.263647	0.000000	0.000000	0.000000	0.000000	0.000000	0.000000	0.000000	0.000000	0.000000	0.000000	0.000000	152.638640	0.000000	0.000000	0.000000	152.899438	0.000000	0.000000	0.000000	0.000000	0.000000	0.000000	0.052015	10.402989	8.116384	8.116384	8.116384	8.808462	8.322389	8.322389	8.322389	8.306660	0.207667	8.389009	0.000000	2.097250	8.389009	0.000000	0.000000	0.000000	0.000000	0.000000	0.000000	0.000000	0.000000	0.000000	0.000000	112.836420	0.000000	84.087470	48.049994	0.000000	0.000000	0.000000	0.000000	0.000000	0.000000	0.000000	0.000000	0.000000	0.000000	0.000000	84.639980	0.000000	0.000000	0.000000	0.000000	0.000000	0.000000	17.418092	10.570999	23.784688	38.319902	0.000000	133.731030	118.496000	118.496000	84.639970	84.639987	50.784037	0.000000	781.240670	29.624019	49.091224	0.000000	118.495998	0.000000	0.000000	16.927999	16.927999	29.624009	70.251221	29.624009	0.000000	0.000000	21.498619	37.749383	0.000000	0.000000	0.000000	0.000000	1.777440	0.000000	177.833000	0.000000	737.818000	95.969400	316.560000	0.000000	0.200737	4.014742	2.007372	5.620643	1.605897	13.382478	0.000000	6.691240	5.352987	6.691241	0.669124	0.000000	0.000000	0.000000	0.000000	346.500020	44.999988	52.500000	82.000000	5.249998	40.000000	0.000000	0.000000	0.000000	0.000000	0.000000	0.000000	0.000000	7.300002	24.399994	6.099996	5.049998	34.850031	1.250000	27.350011	14.000003	14.999995	7.499999	4.500001	1.499999	0.000000	0.000000	0.000000	0.000000	0.000000	0.000000	0.000000	0.000000	0.000000	0.000000	0.000000	0.000000	0.000000	3.170148	2.984829	8.555160	0.000000	3.057629	0.000000	0.000000	0.000000	0.000000	0.000000	0.000000	0.000000	0.000000	6.121570	6.801750	72.331818	0.000000	0.000000	0.000000	0.000000	0.000000	0.000000	0.000000	0.000000	0.000000	40.000000	5.249998	45.000007	346.500110	0.000000	0.000000
2036	3605.500300	0.000000	0.000000	100.000000	0.000000	70.000000	0.000000	0.000000	0.000000	0.000000	0.000000	0.000000	0.000000	3605.500000	0.000000	0.000000	0.000000	0.000000	1920.720000	196.924000	325.864000	0.000000	0.000000	0.000000	0.000000	0.000000	0.000000	0.000000	0.000000	0.000000	0.000000	0.000000	0.000000	0.000000	0.000000	0.000000	0.000000	0.000000	0.000000	0.000000	0.000000	0.000000	0.000000	0.000000	0.000000	0.000000	0.000000	0.000000	0.000000	0.000000	0.000000	0.000000	0.000000	0.000000	0.000000	0.000000	0.000000	0.000000	0.000000	0.000000	0.000000	0.000000	0.000000	0.000000	14.355392	23.925672	0.000000	0.000000	0.000000	47.851351	24.673900	0.000000	23.925672	23.925672	5.263647	0.000000	0.000000	0.000000	0.000000	0.000000	0.000000	0.000000	0.000000	0.000000	0.000000	0.000000	152.638640	0.000000	0.000000	0.000000	152.899438	0.000000	0.000000	0.000000	0.000000	0.000000	0.000000	0.052015	10.402989	8.116384	8.116384	8.116384	8.808462	8.322389	8.322389	8.322389	8.306660	0.207667	8.389009	0.000000	2.097250	8.389009	0.000000	0.000000	0.000000	0.000000	0.000000	0.000000	0.000000	0.000000	0.000000	0.000000	112.836439	0.000000	84.087470	48.049981	0.000000	0.000000	0.000000	0.000000	0.000000	0.000000	0.000000	0.000000	0.000000	0.000000	0.000000	84.639980	0.000000	0.000000	0.000000	0.000000	0.000000	0.000000	17.418090	10.570999	23.784688	38.319894	0.000000	133.731030	118.496000	118.495990	84.639979	84.639990	50.784030	0.000000	1054.926120	29.624009	49.091224	0.000000	118.495995	0.000000	0.000000	16.927997	16.927997	29.624017	70.251220	29.624015	0.000000	0.000000	6.482907	10.502558	0.000000	0.000000	0.000000	0.000000	0.535988	0.000000	177.833000	0.000000	721.001000	95.969400	316.560000	0.000000	0.200737	4.014742	2.007372	5.620642	1.605897	13.382477	0.000000	6.691241	5.352987	6.691241	0.669124	0.000000	0.000000	0.000000	0.000000	346.499925	45.000004	52.499990	82.000000	5.249999	40.000000	0.000000	0.000000	0.000000	0.000000	0.000000	0.000000	0.000000	7.300002	24.399994	6.099996	5.049999	34.850027	1.250000	27.350011	14.000003	14.999995	7.499999	4.500001	1.499999	0.000000	0.000000	0.000000	0.000000	0.000000	0.000000	0.000000	0.000000	0.000000	0.000000	0.000000	0.000000	0.000000	0.166370	0.071507	0.540007	0.000000	0.173182	0.000000	0.000000	0.000000	0.000000	0.000000	0.000000	0.000000	0.000000	6.072450	6.747160	72.331818	0.000000	0.000000	0.000000	0.000000	0.000000	0.000000	0.000000	0.000000	0.000000	40.000001	5.249999	45.000001	346.500040	0.000000	0.000000
2037	3844.642300	0.000000	0.000000	100.000000	0.000000	70.000000	0.000000	0.000000	0.000000	0.000000	0.000000	0.000000	0.000000	3844.640000	0.000000	0.000000	0.000000	0.000000	2172.560000	196.924000	325.864000	0.000000	0.000000	0.000000	0.000000	0.000000	0.000000	0.000000	0.000000	0.000000	0.000000	0.000000	0.000000	0.000000	0.000000	0.000000	0.000000	0.000000	0.000000	0.000000	0.000000	0.000000	0.000000	0.000000	0.000000	0.000000	0.000000	0.000000	0.000000	0.000000	0.000000	0.000000	0.000000	0.000000	0.000000	0.000000	0.000000	0.000000	0.000000	0.000000	0.000000	0.000000	0.000000	0.000000	14.355392	23.925672	0.000000	0.000000	0.000000	47.851351	24.673900	0.000000	23.925672	23.925672	5.263647	0.000000	0.000000	0.000000	0.000000	0.000000	0.000000	0.000000	0.000000	0.000000	0.000000	0.000000	152.638640	0.000000	0.000000	0.000000	152.090249	0.000000	0.000000	0.000000	0.000000	0.000000	0.000000	0.052015	10.402989	8.116384	8.116384	8.116384	8.808462	8.322389	8.322389	8.322389	8.306660	0.207667	8.389009	0.000000	2.097250	8.389009	0.000000	0.000000	0.000000	0.000000	0.000000	0.000000	0.000000	0.000000	0.000000	0.000000	112.836377	0.000000	84.087490	48.049981	0.000000	0.000000	0.000000	0.000000	0.000000	0.000000	0.000000	0.000000	0.000000	0.000000	0.000000	84.639980	0.000000	0.000000	0.000000	0.000000	0.000000	0.000000	17.418092	10.570998	23.784693	38.319908	0.000000	133.731030	118.495990	118.496000	84.639980	79.843160	50.784022	0.000000	1205.108860	29.624019	49.091238	0.000000	113.116234	115.355962	0.000000	16.928001	16.928000	29.624019	70.251221	29.624013	0.000000	0.000000	5.079999	8.920003	0.000000	0.000000	0.000000	0.000000	0.000000	0.000000	136.586000	0.000000	720.050000	95.969400	316.560000	0.000000	0.090329	1.738847	0.871962	2.819588	0.670480	13.382477	0.000000	3.225415	5.352986	6.691239	0.669124	0.000000	0.000000	0.000000	0.000000	346.500124	44.999990	52.499997	82.000010	5.249998	39.999998	0.000000	0.000000	0.000000	0.000000	0.000000	0.000000	0.000000	7.300002	24.399997	6.099996	5.049998	34.850026	1.250000	27.350010	14.000002	14.999995	7.499999	4.500002	1.499999	0.000000	0.000000	0.000000	0.000000	0.000000	0.000000	0.000000	0.000000	0.000000	0.000000	0.000000	0.000000	0.000000	0.000000	0.000000	0.000000	0.000000	0.000000	0.000000	0.000000	0.000000	0.000000	0.000000	0.000000	0.000000	0.000000	8.019533	8.910584	72.331818	0.000000	0.000000	0.000000	0.000000	0.000000	0.000000	0.000000	0.000000	0.000000	39.999997	5.249998	44.999988	346.500164	0.000000	0.000000
2038	4092.199800	0.000000	0.000000	100.000000	0.000000	70.000000	0.000000	0.000000	0.000000	0.000000	0.000000	0.000000	0.000000	4092.200000	0.000000	0.000000	0.000000	0.000000	2665.670000	196.924000	325.864000	0.000000	0.000000	0.000000	0.000000	0.000000	0.000000	0.000000	0.000000	0.000000	0.000000	0.000000	0.000000	0.000000	0.000000	0.000000	0.000000	0.000000	0.000000	0.000000	0.000000	0.000000	0.000000	0.000000	0.000000	0.000000	0.000000	0.000000	0.000000	0.000000	0.000000	0.000000	0.000000	0.000000	0.000000	0.000000	0.000000	0.000000	0.000000	0.000000	0.000000	0.000000	0.000000	0.000000	14.355392	23.925672	0.000000	0.000000	0.000000	47.851351	24.673900	0.000000	23.925672	23.925672	5.263647	0.000000	0.000000	0.000000	0.000000	0.000000	0.000000	0.000000	0.000000	0.000000	0.000000	0.000000	0.000000	0.000000	0.000000	0.000000	151.787123	0.000000	0.000000	0.000000	0.000000	0.000000	0.000000	0.000000	0.000000	8.116384	8.116384	8.116384	8.808462	8.322389	8.322389	8.322389	8.306660	0.207667	8.389009	0.000000	2.097250	8.389009	0.000000	0.000000	0.000000	0.000000	0.000000	0.000000	0.000000	0.000000	0.000000	0.000000	112.836456	0.000000	84.087470	48.049979	0.000000	0.000000	0.000000	0.000000	0.000000	0.000000	0.000000	0.000000	0.000000	0.000000	0.000000	84.639980	0.000000	0.000000	0.000000	0.000000	0.000000	0.000000	17.418087	10.570999	0.000000	38.319894	0.000000	133.731030	118.496000	118.496000	79.064980	76.868540	47.852160	0.000000	1734.813700	29.624016	49.091240	0.000000	118.496008	108.640498	0.000000	16.927997	16.927999	29.624019	70.251220	29.624013	0.000000	0.000000	5.079999	8.920003	0.000000	0.000000	0.000000	0.000000	0.000000	0.000000	139.081000	0.000000	638.050000	85.514400	163.921000	0.000000	0.100255	1.961927	0.846570	2.909650	0.669971	13.382479	0.000000	3.576759	5.352985	6.691241	0.669124	0.000000	0.000000	0.000000	0.000000	346.500310	45.000010	52.500000	0.000000	5.250000	40.000000	0.000000	0.000000	0.000000	0.000000	0.000000	0.000000	0.000000	7.300002	24.399994	6.099997	5.049998	34.850026	1.250000	27.350010	14.000003	14.999995	7.499999	4.500002	1.499999	0.000000	0.000000	0.000000	0.000000	0.000000	0.000000	0.000000	0.000000	0.000000	0.000000	0.000000	0.000000	0.000000	0.000000	0.000000	0.000000	0.000000	0.000000	0.000000	0.000000	0.000000	0.000000	0.000000	0.000000	0.000000	0.000000	15.179550	16.866190	72.331818	0.000000	0.000000	0.000000	0.000000	0.000000	0.000000	0.000000	0.000000	0.000000	40.000000	5.250001	45.000008	346.500100	0.000000	0.000000
2039	4353.431500	0.000000	0.000000	100.000000	0.000000	70.000000	0.000000	0.000000	0.000000	0.000000	0.000000	0.000000	0.000000	4353.430000	0.000000	0.000000	0.000000	0.000000	3171.020000	190.339000	88.872000	0.000000	0.000000	0.000000	0.000000	0.000000	0.000000	0.000000	0.000000	0.000000	0.000000	0.000000	0.000000	0.000000	0.000000	0.000000	0.000000	0.000000	0.000000	0.000000	0.000000	0.000000	0.000000	0.000000	0.000000	0.000000	0.000000	0.000000	0.000000	0.000000	0.000000	0.000000	0.000000	0.000000	0.000000	0.000000	0.000000	0.000000	0.000000	0.000000	0.000000	0.000000	0.000000	0.000000	14.355392	23.925672	0.000000	0.000000	0.000000	47.851351	24.673900	0.000000	23.925672	23.925672	5.263647	0.000000	0.000000	0.000000	0.000000	0.000000	0.000000	0.000000	0.000000	0.000000	0.000000	0.000000	0.000000	0.000000	0.000000	0.000000	152.090249	0.000000	0.000000	0.000000	0.000000	0.000000	0.000000	0.000000	0.000000	8.116384	8.116384	8.116384	8.808462	8.322389	8.322389	8.322389	8.306660	0.207667	8.389009	0.000000	2.097250	8.389009	0.000000	0.000000	0.000000	0.000000	0.000000	0.000000	0.000000	0.000000	0.000000	0.000000	106.251217	0.000000	84.087470	48.049976	0.000000	0.000000	0.000000	0.000000	0.000000	0.000000	0.000000	0.000000	0.000000	0.000000	0.000000	84.639970	0.000000	0.000000	0.000000	0.000000	0.000000	0.000000	17.418092	0.000000	0.000000	38.319908	0.000000	133.731030	0.000000	0.000000	77.714900	57.906489	40.952918	0.000000	2313.236600	29.624019	49.091234	0.000000	107.201684	93.566067	0.000000	16.927997	16.928001	29.624014	70.251221	29.624017	0.000000	0.000000	5.079999	0.000000	0.000000	0.000000	0.000000	0.000000	0.000000	0.000000	133.925000	0.000000	638.050000	85.514400	163.921000	0.000000	0.071640	2.259493	0.780955	2.186672	0.603938	13.382478	0.000000	2.821897	5.352988	6.691242	0.669124	0.000000	0.000000	0.000000	0.000000	346.499860	44.999990	52.500000	0.000000	5.249999	39.999998	0.000000	0.000000	0.000000	0.000000	0.000000	0.000000	0.000000	7.300002	24.399993	6.099996	5.049998	34.850026	1.250000	27.350010	14.000002	14.999993	7.499999	4.500001	1.499999	0.000000	0.000000	0.000000	0.000000	0.000000	0.000000	0.000000	0.000000	0.000000	0.000000	0.000000	0.000000	0.000000	0.000000	0.000000	0.000000	0.000000	0.000000	0.000000	0.000000	0.000000	0.000000	0.000000	0.000000	0.000000	0.000000	10.737819	11.930875	72.331818	0.000000	0.000000	0.000000	0.000000	0.000000	0.000000	0.000000	0.000000	0.000000	39.999999	5.249999	45.000005	346.500060	0.000000	0.000000
2040	4629.138400	0.000000	0.000000	100.000000	0.000000	70.000000	0.000000	0.000000	0.000000	0.000000	0.000000	0.000000	0.000000	4629.140000	0.000000	0.000000	0.000000	0.000000	3461.670000	176.520000	88.872000	0.000000	0.000000	0.000000	0.000000	0.000000	0.000000	0.000000	0.000000	0.000000	0.000000	0.000000	0.000000	0.000000	0.000000	0.000000	0.000000	0.000000	0.000000	0.000000	0.000000	0.000000	0.000000	0.000000	0.000000	0.000000	0.000000	0.000000	0.000000	0.000000	0.000000	0.000000	0.000000	0.000000	0.000000	0.000000	0.000000	0.000000	0.000000	0.000000	0.000000	0.000000	0.000000	0.000000	14.355392	23.925672	0.000000	0.000000	0.000000	47.851351	24.673900	0.000000	23.925672	23.925672	5.263647	0.000000	0.000000	0.000000	0.000000	0.000000	0.000000	0.000000	0.000000	0.000000	0.000000	0.000000	0.000000	0.000000	0.000000	0.000000	151.787123	0.000000	0.000000	0.000000	0.000000	0.000000	0.000000	0.000000	0.000000	8.116384	8.116384	8.116384	8.808462	8.322389	8.322389	8.322389	8.306660	0.207667	8.389009	0.000000	2.097250	8.389009	0.000000	0.000000	0.000000	0.000000	0.000000	0.000000	0.000000	0.000000	0.000000	0.000000	92.432499	0.000000	84.087470	48.049979	0.000000	0.000000	0.000000	0.000000	0.000000	0.000000	0.000000	0.000000	0.000000	0.000000	0.000000	84.639980	0.000000	0.000000	0.000000	0.000000	0.000000	0.000000	17.418087	0.000000	0.000000	38.319894	0.000000	133.731030	0.000000	0.000000	69.906580	68.279450	46.170379	0.000000	2590.548900	29.624016	49.091234	0.000000	111.323428	100.082402	0.000000	16.928003	16.927999	29.624015	70.251220	29.624014	0.000000	0.000000	0.000000	0.000000	0.000000	0.000000	0.000000	0.000000	0.000000	0.000000	129.898000	0.000000	638.050000	85.514400	163.921000	0.000000	0.070392	1.518314	0.852285	2.167713	0.680977	13.382477	0.000000	2.388012	5.352988	6.691241	0.669124	0.000000	0.000000	0.000000	0.000000	346.500150	45.000003	52.500010	0.000000	5.250000	39.999998	0.000000	0.000000	0.000000	0.000000	0.000000	0.000000	0.000000	7.300002	24.399997	6.099997	5.049998	34.850031	1.250000	27.350011	14.000002	14.999995	7.499999	4.500001	1.499999	0.000000	0.000000	0.000000	0.000000	0.000000	0.000000	0.000000	0.000000	0.000000	0.000000	0.000000	0.000000	0.000000	0.000000	0.000000	0.000000	0.000000	0.000000	0.000000	0.000000	0.000000	0.000000	0.000000	0.000000	0.000000	0.000000	8.703280	9.670310	72.331818	0.000000	0.000000	0.000000	0.000000	0.000000	0.000000	0.000000	0.000000	0.000000	39.999997	5.250000	45.000015	346.500060	0.000000	0.000000
2041	4629.138400	0.000000	0.000000	100.000000	0.000000	70.000000	0.000000	0.000000	0.000000	0.000000	0.000000	0.000000	0.000000	4629.140000	0.000000	0.000000	0.000000	0.000000	3566.170000	191.258000	88.872000	0.000000	0.000000	0.000000	0.000000	0.000000	0.000000	0.000000	0.000000	0.000000	0.000000	0.000000	0.000000	0.000000	0.000000	0.000000	0.000000	0.000000	0.000000	0.000000	0.000000	0.000000	0.000000	0.000000	0.000000	0.000000	0.000000	0.000000	0.000000	0.000000	0.000000	0.000000	0.000000	0.000000	0.000000	0.000000	0.000000	0.000000	0.000000	0.000000	0.000000	0.000000	0.000000	0.000000	14.355392	23.925672	0.000000	0.000000	0.000000	0.000000	24.673900	0.000000	23.925672	23.925672	5.263647	0.000000	0.000000	0.000000	0.000000	0.000000	0.000000	0.000000	0.000000	0.000000	0.000000	0.000000	0.000000	0.000000	0.000000	0.000000	151.787123	0.000000	0.000000	0.000000	0.000000	0.000000	0.000000	0.000000	0.000000	8.116384	8.116384	8.116384	8.808462	0.000000	0.000000	8.322389	8.306660	0.207667	8.389009	0.000000	2.097250	8.389009	0.000000	0.000000	0.000000	0.000000	0.000000	0.000000	0.000000	0.000000	0.000000	0.000000	107.170840	0.000000	84.087470	48.049980	0.000000	0.000000	0.000000	0.000000	0.000000	0.000000	0.000000	0.000000	0.000000	0.000000	0.000000	84.639980	0.000000	0.000000	0.000000	0.000000	0.000000	0.000000	0.000000	0.000000	0.000000	38.319900	0.000000	133.731030	0.000000	0.000000	54.298489	60.281979	31.533791	0.000000	2812.375800	29.624014	49.091234	0.000000	75.143251	74.592233	0.000000	16.927997	16.927997	29.624014	70.251211	29.624013	0.000000	0.000000	0.000000	0.000000	0.000000	0.000000	0.000000	0.000000	0.000000	0.000000	129.496000	0.000000	583.742000	68.869600	116.070000	0.000000	0.071640	1.508999	0.716404	2.186672	0.573123	13.382477	0.000000	2.516408	5.352987	6.691241	0.669124	0.000000	0.000000	0.000000	0.000000	346.500198	44.999998	0.000000	0.000000	5.250000	39.999995	0.000000	0.000000	0.000000	0.000000	0.000000	0.000000	0.000000	7.300002	24.399997	6.099996	5.049998	33.059781	1.232591	27.350014	14.000002	14.999993	7.499999	4.500001	1.499999	0.000000	0.000000	0.000000	0.000000	0.000000	0.000000	0.000000	0.000000	0.000000	0.000000	0.000000	0.000000	0.000000	0.000000	0.000000	0.000000	0.000000	0.000000	0.000000	0.000000	0.000000	0.000000	0.000000	0.000000	0.000000	0.000000	11.641794	12.935287	72.331818	0.000000	0.000000	0.000000	0.000000	0.000000	0.000000	0.000000	0.000000	0.000000	39.999999	5.250000	45.000015	346.500020	0.000000	0.000000
2042	4629.138400	0.000000	0.000000	100.000000	0.000000	70.000000	0.000000	0.000000	0.000000	0.000000	0.000000	0.000000	0.000000	4629.140000	0.000000	0.000000	0.000000	0.000000	3573.230000	188.866000	88.872000	0.000000	0.000000	0.000000	0.000000	0.000000	0.000000	0.000000	0.000000	0.000000	0.000000	0.000000	0.000000	0.000000	0.000000	0.000000	0.000000	0.000000	0.000000	0.000000	0.000000	0.000000	0.000000	0.000000	0.000000	0.000000	0.000000	0.000000	0.000000	0.000000	0.000000	0.000000	0.000000	0.000000	0.000000	0.000000	0.000000	0.000000	0.000000	0.000000	0.000000	0.000000	0.000000	0.000000	14.355392	23.925672	0.000000	0.000000	0.000000	0.000000	24.673900	0.000000	23.925672	23.925672	5.263647	0.000000	0.000000	0.000000	0.000000	0.000000	0.000000	0.000000	0.000000	0.000000	0.000000	0.000000	0.000000	0.000000	0.000000	0.000000	151.787123	0.000000	0.000000	0.000000	0.000000	0.000000	0.000000	0.000000	0.000000	8.116384	8.116384	8.116384	8.808462	0.000000	0.000000	8.322389	8.306660	0.207667	8.389009	0.000000	2.097250	0.000000	0.000000	0.000000	0.000000	0.000000	0.000000	0.000000	0.000000	0.000000	0.000000	0.000000	104.778846	0.000000	84.087470	48.049974	0.000000	0.000000	0.000000	0.000000	0.000000	0.000000	0.000000	0.000000	0.000000	0.000000	0.000000	84.639980	0.000000	0.000000	0.000000	0.000000	0.000000	0.000000	0.000000	0.000000	0.000000	38.319902	0.000000	133.731030	0.000000	0.000000	80.197110	77.193940	39.138069	0.000000	2715.951400	29.624008	49.091224	0.000000	118.495985	84.314355	0.000000	16.927997	16.927997	29.624009	70.251210	29.624008	0.000000	0.000000	0.000000	0.000000	0.000000	0.000000	0.000000	0.000000	0.000000	0.000000	137.303000	0.000000	585.448000	60.480600	116.070000	0.000000	0.084656	1.752389	1.007413	2.856312	0.759368	13.382475	0.000000	3.142874	5.352988	6.691241	0.669124	0.000000	0.000000	0.000000	0.000000	346.500130	44.999994	0.000000	0.000000	5.249999	39.999990	0.000000	0.000000	0.000000	0.000000	0.000000	0.000000	0.000000	7.198336	24.399997	6.099996	5.049998	34.850021	1.250000	27.350011	14.000002	14.999995	7.499999	4.500001	1.499999	0.000000	0.000000	0.000000	0.000000	0.000000	0.000000	0.000000	0.000000	0.000000	0.000000	0.000000	0.000000	0.000000	0.000000	0.000000	0.000000	0.000000	0.000000	0.000000	0.000000	0.000000	0.000000	0.000000	0.000000	0.000000	0.000000	11.826180	13.140221	72.331818	0.000000	0.000000	0.000000	0.000000	0.000000	0.000000	0.000000	0.000000	0.000000	39.999989	5.249999	45.000012	346.499870	0.000000	0.000000
2043	4629.138400	0.000000	0.000000	100.000000	0.000000	70.000000	0.000000	0.000000	0.000000	0.000000	0.000000	0.000000	0.000000	4629.140000	0.000000	0.000000	0.000000	0.000000	3593.240000	179.907000	88.872000	0.000000	0.000000	0.000000	0.000000	0.000000	0.000000	0.000000	0.000000	0.000000	0.000000	0.000000	0.000000	0.000000	0.000000	0.000000	0.000000	0.000000	0.000000	0.000000	0.000000	0.000000	0.000000	0.000000	0.000000	0.000000	0.000000	0.000000	0.000000	0.000000	0.000000	0.000000	0.000000	0.000000	0.000000	0.000000	0.000000	0.000000	0.000000	0.000000	0.000000	0.000000	0.000000	0.000000	14.355392	23.925672	0.000000	0.000000	0.000000	0.000000	24.673900	0.000000	23.925672	23.925672	5.263647	0.000000	0.000000	0.000000	0.000000	0.000000	0.000000	0.000000	0.000000	0.000000	0.000000	0.000000	0.000000	0.000000	0.000000	0.000000	151.787123	0.000000	0.000000	0.000000	0.000000	0.000000	0.000000	0.000000	0.000000	8.116384	8.116384	8.116384	8.808462	0.000000	0.000000	0.000000	8.306660	0.207667	8.389009	0.000000	2.097250	0.000000	0.000000	0.000000	0.000000	0.000000	0.000000	0.000000	0.000000	0.000000	0.000000	0.000000	95.819132	0.000000	84.087476	48.049989	0.000000	0.000000	0.000000	0.000000	0.000000	0.000000	0.000000	0.000000	0.000000	0.000000	0.000000	84.639970	0.000000	0.000000	0.000000	0.000000	0.000000	0.000000	0.000000	0.000000	0.000000	0.000000	0.000000	133.731030	0.000000	0.000000	59.336740	52.720460	42.333597	0.000000	2849.484200	29.624007	49.091238	0.000000	77.743888	92.001528	0.000000	16.927997	16.927997	29.624014	70.251213	29.624007	0.000000	0.000000	0.000000	0.000000	0.000000	0.000000	0.000000	0.000000	0.000000	0.000000	133.245000	0.000000	583.731000	52.158200	116.070000	0.000000	0.081207	1.822228	0.872384	2.186672	0.573123	13.382475	0.000000	3.012360	5.352988	6.691242	0.669124	0.000000	0.000000	0.000000	0.000000	346.500270	45.000010	0.000000	0.000000	5.249999	40.000000	0.000000	0.000000	0.000000	0.000000	0.000000	0.000000	0.000000	7.300002	23.550462	6.099996	4.874173	34.850031	1.224315	26.581971	14.000002	14.999993	7.499999	4.500001	1.499999	0.000000	0.000000	0.000000	0.000000	0.000000	0.000000	0.000000	0.000000	0.000000	0.000000	0.000000	0.000000	0.000000	0.000000	0.000000	0.000000	0.000000	0.000000	0.000000	0.000000	0.000000	0.000000	0.000000	0.000000	0.000000	0.000000	11.419379	12.688175	72.331818	0.000000	0.000000	0.000000	0.000000	0.000000	0.000000	0.000000	0.000000	0.000000	40.000000	5.249999	45.000008	346.500180	0.000000	0.000000
2044	4629.138400	0.000000	0.000000	100.000000	0.000000	70.000000	0.000000	0.000000	0.000000	0.000000	0.000000	0.000000	0.000000	4629.140000	0.000000	0.000000	0.000000	0.000000	3620.070000	153.926000	88.872000	0.000000	0.000000	0.000000	0.000000	0.000000	0.000000	0.000000	0.000000	0.000000	0.000000	0.000000	0.000000	0.000000	0.000000	0.000000	0.000000	0.000000	0.000000	0.000000	0.000000	0.000000	0.000000	0.000000	0.000000	0.000000	0.000000	0.000000	0.000000	0.000000	0.000000	0.000000	0.000000	0.000000	0.000000	0.000000	0.000000	0.000000	0.000000	0.000000	0.000000	0.000000	0.000000	0.000000	14.355392	23.925672	0.000000	0.000000	0.000000	0.000000	24.673900	0.000000	23.925672	23.925672	5.263647	0.000000	0.000000	0.000000	0.000000	0.000000	0.000000	0.000000	0.000000	0.000000	0.000000	0.000000	0.000000	0.000000	0.000000	0.000000	151.787123	0.000000	0.000000	0.000000	0.000000	0.000000	0.000000	0.000000	0.000000	8.116384	8.116384	8.116384	8.808462	0.000000	0.000000	0.000000	8.306660	0.000000	8.389009	0.000000	2.097250	0.000000	0.000000	0.000000	0.000000	0.000000	0.000000	0.000000	0.000000	0.000000	0.000000	0.000000	69.838622	0.000000	84.087480	48.049987	0.000000	0.000000	0.000000	0.000000	0.000000	0.000000	0.000000	0.000000	0.000000	0.000000	0.000000	84.639970	0.000000	0.000000	0.000000	0.000000	0.000000	0.000000	0.000000	0.000000	0.000000	0.000000	0.000000	0.000000	0.000000	0.000000	65.706879	62.507169	35.286559	0.000000	2992.899000	29.624019	49.091238	0.000000	85.730593	92.046802	0.000000	16.927997	16.928001	29.624019	70.251215	29.624019	0.000000	0.000000	0.000000	0.000000	0.000000	0.000000	0.000000	0.000000	0.000000	0.000000	126.681000	0.000000	584.798000	51.950500	116.070000	0.000000	0.081164	1.508999	0.846564	2.112598	0.573123	13.382477	0.000000	2.388012	5.352988	6.691243	0.000000	0.000000	0.000000	0.000000	0.000000	346.500296	45.000009	0.000000	0.000000	5.249998	39.999994	0.000000	0.000000	0.000000	0.000000	0.000000	0.000000	0.000000	7.300002	23.647941	6.099996	5.049998	34.850026	1.250000	27.350010	14.000002	14.999993	7.499999	4.500001	1.499999	0.000000	0.000000	0.000000	0.000000	0.000000	0.000000	0.000000	0.000000	0.000000	0.000000	0.000000	0.000000	0.000000	0.000000	0.000000	0.000000	0.000000	0.000000	0.000000	0.000000	0.000000	0.000000	0.000000	0.000000	0.000000	0.000000	11.416937	12.685527	72.331818	0.000000	0.000000	0.000000	0.000000	0.000000	0.000000	0.000000	0.000000	0.000000	39.999994	5.249998	45.000000	346.500256	0.000000	0.000000
2045	4629.138400	0.000000	0.000000	100.000000	0.000000	70.000000	0.000000	0.000000	0.000000	0.000000	0.000000	0.000000	0.000000	4629.140000	0.000000	0.000000	0.000000	0.000000	3584.520000	196.924000	88.872000	0.000000	0.000000	0.000000	0.000000	0.000000	0.000000	0.000000	0.000000	0.000000	0.000000	0.000000	0.000000	0.000000	0.000000	0.000000	0.000000	0.000000	0.000000	0.000000	0.000000	0.000000	0.000000	0.000000	0.000000	0.000000	0.000000	0.000000	0.000000	0.000000	0.000000	0.000000	0.000000	0.000000	0.000000	0.000000	0.000000	0.000000	0.000000	0.000000	0.000000	0.000000	0.000000	0.000000	14.355392	23.925672	0.000000	0.000000	0.000000	0.000000	24.673900	0.000000	23.925672	23.925672	5.263647	0.000000	0.000000	0.000000	0.000000	0.000000	0.000000	0.000000	0.000000	0.000000	0.000000	0.000000	0.000000	0.000000	0.000000	0.000000	151.787123	0.000000	0.000000	0.000000	0.000000	0.000000	0.000000	0.000000	0.000000	8.116384	0.000000	8.116384	8.808462	0.000000	0.000000	0.000000	8.306660	0.000000	8.389009	0.000000	2.097250	0.000000	0.000000	0.000000	0.000000	0.000000	0.000000	0.000000	0.000000	0.000000	0.000000	0.000000	112.836390	0.000000	84.087470	48.049988	0.000000	0.000000	0.000000	0.000000	0.000000	0.000000	0.000000	0.000000	0.000000	0.000000	0.000000	84.639980	0.000000	0.000000	0.000000	0.000000	0.000000	0.000000	0.000000	0.000000	0.000000	0.000000	0.000000	0.000000	0.000000	0.000000	65.147939	55.629900	35.296403	0.000000	2967.294800	29.624009	49.091224	0.000000	95.798190	79.468269	0.000000	16.927997	16.927997	29.624009	70.251221	29.624009	0.000000	0.000000	0.000000	0.000000	0.000000	0.000000	0.000000	0.000000	0.000000	0.000000	127.874000	0.000000	585.169000	43.834100	116.070000	0.000000	0.106710	1.560641	0.794500	2.224006	0.573123	13.382477	0.000000	2.561559	5.352987	6.691241	0.000000	0.000000	0.000000	0.000000	0.000000	346.500110	44.999990	0.000000	0.000000	5.249999	40.000000	0.000000	0.000000	0.000000	0.000000	0.000000	0.000000	0.000000	7.075003	24.399994	6.099996	4.894348	34.850021	1.250000	27.350010	14.000003	14.999995	7.499999	4.500001	1.499999	0.000000	0.000000	0.000000	0.000000	0.000000	0.000000	0.000000	0.000000	0.000000	0.000000	0.000000	0.000000	0.000000	0.000000	0.000000	0.000000	0.000000	0.000000	0.000000	0.000000	0.000000	0.000000	0.000000	0.000000	0.000000	0.000000	11.596552	12.885056	72.331818	0.000000	0.000000	0.000000	0.000000	0.000000	0.000000	0.000000	0.000000	0.000000	40.000000	5.250000	44.999996	346.500030	0.000000	0.000000

" "
"Table 3:"		"KEa - Reference"
"Aug 19, 2024 22:13"		"KEaCumulNewCapacity"
	KEEL00T00	KEEL00i00_HVDC	KEEL00i00_TANESCO	KEEL00i00_UETCL	KEEL00i00	KEEL00TDI	KEEL00TDR	KEEL00TDU	KEEL00TDC	KEEL00TUI	KEEL00TUR	KEEL00TUS	KEEL00TUU	KEEL00TUC	KEDS00I00	KENU00I00	KEGE00I00	KEGE00I00_Generic	KEGE00I00_steam	KEDSRC00	KEDSRC01_Tsavo_Extended	KEDSSC00	KEDSRI00	KEDSRU00	KEDSRB00	KEDSRR00	KEHF00I00_NAIROBI	KEHF00I00	KEHFRC00	KEHFRC01_Tsavo	KEHFRC01_Rabai	KEHFRC01_Kipevu_III	KEHFRC10_Thika	KEHFRC10_Gulf	KEHFRC10_Triumph	KEHFRC03	KEHFRC10	KEHFRC02	KEHFRC01	KECO00X00	KECOSC00	KECOSC11	KENG00I00_LNG	KENG00I00	KENGSC00	KENGSC12_Dongo_Kundu	KENGCC00	KENGCC12_LNG_Backup2	KENGCC12_LNG_Backup26	KENGCC12_LNG_Backup35	KENGCC12_LNG_Backup4	KENGCC12_LNG2	KENUPW00	KENUPW20_Nuclear_III	KENUPW20_Nuclear_II	KENUPW20_Nuclear_I	KENUPW20	KEWDLC00	KEWDLCZ004_Marsabit_PhII	KEWDLCZ007_Meru_PhIII	KEWDLCZ007_Meru_PhII	KEWDLCZ007_Meru_PhI	KEWDLCZ008_Oldanyat	KEWDLCZ008_Prunus	KEWDLCZH08_Ngong_PhII	KEWDLCZH08_Ngong_PhI	KEWDLCZ001_Bahari2	KEWDLCZH08_Kipeto	KEWDLCZ001_Bahari_PhI	KEWDLCZ004_Marsabit_PhI	KEWDLCZ008_Aperture	KEWDLCZ008_Chania	KEWDLCZ008_Ngong1_PhIII	KEWDOC00	KEWDLCZ010	KEWDLCZ009	KEWDLCZ008	KEWDLCZ007	KEWDLCZ006	KEWDLCZ005	KEWDLCZ004	KEWDLCZ003	KEWDLCZ002	KEWDLCZ001	KEWDLCZDP09_Lake_Turkana	KEWDLCZH08	KESOTN00	KESOTNZ002	KESOTNZ001	KESOTS00	KESOTSZ002	KESOTSZ001	KESOTG00	KESOPC00	KESOPCZ001_Kenya_Solar	KESOPCZ003_Strathmore	KESOPCZ003_REA_Garissa	KESOPCZ008_Kibwezi	KESOPCZ008_Tarita_Green	KESOPCZ008_Kopere	KESOPCZ001_SevenForks	KESOPCZ003_Eldosol	KESOPCZ003_Selenkei	KESOPCZ003_Alten	KESOPCZ009_Kenergy	KESOPCZ009_MarcoBorero	KESOPCZ001_Greenmillenia	KESOPCZ001_Makindu	KESOPCZ001_HannanArya	KESOPCZ001_Malindi	KESOPCZ010	KESOPCZ009	KESOPCZ008	KESOPCZ007	KESOPCZ006	KESOPCZ005	KESOPCZ004	KESOPCZ003	KESOPCZ002	KESOPCZ001	KEGOCV00	KEGOCV18_Menengai_V	KEGOCV16_Olkaria_7	KEGOCV16_Olkaria_6	KEGOCV12_Suswa_I	KEGOCV12_Suswa_II	KEGOCV12_Suswa_III	KEGOCV12_Olsuswa_I	KEGOCV13_Akiira_I	KEGOCV13_Akiira_II	KEGOCV20_AGIL_I	KEGOCV20_AGIL_II	KEGOCV20_AGIL_III	KEGOCV20_AGIL_IV	KEGOCV17_Korosi_I	KEGOCV17_Paka_I	KEGOCV16_Olkaria_II_Rehab	KEGOCV17_Paka_II	KEGOCV17_Silali_II	KEGOCV17_Paka_III	KEGOCV17_Silali_III	KEGOCV18_Menengai_IV	KEGOCV01_Orpower_4P4	KEGOCV01_Orpower_4P3	KEGOCV01_Orpower_4P2	KEGOCV01_Orpower_4PI	KEGOCV01_Olkaria_2	KEGOCV10_OLK_V	KEGOCV10_OLK_IAU	KEGOCV10_OLK_IV	KEGOCV17_Baringo_Silali_I	KEGOCV18_Menengai_III	KEGOCV18_Menengai_1_Stage2	KEGOCV12_Suswa	KEGOCV12_Eburru	KEGOCV16_Menengai_1_Orpower22	KEGOCV18_Wellheadleasing	KEGOCV13_Marine_Power_Akiira	KEGOCV16_Olkaria8	KEGOCV16_Olkaria9	KEGOCV17_Baringo_Silali	KEGOCV16_Olkaria_1V_Uprating	KEGOCV16_Olkaria_1_Uprating	KEGOCV18_Menengai_1_Quantum	KEGOCV16_Olkaria_1_Unit6	KEGOCV18_Menengai_1_Sosian	KEGOCV20	KEGOCV16	KEGOCV15	KEGOCV14	KEGOCV13	KEGOCV12	KEGOCV11	KEGOCV10	KEGOCV03	KEGOCV02	KEBM00X00	KEBW00X00	KEHY00X00	KESO00X00	KEWD00X00	KEBMST00	KEBMST10_BiogasH	KEBMST10_WestKenya	KEBMST10_VRHoldings	KEBMST10_Cummins_Cogen	KEBMST10_Viability	KEBMST10_Tana_Biogas	KEBMST10_MunicipalWtE_Biogas	KEBMST10_Roadtech	KEBMST10_ThikaWayBiogas	KEBMST10_Kwale	KEBMST10_REA_Vipingo	KEBWST00	KEBMST10	KEBMST01	KEHYDM00	KEHYDM_High_Grand	KEHYDM_Karura	KEHYDM_TURKWEL	KEHYDM_KIAMBERE	KEHYDM_Kindaruma	KEHYDM_Gitaru	KEHYDM_KAMBURU	KEHYDM_MASINGA	KEHYRO_Lower_Grand	KEHYDM_Kamburu_Masinga	KEHYDM_Turkwell	KEHYDM_Kiambere	KEHYRO00	KEHYRO_Small_2033	KEHYRO_Small_2032	KEHYRO_Small_2031	KEHYRO_Small_KTDA_2031	KEHYRO_Small_2030	KEHYRO_Small_KTDA_2030	KEHYRO_Small_2029	KEHYRO_Small_2028	KEHYRO_Small_2027	KEHYRO_Small_2026	KEHYRO_Small_2025	KEHYRO_Small_KTDA_2024	KEHYRO_Small_Chevron	KEHYRO_Small_KDTA2	KEHYRO_Small_Rareh	KEHYRO_Small_Kirogori	KEHYRO_Small_GemGen	KEHYRO_Small_Kaptis	KEHYRO_Small_Nithi	KEHYRO_Small_Tindinyo	KEHYRO_Small_Gatiki	KEHYRO_Small_KTDA_Gogo	KEHYRO_Small_MtKenya_CBO	KEHYRO_Small_KTDA	KEHYRO_Small_KTDA_Kleen	KEHYRO_Tana	KEHYRO_Sangoro	KEHYRO_Sondu_Miriu	KEHYMI00	KEHYRO_Existing_Small	KESOPU00	KESOPB00	KESOPR00	KESOPS00	KEELBS00	KERIDM_Kamburu_Masinga	KERIDM_Turkwell	KERIDM_Kiambere	KEELST04	KEELPT04	KEELDT04_01	KEELDT04_02	KEELDT04_03	KEEXDT00	KERIDM_MASINGA	KERIDM_KAMBURU	KERIDM_Gitaru	KERIDM_Kindaruma	KERIDM_Karura	KERIDM_High_Grand	KEELDT04_04
2022	1989.940000	200.000000	100.000000	0.000000	0.000000	0.000000	0.000000	0.000000	0.000000	0.000000	0.000000	0.000000	0.000000	0.000000	0.000000	0.000000	0.000000	0.000000	0.000000	0.000000	0.000000	0.000000	0.000000	0.000000	0.000000	0.000000	0.000000	0.000000	0.000000	0.000000	0.000000	0.000000	0.000000	0.000000	0.000000	0.000000	0.000000	0.000000	0.000000	0.000000	0.000000	0.000000	0.000000	0.000000	0.000000	0.000000	0.000000	0.000000	0.000000	0.000000	0.000000	0.000000	0.000000	0.000000	0.000000	0.000000	0.000000	0.000000	0.000000	0.000000	0.000000	0.000000	0.000000	0.000000	0.000000	0.000000	0.000000	0.000000	0.000000	0.000000	0.000000	0.000000	0.000000	0.000000	0.000000	0.000000	0.000000	0.000000	0.000000	0.000000	0.000000	0.000000	0.000000	0.000000	0.000000	0.000000	0.000000	0.000000	0.000000	0.000000	0.000000	0.000000	0.000000	0.000000	0.000000	0.000000	0.000000	0.000000	0.000000	0.000000	0.000000	0.000000	0.000000	0.000000	0.000000	0.000000	0.000000	0.000000	0.000000	40.000000	0.000000	0.000000	0.000000	0.000000	0.000000	0.000000	0.000000	0.000000	0.000000	0.000000	0.000000	0.000000	0.000000	0.000000	0.000000	0.000000	0.000000	0.000000	0.000000	0.000000	0.000000	0.000000	0.000000	0.000000	0.000000	0.000000	0.000000	0.000000	0.000000	0.000000	0.000000	0.000000	0.000000	0.000000	0.000000	0.000000	0.000000	0.000000	0.000000	0.000000	0.000000	0.000000	0.000000	0.000000	0.000000	0.000000	0.000000	0.000000	0.000000	0.000000	0.000000	0.000000	0.000000	0.000000	83.000000	0.000000	0.000000	0.000000	0.000000	0.000000	0.000000	0.000000	0.000000	0.000000	0.000000	0.000000	0.000000	0.000000	0.000000	0.000000	0.000000	0.000000	0.000000	0.000000	0.000000	0.000000	0.000000	0.000000	0.000000	0.000000	0.000000	0.000000	0.000000	0.000000	0.000000	0.000000	0.000000	0.000000	0.000000	0.000000	0.000000	0.000000	0.000000	0.000000	0.000000	0.000000	0.000000	0.000000	0.000000	0.000000	0.000000	0.000000	0.000000	0.000000	0.000000	0.000000	0.000000	0.000000	0.000000	0.000000	0.000000	0.000000	0.000000	0.000000	0.000000	0.000000	0.000000	0.000000	0.000000	0.000000	0.000000	0.000000	0.000000	0.000000	0.000000	0.000000	0.000000	0.000000	0.000000	0.000000	0.000000	0.000000	0.000000	0.000000	88.064900	175.840000	214.500000	239.190000	0.000000	0.000000	0.000000	0.000000	0.000000	0.000000	61.250000	118.840000	214.320000	50.170000	70.560000	869.280000	0.000000
2023	2143.180000	200.000000	100.000000	0.000000	0.000000	0.000000	0.000000	0.000000	0.000000	0.000000	0.000000	0.000000	0.000000	0.000000	0.000000	0.000000	0.000000	0.000000	0.000000	0.000000	0.000000	0.000000	0.000000	0.000000	0.000000	0.000000	0.000000	0.000000	0.000000	0.000000	0.000000	0.000000	0.000000	0.000000	0.000000	0.000000	0.000000	0.000000	0.000000	0.000000	0.000000	0.000000	0.000000	0.000000	0.000000	0.000000	0.000000	0.000000	0.000000	0.000000	0.000000	0.000000	0.000000	0.000000	0.000000	0.000000	0.000000	0.000000	0.000000	0.000000	0.000000	0.000000	0.000000	0.000000	0.000000	0.000000	0.000000	0.000000	0.000000	0.000000	0.000000	0.000000	0.000000	0.000000	0.000000	0.000000	0.000000	0.000000	0.000000	0.000000	0.000000	0.000000	0.000000	0.000000	0.000000	0.000000	0.000000	0.000000	0.000000	0.000000	0.000000	0.000000	0.000000	0.000000	0.000000	0.000000	0.000000	0.000000	0.000000	0.000000	0.000000	0.000000	0.000000	40.000000	0.000000	0.000000	0.000000	0.000000	0.000000	40.000000	0.000000	0.000000	0.000000	0.000000	0.000000	0.000000	0.000000	0.000000	0.000000	0.000000	0.000000	0.000000	0.000000	0.000000	0.000000	0.000000	0.000000	0.000000	0.000000	0.000000	0.000000	0.000000	0.000000	0.000000	0.000000	0.000000	0.000000	0.000000	0.000000	0.000000	0.000000	0.000000	0.000000	0.000000	0.000000	0.000000	0.000000	0.000000	0.000000	0.000000	0.000000	0.000000	0.000000	0.000000	0.000000	0.000000	0.000000	0.000000	0.000000	0.000000	0.000000	0.000000	0.000000	0.000000	83.000000	35.000000	0.000000	0.000000	0.000000	0.000000	0.000000	0.000000	0.000000	0.000000	0.000000	0.000000	0.000000	0.000000	0.000000	0.000000	0.000000	0.000000	0.000000	0.000000	0.000000	0.000000	0.000000	0.000000	0.000000	0.000000	0.000000	0.000000	0.000000	0.000000	0.000000	0.000000	0.000000	0.000000	0.000000	0.000000	0.000000	0.000000	0.000000	0.000000	0.000000	0.000000	0.000000	0.000000	0.000000	0.000000	0.000000	0.000000	0.000000	0.000000	0.000000	0.000000	0.000000	0.000000	0.000000	0.000000	0.000000	0.000000	0.000000	0.000000	0.000000	0.000000	0.000000	0.000000	0.000000	0.000000	0.000000	0.000000	0.000000	0.000000	0.000000	0.000000	0.000000	0.000000	0.000000	0.000000	0.000000	0.000000	0.000000	0.000000	309.693900	175.840000	214.500000	239.190000	0.000000	0.000000	0.000000	0.000000	0.000000	0.000000	61.250000	118.840000	214.320000	50.170000	70.560000	869.280000	0.000000
2024	2222.631000	200.000000	100.000000	0.000000	0.000000	0.000000	0.000000	0.000000	0.000000	0.000000	0.000000	0.000000	0.000000	0.000000	0.000000	0.000000	0.000000	0.000000	0.000000	0.000000	0.000000	0.000000	0.000000	0.000000	0.000000	0.000000	0.000000	0.000000	0.000000	0.000000	0.000000	0.000000	0.000000	0.000000	0.000000	0.000000	0.000000	0.000000	0.000000	0.000000	0.000000	0.000000	0.000000	0.000000	0.000000	0.000000	0.000000	0.000000	0.000000	0.000000	0.000000	0.000000	0.000000	0.000000	0.000000	0.000000	0.000000	0.000000	0.000000	0.000000	0.000000	0.000000	0.000000	0.000000	0.000000	0.000000	0.000000	0.000000	0.000000	0.000000	0.000000	0.000000	0.000000	0.000000	0.000000	0.000000	0.000000	0.000000	0.000000	0.000000	0.000000	0.000000	0.000000	0.000000	0.000000	0.000000	0.000000	0.000000	0.000000	0.000000	0.000000	0.000000	0.000000	0.000000	0.000000	0.000000	0.000000	0.000000	0.000000	0.000000	0.000000	0.000000	0.000000	40.000000	0.000000	1.000000	0.000000	0.000000	0.000000	40.000000	0.000000	0.000000	0.000000	0.000000	0.000000	0.000000	0.000000	0.000000	0.000000	0.000000	0.000000	0.000000	0.000000	0.000000	0.000000	0.000000	0.000000	0.000000	0.000000	0.000000	0.000000	0.000000	0.000000	0.000000	0.000000	0.000000	0.000000	0.000000	0.000000	0.000000	0.000000	0.000000	0.000000	0.000000	0.000000	0.000000	0.000000	0.000000	0.000000	0.000000	0.000000	0.000000	0.000000	0.000000	0.000000	0.000000	0.000000	0.000000	0.000000	0.000000	0.000000	0.000000	0.000000	0.000000	83.000000	35.000000	0.000000	0.000000	0.000000	0.000000	0.000000	0.000000	0.000000	0.000000	0.000000	0.000000	0.000000	0.000000	0.000000	0.000000	0.000000	0.000000	0.000000	0.000000	0.000000	0.000000	0.000000	0.000000	0.000000	0.000000	0.000000	0.000000	1.000000	0.000000	0.000000	0.000000	0.000000	0.000000	0.000000	0.000000	0.000000	0.000000	0.000000	0.000000	0.000000	0.000000	0.000000	0.000000	0.000000	0.000000	0.000000	0.000000	0.000000	0.000000	0.000000	0.000000	0.000000	0.000000	0.000000	0.000000	0.000000	3.000000	0.000000	0.000000	0.000000	0.000000	0.000000	0.000000	0.000000	0.000000	0.000000	0.000000	0.000000	0.000000	0.000000	0.000000	0.000000	0.000000	0.000000	0.000000	0.000000	0.000000	0.000000	0.000000	704.718900	175.840000	214.500000	239.190000	0.000000	0.000000	0.000000	0.000000	0.000000	0.000000	61.250000	118.840000	214.320000	50.170000	70.560000	869.280000	0.000000
2025	2328.589000	200.000000	100.000000	0.000000	0.000000	0.000000	0.000000	0.000000	0.000000	0.000000	0.000000	0.000000	0.000000	0.000000	0.000000	0.000000	0.000000	0.000000	0.000000	0.000000	0.000000	0.000000	0.000000	0.000000	0.000000	0.000000	0.000000	0.000000	0.000000	0.000000	0.000000	0.000000	0.000000	0.000000	0.000000	0.000000	0.000000	0.000000	0.000000	0.000000	0.000000	0.000000	0.000000	0.000000	0.000000	0.000000	0.000000	0.000000	0.000000	0.000000	0.000000	0.000000	0.000000	0.000000	0.000000	0.000000	0.000000	0.000000	0.000000	0.000000	0.000000	0.000000	0.000000	0.000000	0.000000	0.000000	0.000000	0.000000	0.000000	0.000000	0.000000	0.000000	0.000000	0.000000	0.000000	0.000000	0.000000	0.000000	0.000000	0.000000	0.000000	0.000000	0.000000	0.000000	0.000000	0.000000	0.000000	0.000000	0.000000	0.000000	0.000000	0.000000	0.000000	0.000000	0.000000	0.000000	0.000000	0.000000	40.000000	0.000000	0.000000	0.000000	0.000000	40.000000	0.000000	1.000000	0.000000	0.000000	0.000000	40.000000	0.000000	0.000000	0.000000	0.000000	0.000000	0.000000	0.000000	0.000000	0.000000	0.000000	0.000000	0.000000	0.000000	0.000000	0.000000	0.000000	0.000000	0.000000	0.000000	0.000000	0.000000	0.000000	0.000000	0.000000	0.000000	0.000000	0.000000	0.000000	0.000000	0.000000	0.000000	0.000000	0.000000	0.000000	0.000000	0.000000	0.000000	0.000000	0.000000	0.000000	0.000000	0.000000	0.000000	0.000000	0.000000	0.000000	0.000000	0.000000	0.000000	0.000000	0.000000	20.000000	0.000000	35.000000	83.000000	35.000000	0.000000	0.000000	0.000000	0.000000	0.000000	0.000000	0.000000	0.000000	0.000000	0.000000	0.000000	0.000000	0.000000	0.000000	0.000000	0.000000	0.000000	0.000000	0.000000	0.000000	0.000000	0.000000	0.000000	0.000000	0.000000	0.000000	1.000000	0.000000	0.000000	0.000000	0.000000	0.000000	0.000000	0.000000	0.000000	0.000000	0.000000	0.000000	0.000000	0.000000	0.000000	0.000000	0.000000	0.000000	0.000000	0.000000	0.000000	0.000000	0.000000	0.000000	0.000000	0.000000	0.000000	0.000000	9.000000	3.000000	0.000000	0.000000	0.000000	0.000000	0.000000	0.000000	0.000000	0.000000	0.000000	0.000000	0.000000	0.000000	0.000000	0.000000	0.000000	0.000000	0.000000	0.000000	0.000000	0.000000	0.000000	0.000000	704.718900	175.840000	214.500000	239.190000	1790.310000	1790.310000	0.000000	0.000000	0.000000	0.000000	61.250000	118.840000	214.320000	50.170000	70.560000	869.280000	0.000000
2026	2452.773000	200.000000	100.000000	0.000000	0.000000	0.000000	0.000000	0.000000	0.000000	0.000000	0.000000	0.000000	0.000000	0.000000	0.000000	0.000000	0.000000	0.000000	0.000000	0.000000	0.000000	0.000000	0.000000	0.000000	0.000000	0.000000	0.000000	0.000000	0.000000	0.000000	0.000000	0.000000	0.000000	0.000000	0.000000	0.000000	0.000000	0.000000	0.000000	0.000000	0.000000	0.000000	0.000000	0.000000	0.000000	0.000000	0.000000	0.000000	0.000000	0.000000	0.000000	0.000000	0.000000	0.000000	0.000000	0.000000	0.000000	0.000000	0.000000	0.000000	0.000000	0.000000	0.000000	50.000000	0.000000	0.000000	0.000000	0.000000	0.000000	0.000000	50.000000	50.000000	0.000000	0.000000	0.000000	0.000000	0.000000	0.000000	0.000000	0.000000	0.000000	0.000000	0.000000	0.000000	0.000000	0.000000	0.000000	0.000000	11.470500	0.000000	0.000000	0.000000	0.000000	0.000000	0.000000	0.000000	0.000000	0.000000	40.000000	40.000000	0.000000	0.000000	0.000000	40.000000	0.000000	1.000000	0.000000	0.000000	0.000000	40.000000	0.000000	0.000000	0.000000	0.000000	0.000000	0.000000	0.000000	0.000000	0.000000	0.000000	0.000000	0.000000	0.000000	0.000000	0.000000	0.000000	0.000000	0.000000	0.000000	0.000000	0.000000	0.000000	0.000000	0.000000	0.000000	0.000000	0.000000	0.000000	0.000000	0.000000	0.000000	0.000000	0.000000	0.000000	0.000000	0.000000	0.000000	0.000000	0.000000	0.000000	0.000000	0.000000	0.000000	0.000000	0.000000	35.000000	58.000000	0.000000	0.000000	0.000000	0.000000	20.000000	20.000000	35.000000	83.000000	35.000000	0.000000	0.000000	0.000000	0.000000	0.000000	0.000000	0.000000	0.000000	0.000000	0.000000	0.000000	0.000000	0.000000	0.000000	0.000000	0.000000	0.000000	0.000000	0.000000	0.000000	0.000000	0.000000	0.000000	0.000000	0.000000	0.000000	1.000000	0.000000	0.000000	0.000000	0.000000	0.000000	0.000000	0.000000	0.000000	0.000000	0.000000	0.000000	0.000000	0.000000	0.000000	0.000000	0.000000	0.000000	0.000000	0.000000	0.000000	0.000000	0.000000	0.000000	0.000000	0.000000	0.000000	15.000000	9.000000	3.000000	0.000000	0.000000	0.000000	0.000000	0.000000	0.000000	0.000000	0.000000	0.000000	0.000000	0.000000	0.000000	0.000000	0.000000	0.000000	0.000000	0.000000	0.000000	0.000000	0.000000	0.000000	0.000000	704.718900	175.840000	214.500000	239.190000	1790.310000	1790.310000	0.000000	0.000000	0.000000	0.000000	61.250000	118.840000	214.320000	50.170000	70.560000	869.280000	0.000000
2027	2590.982000	200.000000	100.000000	0.000000	0.000000	0.000000	0.000000	0.000000	0.000000	0.000000	0.000000	0.000000	0.000000	0.000000	0.000000	0.000000	0.000000	0.000000	0.000000	0.000000	0.000000	0.000000	0.000000	0.000000	0.000000	0.000000	0.000000	0.000000	0.000000	0.000000	0.000000	0.000000	0.000000	0.000000	0.000000	0.000000	0.000000	0.000000	0.000000	0.000000	0.000000	0.000000	0.000000	0.000000	0.000000	0.000000	0.000000	0.000000	0.000000	0.000000	0.000000	0.000000	0.000000	0.000000	0.000000	0.000000	0.000000	0.000000	0.000000	0.000000	0.000000	0.000000	0.000000	50.000000	0.000000	0.000000	0.000000	0.000000	0.000000	0.000000	50.000000	50.000000	0.000000	0.000000	0.000000	0.000000	0.000000	0.000000	0.000000	0.000000	0.000000	0.000000	0.000000	0.000000	0.000000	0.000000	0.000000	0.000000	11.470500	0.000000	0.000000	0.000000	0.000000	0.000000	0.000000	0.000000	0.000000	40.000000	40.000000	40.000000	42.000000	0.000000	0.000000	40.000000	40.000000	1.000000	40.000000	0.000000	10.000000	40.000000	0.000000	0.000000	0.000000	0.000000	0.000000	0.000000	0.000000	0.000000	0.000000	0.000000	0.000000	0.000000	140.000000	80.000000	0.000000	0.000000	0.000000	0.000000	0.000000	0.000000	0.000000	0.000000	0.000000	0.000000	0.000000	100.000000	0.000000	0.000000	0.000000	0.000000	0.000000	0.000000	0.000000	0.000000	0.000000	0.000000	0.000000	0.000000	0.000000	0.000000	0.000000	0.000000	0.000000	0.000000	0.000000	35.000000	58.000000	0.000000	0.000000	0.000000	0.000000	20.000000	20.000000	35.000000	83.000000	35.000000	0.000000	0.000000	0.000000	0.000000	0.000000	0.000000	0.000000	0.000000	0.000000	0.000000	0.000000	0.000000	0.000000	0.000000	0.000000	0.000000	0.000000	0.000000	0.000000	0.000000	0.000000	20.000000	0.000000	0.000000	0.000000	10.000000	1.000000	0.000000	0.000000	0.000000	0.000000	0.000000	0.000000	0.000000	0.000000	0.000000	0.000000	0.000000	0.000000	0.000000	0.000000	0.000000	0.000000	0.000000	0.000000	0.000000	0.000000	0.000000	0.000000	0.000000	0.000000	0.000000	30.000000	15.000000	9.000000	3.000000	0.000000	0.000000	0.000000	0.000000	0.000000	0.000000	0.000000	0.000000	0.000000	0.000000	0.000000	0.000000	0.000000	0.000000	0.000000	0.000000	0.000000	0.000000	0.000000	0.000000	0.000000	0.000000	704.718900	175.840000	214.500000	239.190000	1790.310000	1790.310000	0.000000	0.000000	0.000000	0.000000	61.250000	118.840000	214.320000	50.170000	70.560000	869.280000	0.000000
2028	2741.838000	200.000000	100.000000	0.000000	0.000000	0.000000	0.000000	0.000000	0.000000	0.000000	0.000000	0.000000	0.000000	0.000000	0.000000	0.000000	0.000000	0.000000	0.000000	0.000000	0.000000	0.000000	0.000000	0.000000	0.000000	0.000000	0.000000	0.000000	0.000000	0.000000	0.000000	0.000000	0.000000	0.000000	0.000000	0.000000	0.000000	0.000000	0.000000	0.000000	0.000000	0.000000	0.000000	0.000000	0.000000	0.000000	0.000000	0.000000	0.000000	0.000000	0.000000	0.000000	0.000000	0.000000	0.000000	0.000000	0.000000	0.000000	0.000000	0.000000	0.000000	0.000000	30.000000	50.000000	0.000000	0.000000	0.000000	0.000000	50.000000	0.000000	50.000000	50.000000	11.000000	0.000000	0.000000	0.000000	0.000000	0.000000	0.000000	0.000000	0.000000	0.000000	0.000000	0.000000	0.000000	0.000000	0.000000	0.000000	196.766500	0.000000	0.000000	0.000000	0.000000	0.000000	0.000000	0.000000	0.000000	40.000000	40.000000	40.000000	42.000000	0.000000	0.000000	40.000000	40.000000	1.000000	40.000000	0.000000	10.000000	40.000000	0.000000	0.000000	0.000000	0.000000	0.000000	0.000000	0.000000	0.000000	0.000000	0.000000	0.000000	0.000000	140.000000	80.000000	0.000000	0.000000	0.000000	0.000000	0.000000	0.000000	0.000000	0.000000	0.000000	0.000000	0.000000	100.000000	0.000000	0.000000	0.000000	0.000000	0.000000	0.000000	0.000000	0.000000	0.000000	0.000000	0.000000	0.000000	0.000000	0.000000	0.000000	0.000000	0.000000	0.000000	0.000000	35.000000	58.000000	0.000000	0.000000	0.000000	0.000000	20.000000	20.000000	35.000000	83.000000	35.000000	0.000000	0.000000	0.000000	0.000000	0.000000	0.000000	0.000000	0.000000	0.000000	0.000000	0.000000	0.000000	0.000000	0.000000	0.000000	0.000000	0.000000	0.000000	0.000000	0.000000	0.000000	20.000000	0.000000	0.000000	8.000000	10.000000	1.000000	0.000000	0.000000	0.000000	0.000000	0.000000	0.000000	0.000000	0.000000	0.000000	0.000000	0.000000	0.000000	0.000000	0.000000	0.000000	0.000000	0.000000	0.000000	0.000000	0.000000	0.000000	0.000000	0.000000	0.000000	28.000000	30.000000	15.000000	9.000000	3.000000	0.000000	0.000000	0.000000	0.000000	0.000000	0.000000	0.000000	0.000000	0.000000	0.000000	0.000000	0.000000	0.000000	0.000000	0.000000	0.000000	0.000000	0.000000	0.000000	0.000000	0.000000	0.000000	704.718900	175.840000	214.500000	239.190000	1790.310000	1790.310000	0.000000	0.000000	0.000000	0.000000	61.250000	118.840000	214.320000	50.170000	70.560000	869.280000	0.000000
2029	2956.936000	200.000000	100.000000	0.000000	0.000000	0.000000	0.000000	0.000000	0.000000	0.000000	0.000000	0.000000	0.000000	0.000000	0.000000	0.000000	0.000000	0.000000	0.000000	0.000000	0.000000	0.000000	0.000000	0.000000	0.000000	0.000000	0.000000	0.000000	0.000000	0.000000	0.000000	0.000000	0.000000	0.000000	0.000000	0.000000	0.000000	0.000000	0.000000	0.000000	0.000000	0.000000	0.000000	0.000000	0.000000	0.000000	0.000000	0.000000	0.000000	0.000000	0.000000	0.000000	0.000000	0.000000	0.000000	0.000000	0.000000	0.000000	0.000000	0.000000	0.000000	0.000000	30.000000	50.000000	0.000000	0.000000	0.000000	0.000000	50.000000	0.000000	50.000000	50.000000	11.000000	0.000000	0.000000	0.000000	0.000000	0.000000	0.000000	0.000000	0.000000	0.000000	0.000000	0.000000	0.000000	0.000000	0.000000	0.000000	375.976500	0.000000	0.000000	0.000000	0.000000	0.000000	0.000000	0.000000	0.000000	40.000000	40.000000	40.000000	42.000000	0.000000	0.000000	40.000000	40.000000	1.000000	40.000000	0.000000	10.000000	40.000000	0.000000	0.000000	0.000000	0.000000	0.000000	0.000000	0.000000	0.000000	0.000000	0.000000	0.000000	0.000000	140.000000	80.000000	0.000000	0.000000	0.000000	0.000000	0.000000	0.000000	0.000000	0.000000	0.000000	0.000000	0.000000	100.000000	0.000000	0.000000	0.000000	0.000000	0.000000	0.000000	0.000000	0.000000	0.000000	0.000000	0.000000	0.000000	0.000000	0.000000	100.000000	0.000000	0.000000	0.000000	0.000000	35.000000	58.000000	0.000000	0.000000	0.000000	0.000000	20.000000	20.000000	35.000000	83.000000	35.000000	0.000000	0.000000	0.000000	0.000000	0.000000	0.000000	0.000000	0.000000	0.000000	0.000000	0.000000	0.000000	0.000000	0.000000	0.000000	0.000000	0.000000	0.000000	0.000000	0.000000	0.000000	20.000000	0.000000	0.000000	8.000000	10.000000	1.000000	0.000000	0.000000	0.000000	0.000000	0.000000	0.000000	0.000000	0.000000	0.000000	0.000000	0.000000	0.000000	0.000000	0.000000	0.000000	0.000000	0.000000	0.000000	0.000000	0.000000	0.000000	0.000000	0.000000	54.700000	28.000000	30.000000	15.000000	9.000000	3.000000	0.000000	0.000000	0.000000	0.000000	0.000000	0.000000	0.000000	0.000000	0.000000	0.000000	0.000000	0.000000	0.000000	0.000000	0.000000	0.000000	0.000000	0.000000	0.000000	0.000000	0.000000	0.000000	704.718900	175.840000	214.500000	239.190000	1790.310000	1790.310000	0.000000	0.000000	0.000000	0.000000	61.250000	118.840000	214.320000	50.170000	70.560000	869.280000	0.000000
2030	3212.813000	200.000000	100.000000	0.000000	0.000000	0.000000	0.000000	0.000000	0.000000	0.000000	0.000000	0.000000	0.000000	0.000000	0.000000	0.000000	0.000000	0.000000	0.000000	0.000000	0.000000	0.000000	0.000000	0.000000	0.000000	0.000000	0.000000	0.000000	0.000000	0.000000	0.000000	0.000000	0.000000	0.000000	0.000000	0.000000	0.000000	0.000000	0.000000	0.000000	0.000000	0.000000	0.000000	0.000000	0.000000	0.000000	0.000000	0.000000	0.000000	0.000000	0.000000	0.000000	0.000000	0.000000	0.000000	0.000000	0.000000	0.000000	0.000000	0.000000	0.000000	0.000000	30.000000	50.000000	0.000000	0.000000	0.000000	0.000000	50.000000	0.000000	50.000000	50.000000	11.000000	0.000000	0.000000	0.000000	0.000000	0.000000	0.000000	0.000000	0.000000	0.000000	0.000000	0.000000	0.000000	0.000000	0.000000	0.000000	375.976500	0.000000	0.000000	0.000000	0.000000	0.000000	0.000000	0.000000	0.000000	40.000000	40.000000	40.000000	42.000000	0.000000	0.000000	40.000000	40.000000	1.000000	40.000000	0.000000	10.000000	40.000000	0.000000	0.000000	0.000000	0.000000	0.000000	0.000000	0.000000	0.000000	0.000000	0.000000	187.865000	0.000000	140.000000	80.000000	0.000000	0.000000	0.000000	0.000000	0.000000	0.000000	0.000000	0.000000	0.000000	0.000000	0.000000	100.000000	0.000000	0.000000	0.000000	0.000000	0.000000	0.000000	0.000000	0.000000	0.000000	0.000000	0.000000	0.000000	0.000000	0.000000	100.000000	100.000000	0.000000	0.000000	0.000000	35.000000	58.000000	0.000000	0.000000	0.000000	0.000000	20.000000	20.000000	35.000000	83.000000	35.000000	0.000000	0.000000	0.000000	0.000000	0.000000	0.000000	0.000000	0.000000	0.000000	0.000000	0.000000	0.000000	0.000000	0.000000	0.000000	0.000000	0.000000	0.000000	0.000000	0.000000	0.000000	20.000000	0.000000	10.000000	8.000000	10.000000	1.000000	0.000000	0.000000	0.000000	0.000000	0.000000	0.000000	0.000000	0.000000	0.000000	0.000000	0.000000	0.000000	0.000000	0.000000	0.000000	0.000000	0.000000	0.000000	0.000000	0.000000	0.000000	69.700000	2.500000	54.700000	28.000000	30.000000	15.000000	9.000000	3.000000	0.000000	0.000000	0.000000	0.000000	0.000000	0.000000	0.000000	0.000000	0.000000	0.000000	0.000000	0.000000	0.000000	0.000000	0.000000	0.000000	0.000000	0.000000	0.000000	0.000000	0.000000	0.000000	704.718900	175.840000	214.500000	239.190000	1790.310000	1790.310000	0.000000	0.000000	0.000000	0.000000	61.250000	118.840000	214.320000	50.170000	70.560000	869.280000	0.000000
2031	3514.195000	200.000000	100.000000	0.000000	0.000000	0.000000	0.000000	0.000000	0.000000	0.000000	0.000000	0.000000	0.000000	0.000000	0.000000	0.000000	0.000000	0.000000	0.000000	0.000000	0.000000	0.000000	0.000000	0.000000	0.000000	0.000000	0.000000	0.000000	0.000000	0.000000	0.000000	0.000000	0.000000	0.000000	0.000000	0.000000	0.000000	0.000000	0.000000	0.000000	0.000000	0.000000	0.000000	0.000000	0.000000	0.000000	0.000000	0.000000	0.000000	0.000000	0.000000	0.000000	0.000000	0.000000	0.000000	0.000000	0.000000	0.000000	0.000000	0.000000	0.000000	0.000000	30.000000	50.000000	0.000000	0.000000	0.000000	0.000000	50.000000	0.000000	50.000000	50.000000	11.000000	0.000000	0.000000	0.000000	0.000000	0.000000	0.000000	0.000000	0.000000	0.000000	0.000000	0.000000	0.000000	0.000000	0.000000	0.000000	375.976500	0.000000	0.000000	0.000000	0.000000	0.000000	0.000000	0.000000	0.000000	40.000000	40.000000	40.000000	42.000000	0.000000	0.000000	40.000000	40.000000	1.000000	40.000000	0.000000	10.000000	40.000000	0.000000	0.000000	0.000000	0.000000	0.000000	0.000000	0.000000	0.000000	0.000000	0.000000	187.865000	0.000000	140.000000	80.000000	0.000000	0.000000	0.000000	0.000000	0.000000	0.000000	0.000000	0.000000	0.000000	0.000000	0.000000	100.000000	0.000000	0.000000	0.000000	0.000000	0.000000	0.000000	0.000000	0.000000	0.000000	0.000000	0.000000	0.000000	0.000000	0.000000	100.000000	100.000000	0.000000	0.000000	0.000000	35.000000	58.000000	0.000000	0.000000	0.000000	0.000000	20.000000	20.000000	35.000000	83.000000	35.000000	0.000000	0.000000	0.000000	0.000000	0.000000	0.000000	0.000000	0.000000	0.000000	0.000000	0.000000	0.000000	0.000000	0.000000	0.000000	0.000000	0.000000	0.000000	0.000000	0.000000	0.000000	20.000000	0.000000	10.000000	8.000000	10.000000	1.000000	0.000000	0.000000	0.000000	0.000000	393.660000	70.560000	0.000000	0.000000	0.000000	0.000000	0.000000	0.000000	0.000000	0.000000	0.000000	0.000000	0.000000	0.000000	0.000000	12.200000	10.100000	69.700000	2.500000	54.700000	28.000000	30.000000	15.000000	9.000000	3.000000	0.000000	0.000000	0.000000	0.000000	0.000000	0.000000	0.000000	0.000000	0.000000	0.000000	0.000000	0.000000	0.000000	0.000000	0.000000	0.000000	0.000000	0.000000	0.000000	0.000000	0.000000	0.000000	704.718900	175.840000	214.500000	239.190000	1790.310000	1790.310000	0.000000	0.000000	0.000000	0.000000	61.250000	118.840000	214.320000	50.170000	70.560000	869.280000	0.000000
2032	3814.365000	200.000000	100.000000	0.000000	0.000000	0.000000	0.000000	0.000000	0.000000	0.000000	0.000000	0.000000	0.000000	0.000000	0.000000	0.000000	0.000000	0.000000	0.000000	0.000000	0.000000	0.000000	0.000000	0.000000	0.000000	0.000000	0.000000	0.000000	0.000000	0.000000	0.000000	0.000000	0.000000	0.000000	0.000000	0.000000	0.000000	0.000000	0.000000	0.000000	0.000000	0.000000	0.000000	0.000000	0.000000	0.000000	0.000000	0.000000	0.000000	0.000000	0.000000	0.000000	0.000000	0.000000	0.000000	0.000000	0.000000	0.000000	0.000000	0.000000	0.000000	0.000000	30.000000	50.000000	0.000000	0.000000	0.000000	0.000000	50.000000	0.000000	50.000000	50.000000	11.000000	0.000000	0.000000	0.000000	0.000000	0.000000	0.000000	0.000000	0.000000	0.000000	0.000000	0.000000	0.000000	0.000000	0.000000	0.000000	375.976500	0.000000	0.000000	0.000000	0.000000	0.000000	0.000000	0.000000	0.000000	40.000000	40.000000	40.000000	42.000000	0.000000	0.000000	40.000000	40.000000	1.000000	40.000000	0.000000	10.000000	40.000000	0.000000	0.000000	0.000000	0.000000	0.000000	0.000000	0.000000	0.000000	0.000000	0.000000	187.865000	0.000000	140.000000	80.000000	0.000000	0.000000	0.000000	0.000000	0.000000	0.000000	0.000000	0.000000	0.000000	0.000000	0.000000	100.000000	0.000000	0.000000	0.000000	0.000000	0.000000	0.000000	0.000000	0.000000	0.000000	0.000000	0.000000	0.000000	0.000000	0.000000	100.000000	100.000000	0.000000	0.000000	270.587000	35.000000	58.000000	0.000000	0.000000	0.000000	0.000000	20.000000	20.000000	35.000000	83.000000	35.000000	0.000000	0.000000	0.000000	0.000000	0.000000	0.000000	0.000000	0.000000	0.000000	0.000000	0.000000	0.000000	0.000000	0.000000	0.000000	0.000000	0.000000	0.000000	0.000000	8.400000	2.400000	20.000000	0.000000	10.000000	8.000000	10.000000	1.000000	0.000000	0.000000	0.000000	0.000000	393.660000	70.560000	0.000000	0.000000	0.000000	0.000000	0.000000	0.000000	0.000000	0.000000	0.000000	0.000000	0.000000	0.000000	48.800000	12.200000	10.100000	69.700000	2.500000	54.700000	28.000000	30.000000	15.000000	9.000000	3.000000	0.000000	0.000000	0.000000	0.000000	0.000000	0.000000	0.000000	0.000000	0.000000	0.000000	0.000000	0.000000	0.000000	0.000000	0.000000	0.000000	0.000000	0.000000	0.000000	0.000000	0.000000	0.000000	704.718900	175.840000	214.500000	239.190000	1790.310000	1790.310000	0.000000	0.000000	0.000000	0.000000	61.250000	118.840000	214.320000	50.170000	70.560000	869.280000	0.000000
2033	4084.667000	200.000000	100.000000	0.000000	0.000000	0.000000	0.000000	0.000000	0.000000	0.000000	0.000000	0.000000	0.000000	0.000000	0.000000	0.000000	0.000000	0.000000	0.000000	0.000000	0.000000	0.000000	0.000000	0.000000	0.000000	0.000000	0.000000	0.000000	0.000000	0.000000	0.000000	0.000000	0.000000	0.000000	0.000000	0.000000	0.000000	0.000000	0.000000	0.000000	0.000000	0.000000	0.000000	0.000000	0.000000	0.000000	0.000000	0.000000	0.000000	0.000000	0.000000	0.000000	0.000000	0.000000	0.000000	0.000000	0.000000	0.000000	0.000000	0.000000	0.000000	0.000000	30.000000	50.000000	0.000000	0.000000	0.000000	0.000000	50.000000	0.000000	50.000000	50.000000	11.000000	0.000000	0.000000	0.000000	0.000000	0.000000	0.000000	0.000000	0.000000	0.000000	0.000000	0.000000	0.000000	0.000000	0.000000	0.000000	375.976500	0.000000	0.000000	0.000000	0.000000	0.000000	0.000000	0.000000	0.000000	40.000000	40.000000	40.000000	42.000000	0.000000	0.000000	40.000000	40.000000	1.000000	40.000000	0.000000	10.000000	40.000000	0.000000	0.000000	0.000000	0.000000	0.000000	0.000000	0.000000	0.000000	0.000000	0.000000	187.865000	0.000000	140.000000	80.000000	0.000000	0.000000	0.000000	0.000000	0.000000	0.000000	0.000000	0.000000	0.000000	0.000000	0.000000	100.000000	0.000000	0.000000	0.000000	0.000000	0.000000	0.000000	0.000000	0.000000	0.000000	0.000000	0.000000	0.000000	0.000000	0.000000	100.000000	100.000000	60.000000	0.000000	350.318800	35.000000	58.000000	0.000000	140.000000	0.000000	0.000000	20.000000	20.000000	35.000000	83.000000	35.000000	0.000000	0.000000	0.000000	0.000000	0.000000	0.000000	0.000000	0.000000	0.000000	0.000000	0.000000	0.000000	0.000000	0.000000	0.000000	0.000000	0.000000	0.000000	3.000000	8.400000	2.400000	20.000000	0.000000	10.000000	8.000000	10.000000	1.000000	0.000000	0.000000	0.000000	0.000000	393.660000	70.560000	0.000000	0.000000	0.000000	0.000000	0.000000	0.000000	0.000000	0.000000	0.000000	0.000000	0.000000	14.600000	48.800000	12.200000	10.100000	69.700000	2.500000	54.700000	28.000000	30.000000	15.000000	9.000000	3.000000	0.000000	0.000000	0.000000	0.000000	0.000000	0.000000	0.000000	0.000000	0.000000	0.000000	0.000000	0.000000	0.000000	0.000000	0.000000	0.000000	0.000000	0.000000	0.000000	0.000000	0.000000	0.000000	704.718900	175.840000	214.500000	239.190000	1790.310000	1790.310000	0.000000	0.000000	0.000000	0.000000	61.250000	118.840000	214.320000	50.170000	70.560000	869.280000	0.000000
2034	4372.052000	200.000000	100.000000	0.000000	0.000000	0.000000	0.000000	0.000000	0.000000	0.000000	0.000000	0.000000	0.000000	0.000000	0.000000	0.000000	0.000000	0.000000	0.000000	0.000000	0.000000	0.000000	0.000000	0.000000	0.000000	0.000000	0.000000	0.000000	0.000000	0.000000	0.000000	0.000000	0.000000	0.000000	0.000000	0.000000	0.000000	0.000000	0.000000	0.000000	0.000000	0.000000	0.000000	0.000000	0.000000	0.000000	0.000000	0.000000	0.000000	0.000000	0.000000	0.000000	0.000000	0.000000	0.000000	0.000000	0.000000	0.000000	0.000000	0.000000	0.000000	0.000000	30.000000	50.000000	0.000000	0.000000	0.000000	0.000000	50.000000	0.000000	50.000000	50.000000	11.000000	0.000000	0.000000	0.000000	0.000000	0.000000	0.000000	0.000000	0.000000	0.000000	0.000000	0.000000	0.000000	0.000000	0.000000	0.000000	375.976500	0.000000	0.000000	0.000000	0.000000	0.000000	0.000000	0.000000	0.000000	40.000000	40.000000	40.000000	42.000000	0.000000	0.000000	40.000000	40.000000	1.000000	40.000000	0.000000	10.000000	40.000000	0.000000	0.000000	0.000000	0.000000	0.000000	0.000000	0.000000	0.000000	0.000000	0.000000	187.865000	0.000000	140.000000	80.000000	0.000000	0.000000	0.000000	0.000000	0.000000	0.000000	0.000000	0.000000	0.000000	0.000000	0.000000	100.000000	0.000000	0.000000	0.000000	0.000000	0.000000	0.000000	0.000000	0.000000	0.000000	0.000000	0.000000	0.000000	0.000000	0.000000	100.000000	100.000000	60.000000	0.000000	754.219800	35.000000	58.000000	0.000000	140.000000	0.000000	0.000000	20.000000	20.000000	35.000000	83.000000	35.000000	0.000000	0.000000	0.000000	0.000000	0.000000	0.000000	0.000000	0.000000	0.000000	0.000000	0.000000	0.000000	0.000000	0.000000	0.000000	0.000000	0.300000	6.000000	3.000000	8.400000	2.400000	20.000000	0.000000	10.000000	8.000000	10.000000	1.000000	0.000000	0.000000	0.000000	0.000000	466.882700	70.560000	0.000000	0.000000	0.000000	0.000000	0.000000	0.000000	0.000000	0.000000	0.000000	0.000000	0.000000	14.600000	48.800000	12.200000	10.100000	69.700000	2.500000	54.700000	28.000000	30.000000	15.000000	9.000000	3.000000	0.000000	0.000000	0.000000	0.000000	0.000000	0.000000	0.000000	0.000000	0.000000	0.000000	0.000000	0.000000	0.000000	0.000000	0.000000	0.000000	0.000000	0.000000	0.000000	0.000000	0.000000	0.000000	704.718900	175.840000	214.500000	239.190000	1790.310000	1790.310000	0.000000	0.000000	0.000000	0.000000	61.250000	118.840000	214.320000	50.170000	70.560000	869.280000	0.000000
2035	4673.283000	200.000000	100.000000	0.000000	0.000000	0.000000	0.000000	0.000000	0.000000	0.000000	0.000000	0.000000	0.000000	0.000000	0.000000	0.000000	0.000000	0.000000	0.000000	0.000000	0.000000	0.000000	0.000000	0.000000	0.000000	0.000000	0.000000	0.000000	0.000000	0.000000	0.000000	0.000000	0.000000	0.000000	0.000000	0.000000	0.000000	0.000000	0.000000	0.000000	0.000000	0.000000	0.000000	0.000000	0.000000	0.000000	0.000000	0.000000	0.000000	0.000000	0.000000	0.000000	0.000000	0.000000	0.000000	0.000000	0.000000	0.000000	0.000000	0.000000	0.000000	0.000000	30.000000	50.000000	0.000000	0.000000	0.000000	0.000000	50.000000	0.000000	50.000000	50.000000	11.000000	0.000000	0.000000	0.000000	0.000000	0.000000	0.000000	0.000000	0.000000	0.000000	0.000000	0.000000	0.000000	0.000000	0.000000	0.000000	375.976500	0.000000	0.000000	0.000000	0.000000	0.000000	0.000000	0.000000	0.000000	40.000000	40.000000	40.000000	42.000000	0.000000	0.000000	40.000000	40.000000	1.000000	40.000000	0.000000	10.000000	40.000000	0.000000	0.000000	0.000000	0.000000	0.000000	0.000000	0.000000	0.000000	0.000000	0.000000	187.865000	0.000000	140.000000	80.000000	0.000000	0.000000	0.000000	0.000000	0.000000	0.000000	0.000000	0.000000	0.000000	0.000000	0.000000	100.000000	0.000000	0.000000	0.000000	0.000000	0.000000	0.000000	0.000000	0.000000	0.000000	0.000000	0.000000	0.000000	0.000000	0.000000	100.000000	100.000000	60.000000	0.000000	923.016800	35.000000	58.000000	0.000000	140.000000	0.000000	0.000000	20.000000	20.000000	35.000000	83.000000	35.000000	0.000000	0.000000	0.000000	0.000000	0.000000	0.000000	0.000000	0.000000	0.000000	0.000000	0.000000	0.000000	0.000000	0.000000	0.000000	0.000000	0.300000	6.000000	3.000000	8.400000	2.400000	20.000000	0.000000	10.000000	8.000000	10.000000	1.000000	0.000000	0.000000	0.000000	0.000000	692.999700	90.000000	0.000000	0.000000	0.000000	0.000000	0.000000	0.000000	0.000000	0.000000	0.000000	0.000000	0.000000	14.600000	48.800000	12.200000	10.100000	69.700000	2.500000	54.700000	28.000000	30.000000	15.000000	9.000000	3.000000	0.000000	0.000000	0.000000	0.000000	0.000000	0.000000	0.000000	0.000000	0.000000	0.000000	0.000000	0.000000	0.000000	0.000000	0.000000	0.000000	0.000000	0.000000	0.000000	0.000000	0.000000	0.000000	704.718900	175.840000	214.500000	239.190000	1790.310000	1790.310000	0.000000	0.000000	0.000000	0.000000	61.250000	118.840000	214.320000	50.170000	70.560000	869.280000	0.000000
2036	4967.239000	200.000000	100.000000	0.000000	0.000000	0.000000	0.000000	0.000000	0.000000	0.000000	0.000000	0.000000	0.000000	0.000000	0.000000	0.000000	0.000000	0.000000	0.000000	0.000000	0.000000	0.000000	0.000000	0.000000	0.000000	0.000000	0.000000	0.000000	0.000000	0.000000	0.000000	0.000000	0.000000	0.000000	0.000000	0.000000	0.000000	0.000000	0.000000	0.000000	0.000000	0.000000	0.000000	0.000000	0.000000	0.000000	0.000000	0.000000	0.000000	0.000000	0.000000	0.000000	0.000000	0.000000	0.000000	0.000000	0.000000	0.000000	0.000000	0.000000	0.000000	0.000000	30.000000	50.000000	0.000000	0.000000	0.000000	0.000000	50.000000	0.000000	50.000000	50.000000	11.000000	0.000000	0.000000	0.000000	0.000000	0.000000	0.000000	0.000000	0.000000	0.000000	0.000000	0.000000	0.000000	0.000000	0.000000	0.000000	375.976500	0.000000	0.000000	0.000000	0.000000	0.000000	0.000000	0.000000	0.000000	40.000000	40.000000	40.000000	42.000000	0.000000	0.000000	40.000000	40.000000	1.000000	40.000000	0.000000	10.000000	40.000000	0.000000	0.000000	0.000000	0.000000	0.000000	0.000000	0.000000	0.000000	0.000000	0.000000	187.865000	0.000000	140.000000	80.000000	0.000000	0.000000	0.000000	0.000000	0.000000	0.000000	0.000000	0.000000	0.000000	0.000000	0.000000	100.000000	0.000000	0.000000	0.000000	0.000000	0.000000	0.000000	0.000000	0.000000	0.000000	0.000000	0.000000	0.000000	0.000000	0.000000	100.000000	100.000000	60.000000	0.000000	1246.368800	35.000000	58.000000	0.000000	140.000000	0.000000	0.000000	20.000000	20.000000	35.000000	83.000000	35.000000	0.000000	0.000000	0.000000	0.000000	0.000000	0.000000	0.000000	0.000000	0.000000	0.000000	0.000000	0.000000	0.000000	0.000000	0.000000	0.000000	0.300000	6.000000	3.000000	8.400000	2.400000	20.000000	0.000000	10.000000	8.000000	10.000000	1.000000	0.000000	0.000000	0.000000	0.000000	692.999700	90.000000	0.000000	0.000000	0.000000	0.000000	0.000000	0.000000	0.000000	0.000000	0.000000	0.000000	0.000000	14.600000	48.800000	12.200000	10.100000	69.700000	2.500000	54.700000	28.000000	30.000000	15.000000	9.000000	3.000000	0.000000	0.000000	0.000000	0.000000	0.000000	0.000000	0.000000	0.000000	0.000000	0.000000	0.000000	0.000000	0.000000	0.000000	0.000000	0.000000	0.000000	0.000000	0.000000	0.000000	0.000000	0.000000	704.718900	175.840000	214.500000	239.190000	1790.310000	1790.310000	0.000000	0.000000	0.000000	0.000000	61.250000	118.840000	214.320000	50.170000	70.560000	869.280000	0.000000
2037	5296.698000	200.000000	100.000000	0.000000	0.000000	0.000000	0.000000	0.000000	0.000000	0.000000	0.000000	0.000000	0.000000	0.000000	0.000000	0.000000	0.000000	0.000000	0.000000	0.000000	0.000000	0.000000	0.000000	0.000000	0.000000	0.000000	0.000000	0.000000	0.000000	0.000000	0.000000	0.000000	0.000000	0.000000	0.000000	0.000000	0.000000	0.000000	0.000000	0.000000	0.000000	0.000000	0.000000	0.000000	0.000000	0.000000	0.000000	0.000000	0.000000	0.000000	0.000000	0.000000	0.000000	0.000000	0.000000	0.000000	0.000000	0.000000	0.000000	0.000000	0.000000	0.000000	30.000000	50.000000	0.000000	0.000000	0.000000	0.000000	50.000000	0.000000	50.000000	50.000000	11.000000	0.000000	0.000000	0.000000	0.000000	0.000000	0.000000	0.000000	0.000000	0.000000	0.000000	0.000000	0.000000	0.000000	0.000000	0.000000	375.976500	0.000000	0.000000	0.000000	0.000000	0.000000	0.000000	0.000000	0.000000	40.000000	40.000000	40.000000	42.000000	0.000000	0.000000	40.000000	40.000000	1.000000	40.000000	0.000000	10.000000	40.000000	0.000000	0.000000	0.000000	0.000000	0.000000	0.000000	0.000000	0.000000	0.000000	0.000000	187.865000	0.000000	140.000000	80.000000	0.000000	0.000000	0.000000	0.000000	0.000000	0.000000	0.000000	0.000000	0.000000	0.000000	0.000000	100.000000	0.000000	0.000000	0.000000	0.000000	0.000000	0.000000	0.000000	0.000000	0.000000	0.000000	0.000000	0.000000	0.000000	0.000000	100.000000	100.000000	60.000000	0.000000	1470.873800	35.000000	58.000000	0.000000	140.000000	140.000000	0.000000	20.000000	20.000000	35.000000	83.000000	35.000000	0.000000	0.000000	0.000000	0.000000	0.000000	0.000000	0.000000	0.000000	0.000000	0.000000	0.000000	0.000000	0.000000	0.000000	0.000000	0.000000	0.300000	6.000000	3.000000	8.400000	2.400000	20.000000	0.000000	10.000000	8.000000	10.000000	1.000000	0.000000	0.000000	0.000000	0.000000	692.999700	90.000000	0.000000	0.000000	0.000000	0.000000	0.000000	0.000000	0.000000	0.000000	0.000000	0.000000	0.000000	14.600000	48.800000	12.200000	10.100000	69.700000	2.500000	54.700000	28.000000	30.000000	15.000000	9.000000	3.000000	0.000000	0.000000	0.000000	0.000000	0.000000	0.000000	0.000000	0.000000	0.000000	0.000000	0.000000	0.000000	0.000000	0.000000	0.000000	0.000000	0.000000	0.000000	0.000000	0.000000	0.000000	0.000000	704.718900	175.840000	214.500000	239.190000	1790.310000	1790.310000	0.000000	0.000000	0.000000	0.000000	61.250000	118.840000	214.320000	50.170000	70.560000	869.280000	0.000000
2038	5637.757000	200.000000	100.000000	0.000000	0.000000	0.000000	0.000000	0.000000	0.000000	0.000000	0.000000	0.000000	0.000000	0.000000	0.000000	0.000000	0.000000	0.000000	0.000000	0.000000	0.000000	0.000000	0.000000	0.000000	0.000000	0.000000	0.000000	0.000000	0.000000	0.000000	0.000000	0.000000	0.000000	0.000000	0.000000	0.000000	0.000000	0.000000	0.000000	0.000000	0.000000	0.000000	0.000000	0.000000	0.000000	0.000000	0.000000	0.000000	0.000000	0.000000	0.000000	0.000000	0.000000	0.000000	0.000000	0.000000	0.000000	0.000000	0.000000	0.000000	0.000000	0.000000	30.000000	50.000000	0.000000	0.000000	0.000000	0.000000	50.000000	0.000000	50.000000	50.000000	11.000000	0.000000	0.000000	0.000000	0.000000	0.000000	0.000000	0.000000	0.000000	0.000000	0.000000	0.000000	0.000000	0.000000	0.000000	0.000000	375.976500	0.000000	0.000000	0.000000	0.000000	0.000000	0.000000	0.000000	0.000000	40.000000	40.000000	40.000000	42.000000	0.000000	0.000000	40.000000	40.000000	1.000000	40.000000	0.000000	10.000000	40.000000	0.000000	0.000000	0.000000	0.000000	0.000000	0.000000	0.000000	0.000000	0.000000	0.000000	187.865000	0.000000	140.000000	80.000000	0.000000	0.000000	0.000000	0.000000	0.000000	0.000000	0.000000	0.000000	0.000000	0.000000	0.000000	100.000000	0.000000	0.000000	0.000000	0.000000	0.000000	0.000000	0.000000	0.000000	0.000000	0.000000	0.000000	0.000000	0.000000	0.000000	100.000000	100.000000	60.000000	0.000000	2049.638800	35.000000	58.000000	0.000000	140.000000	140.000000	0.000000	20.000000	20.000000	35.000000	83.000000	35.000000	0.000000	0.000000	0.000000	0.000000	0.000000	0.000000	0.000000	0.000000	0.000000	0.000000	0.000000	0.000000	0.000000	0.000000	0.000000	0.000000	0.300000	6.000000	3.000000	8.400000	2.400000	20.000000	0.000000	10.000000	8.000000	10.000000	1.000000	0.000000	0.000000	0.000000	0.000000	692.999700	90.000000	0.000000	0.000000	0.000000	0.000000	0.000000	0.000000	0.000000	0.000000	0.000000	0.000000	0.000000	14.600000	48.800000	12.200000	10.100000	69.700000	2.500000	54.700000	28.000000	30.000000	15.000000	9.000000	3.000000	0.000000	0.000000	0.000000	0.000000	0.000000	0.000000	0.000000	0.000000	0.000000	0.000000	0.000000	0.000000	0.000000	0.000000	0.000000	0.000000	0.000000	0.000000	0.000000	0.000000	0.000000	0.000000	704.718900	175.840000	214.500000	239.190000	1790.310000	1790.310000	0.000000	0.000000	0.000000	0.000000	61.250000	118.840000	214.320000	50.170000	70.560000	869.280000	0.000000
2039	5997.649000	200.000000	100.000000	0.000000	0.000000	0.000000	0.000000	0.000000	0.000000	0.000000	0.000000	0.000000	0.000000	0.000000	0.000000	0.000000	0.000000	0.000000	0.000000	0.000000	0.000000	0.000000	0.000000	0.000000	0.000000	0.000000	0.000000	0.000000	0.000000	0.000000	0.000000	0.000000	0.000000	0.000000	0.000000	0.000000	0.000000	0.000000	0.000000	0.000000	0.000000	0.000000	0.000000	0.000000	0.000000	0.000000	0.000000	0.000000	0.000000	0.000000	0.000000	0.000000	0.000000	0.000000	0.000000	0.000000	0.000000	0.000000	0.000000	0.000000	0.000000	0.000000	30.000000	50.000000	0.000000	0.000000	0.000000	0.000000	50.000000	0.000000	50.000000	50.000000	11.000000	0.000000	0.000000	0.000000	0.000000	0.000000	0.000000	0.000000	0.000000	0.000000	0.000000	0.000000	0.000000	0.000000	0.000000	0.000000	375.976500	0.000000	0.000000	0.000000	0.000000	0.000000	0.000000	0.000000	0.000000	40.000000	40.000000	40.000000	42.000000	0.000000	0.000000	40.000000	40.000000	1.000000	40.000000	0.000000	10.000000	40.000000	0.000000	0.000000	0.000000	0.000000	0.000000	0.000000	0.000000	0.000000	0.000000	0.000000	187.865000	0.000000	140.000000	80.000000	0.000000	0.000000	0.000000	0.000000	0.000000	0.000000	0.000000	0.000000	0.000000	0.000000	0.000000	100.000000	0.000000	0.000000	0.000000	0.000000	0.000000	0.000000	0.000000	0.000000	0.000000	0.000000	0.000000	0.000000	0.000000	0.000000	100.000000	100.000000	60.000000	0.000000	2787.720800	35.000000	58.000000	0.000000	140.000000	140.000000	0.000000	20.000000	20.000000	35.000000	83.000000	35.000000	0.000000	0.000000	0.000000	0.000000	0.000000	0.000000	0.000000	0.000000	0.000000	0.000000	0.000000	0.000000	0.000000	0.000000	0.000000	0.000000	0.300000	6.000000	3.000000	8.400000	2.400000	20.000000	0.000000	10.000000	8.000000	10.000000	1.000000	0.000000	0.000000	0.000000	0.000000	692.999700	90.000000	0.000000	0.000000	0.000000	0.000000	0.000000	0.000000	0.000000	0.000000	0.000000	0.000000	0.000000	14.600000	48.800000	12.200000	10.100000	69.700000	2.500000	54.700000	28.000000	30.000000	15.000000	9.000000	3.000000	0.000000	0.000000	0.000000	0.000000	0.000000	0.000000	0.000000	0.000000	0.000000	0.000000	0.000000	0.000000	0.000000	0.000000	0.000000	0.000000	0.000000	0.000000	0.000000	0.000000	0.000000	0.000000	704.718900	175.840000	214.500000	239.190000	1790.310000	1790.310000	0.000000	0.000000	0.000000	0.000000	61.250000	118.840000	214.320000	50.170000	70.560000	869.280000	0.000000
2040	6377.490000	200.000000	100.000000	0.000000	0.000000	0.000000	0.000000	0.000000	0.000000	0.000000	0.000000	0.000000	0.000000	0.000000	0.000000	0.000000	0.000000	0.000000	0.000000	0.000000	0.000000	0.000000	0.000000	0.000000	0.000000	0.000000	0.000000	0.000000	0.000000	0.000000	0.000000	0.000000	0.000000	0.000000	0.000000	0.000000	0.000000	0.000000	0.000000	0.000000	0.000000	0.000000	0.000000	0.000000	0.000000	0.000000	0.000000	0.000000	0.000000	0.000000	0.000000	0.000000	0.000000	0.000000	0.000000	0.000000	0.000000	0.000000	0.000000	0.000000	0.000000	0.000000	30.000000	50.000000	0.000000	0.000000	0.000000	0.000000	50.000000	0.000000	50.000000	50.000000	11.000000	0.000000	0.000000	0.000000	0.000000	0.000000	0.000000	0.000000	0.000000	0.000000	0.000000	0.000000	0.000000	0.000000	0.000000	0.000000	375.976500	0.000000	0.000000	0.000000	0.000000	0.000000	0.000000	0.000000	0.000000	40.000000	40.000000	40.000000	42.000000	0.000000	0.000000	40.000000	40.000000	1.000000	40.000000	0.000000	10.000000	40.000000	0.000000	0.000000	0.000000	0.000000	0.000000	0.000000	0.000000	0.000000	0.000000	0.000000	187.865000	0.000000	140.000000	80.000000	0.000000	0.000000	0.000000	0.000000	0.000000	0.000000	0.000000	0.000000	0.000000	0.000000	0.000000	100.000000	0.000000	0.000000	0.000000	0.000000	0.000000	0.000000	0.000000	0.000000	0.000000	0.000000	0.000000	0.000000	0.000000	0.000000	100.000000	100.000000	60.000000	0.000000	3230.945800	35.000000	58.000000	0.000000	140.000000	140.000000	0.000000	20.000000	20.000000	35.000000	83.000000	35.000000	0.000000	0.000000	0.000000	0.000000	0.000000	0.000000	0.000000	0.000000	0.000000	0.000000	0.000000	0.000000	0.000000	0.000000	0.000000	0.000000	0.300000	6.000000	3.000000	8.400000	2.400000	20.000000	0.000000	10.000000	8.000000	10.000000	1.000000	0.000000	0.000000	0.000000	0.000000	692.999700	90.000000	0.000000	0.000000	0.000000	0.000000	0.000000	0.000000	0.000000	0.000000	0.000000	0.000000	0.000000	14.600000	48.800000	12.200000	10.100000	69.700000	2.500000	54.700000	28.000000	30.000000	15.000000	9.000000	3.000000	0.000000	0.000000	0.000000	0.000000	0.000000	0.000000	0.000000	0.000000	0.000000	0.000000	0.000000	0.000000	0.000000	0.000000	0.000000	0.000000	0.000000	0.000000	0.000000	0.000000	0.000000	0.000000	704.718900	175.840000	214.500000	239.190000	3580.620000	1790.310000	0.000000	0.000000	0.000000	0.000000	61.250000	118.840000	214.320000	50.170000	70.560000	869.280000	0.000000
2041	6377.490000	200.000000	100.000000	0.000000	0.000000	0.000000	0.000000	0.000000	0.000000	0.000000	0.000000	0.000000	0.000000	0.000000	0.000000	0.000000	0.000000	0.000000	0.000000	0.000000	0.000000	0.000000	0.000000	0.000000	0.000000	0.000000	0.000000	0.000000	0.000000	0.000000	0.000000	0.000000	0.000000	0.000000	0.000000	0.000000	0.000000	0.000000	0.000000	0.000000	0.000000	0.000000	0.000000	0.000000	0.000000	0.000000	0.000000	0.000000	0.000000	0.000000	0.000000	0.000000	0.000000	0.000000	0.000000	0.000000	0.000000	0.000000	0.000000	0.000000	0.000000	0.000000	30.000000	50.000000	0.000000	0.000000	0.000000	0.000000	50.000000	0.000000	50.000000	50.000000	11.000000	0.000000	0.000000	0.000000	0.000000	0.000000	0.000000	0.000000	0.000000	0.000000	0.000000	0.000000	0.000000	0.000000	0.000000	0.000000	375.976500	0.000000	0.000000	0.000000	0.000000	0.000000	0.000000	0.000000	0.000000	40.000000	40.000000	40.000000	42.000000	0.000000	0.000000	40.000000	40.000000	1.000000	40.000000	0.000000	10.000000	40.000000	0.000000	0.000000	0.000000	0.000000	0.000000	0.000000	0.000000	0.000000	0.000000	0.000000	187.865000	0.000000	140.000000	80.000000	0.000000	0.000000	0.000000	0.000000	0.000000	0.000000	0.000000	0.000000	0.000000	0.000000	0.000000	100.000000	0.000000	0.000000	0.000000	0.000000	0.000000	0.000000	0.000000	0.000000	0.000000	0.000000	0.000000	0.000000	0.000000	0.000000	100.000000	100.000000	60.000000	0.000000	3364.945800	35.000000	58.000000	0.000000	140.000000	140.000000	0.000000	20.000000	20.000000	35.000000	83.000000	35.000000	0.000000	0.000000	0.000000	0.000000	0.000000	0.000000	0.000000	0.000000	0.000000	0.000000	0.000000	0.000000	0.000000	0.000000	0.000000	0.000000	0.300000	6.000000	3.000000	8.400000	2.400000	20.000000	0.000000	10.000000	8.000000	10.000000	1.000000	0.000000	0.000000	0.000000	0.000000	692.999700	90.000000	0.000000	0.000000	0.000000	0.000000	0.000000	0.000000	0.000000	0.000000	0.000000	0.000000	0.000000	14.600000	48.800000	12.200000	10.100000	69.700000	2.500000	54.700000	28.000000	30.000000	15.000000	9.000000	3.000000	0.000000	0.000000	0.000000	0.000000	0.000000	0.000000	0.000000	0.000000	0.000000	0.000000	0.000000	0.000000	0.000000	0.000000	0.000000	0.000000	0.000000	0.000000	0.000000	0.000000	0.000000	0.000000	704.718900	175.840000	214.500000	239.190000	3580.620000	1790.310000	0.000000	0.000000	0.000000	0.000000	61.250000	118.840000	214.320000	50.170000	70.560000	869.280000	0.000000
2042	6377.490000	200.000000	100.000000	0.000000	0.000000	0.000000	0.000000	0.000000	0.000000	0.000000	0.000000	0.000000	0.000000	0.000000	0.000000	0.000000	0.000000	0.000000	0.000000	0.000000	0.000000	0.000000	0.000000	0.000000	0.000000	0.000000	0.000000	0.000000	0.000000	0.000000	0.000000	0.000000	0.000000	0.000000	0.000000	0.000000	0.000000	0.000000	0.000000	0.000000	0.000000	0.000000	0.000000	0.000000	0.000000	0.000000	0.000000	0.000000	0.000000	0.000000	0.000000	0.000000	0.000000	0.000000	0.000000	0.000000	0.000000	0.000000	0.000000	0.000000	0.000000	0.000000	30.000000	50.000000	0.000000	0.000000	0.000000	0.000000	50.000000	0.000000	50.000000	50.000000	11.000000	0.000000	0.000000	0.000000	0.000000	0.000000	0.000000	0.000000	0.000000	0.000000	0.000000	0.000000	0.000000	0.000000	0.000000	0.000000	375.976500	0.000000	0.000000	0.000000	0.000000	0.000000	0.000000	0.000000	0.000000	40.000000	40.000000	40.000000	42.000000	0.000000	0.000000	40.000000	40.000000	1.000000	40.000000	0.000000	10.000000	40.000000	0.000000	0.000000	0.000000	0.000000	0.000000	0.000000	0.000000	0.000000	0.000000	0.000000	187.865000	0.000000	140.000000	80.000000	0.000000	0.000000	0.000000	0.000000	0.000000	0.000000	0.000000	0.000000	0.000000	0.000000	0.000000	100.000000	0.000000	0.000000	0.000000	0.000000	0.000000	0.000000	0.000000	0.000000	0.000000	0.000000	0.000000	0.000000	0.000000	0.000000	100.000000	100.000000	60.000000	0.000000	3364.945800	35.000000	58.000000	0.000000	140.000000	140.000000	0.000000	20.000000	20.000000	35.000000	83.000000	35.000000	0.000000	0.000000	0.000000	0.000000	0.000000	0.000000	0.000000	0.000000	0.000000	0.000000	0.000000	0.000000	0.000000	0.000000	0.000000	0.000000	0.300000	6.000000	3.000000	8.400000	2.400000	20.000000	0.000000	10.000000	8.000000	10.000000	1.000000	0.000000	0.000000	0.000000	0.000000	692.999700	90.000000	0.000000	0.000000	0.000000	0.000000	0.000000	0.000000	0.000000	0.000000	0.000000	0.000000	0.000000	14.600000	48.800000	12.200000	10.100000	69.700000	2.500000	54.700000	28.000000	30.000000	15.000000	9.000000	3.000000	0.000000	0.000000	0.000000	0.000000	0.000000	0.000000	0.000000	0.000000	0.000000	0.000000	0.000000	0.000000	0.000000	0.000000	0.000000	0.000000	0.000000	0.000000	0.000000	0.000000	0.000000	0.000000	704.718900	175.840000	214.500000	239.190000	3580.620000	1790.310000	0.000000	0.000000	0.000000	0.000000	61.250000	118.840000	214.320000	50.170000	70.560000	869.280000	0.000000
2043	6377.490000	200.000000	100.000000	0.000000	0.000000	0.000000	0.000000	0.000000	0.000000	0.000000	0.000000	0.000000	0.000000	0.000000	0.000000	0.000000	0.000000	0.000000	0.000000	0.000000	0.000000	0.000000	0.000000	0.000000	0.000000	0.000000	0.000000	0.000000	0.000000	0.000000	0.000000	0.000000	0.000000	0.000000	0.000000	0.000000	0.000000	0.000000	0.000000	0.000000	0.000000	0.000000	0.000000	0.000000	0.000000	0.000000	0.000000	0.000000	0.000000	0.000000	0.000000	0.000000	0.000000	0.000000	0.000000	0.000000	0.000000	0.000000	0.000000	0.000000	0.000000	0.000000	30.000000	50.000000	0.000000	0.000000	0.000000	0.000000	50.000000	0.000000	50.000000	50.000000	11.000000	0.000000	0.000000	0.000000	0.000000	0.000000	0.000000	0.000000	0.000000	0.000000	0.000000	0.000000	0.000000	0.000000	0.000000	0.000000	375.976500	0.000000	0.000000	0.000000	0.000000	0.000000	0.000000	0.000000	0.000000	40.000000	40.000000	40.000000	42.000000	0.000000	0.000000	40.000000	40.000000	1.000000	40.000000	0.000000	10.000000	40.000000	0.000000	0.000000	0.000000	0.000000	0.000000	0.000000	0.000000	0.000000	0.000000	0.000000	187.865000	0.000000	140.000000	80.000000	0.000000	0.000000	0.000000	0.000000	0.000000	0.000000	0.000000	0.000000	0.000000	0.000000	0.000000	100.000000	0.000000	0.000000	0.000000	0.000000	0.000000	0.000000	0.000000	0.000000	0.000000	0.000000	0.000000	0.000000	0.000000	0.000000	100.000000	100.000000	60.000000	0.000000	3428.745800	35.000000	58.000000	0.000000	140.000000	140.000000	0.000000	20.000000	20.000000	35.000000	83.000000	35.000000	0.000000	0.000000	0.000000	0.000000	0.000000	0.000000	0.000000	0.000000	0.000000	0.000000	0.000000	0.000000	0.000000	0.000000	0.000000	0.000000	0.300000	6.000000	3.000000	8.400000	2.400000	20.000000	0.000000	10.000000	8.000000	10.000000	1.000000	0.000000	0.000000	0.000000	0.000000	692.999700	90.000000	0.000000	0.000000	0.000000	0.000000	0.000000	0.000000	0.000000	0.000000	0.000000	0.000000	0.000000	14.600000	48.800000	12.200000	10.100000	69.700000	2.500000	54.700000	28.000000	30.000000	15.000000	9.000000	3.000000	0.000000	0.000000	0.000000	0.000000	0.000000	0.000000	0.000000	0.000000	0.000000	0.000000	0.000000	0.000000	0.000000	0.000000	0.000000	0.000000	0.000000	0.000000	0.000000	0.000000	0.000000	0.000000	704.718900	175.840000	214.500000	239.190000	3580.620000	1790.310000	0.000000	0.000000	0.000000	0.000000	61.250000	118.840000	214.320000	50.170000	70.560000	869.280000	0.000000
2044	6377.490000	200.000000	100.000000	0.000000	0.000000	0.000000	0.000000	0.000000	0.000000	0.000000	0.000000	0.000000	0.000000	0.000000	0.000000	0.000000	0.000000	0.000000	0.000000	0.000000	0.000000	0.000000	0.000000	0.000000	0.000000	0.000000	0.000000	0.000000	0.000000	0.000000	0.000000	0.000000	0.000000	0.000000	0.000000	0.000000	0.000000	0.000000	0.000000	0.000000	0.000000	0.000000	0.000000	0.000000	0.000000	0.000000	0.000000	0.000000	0.000000	0.000000	0.000000	0.000000	0.000000	0.000000	0.000000	0.000000	0.000000	0.000000	0.000000	0.000000	0.000000	0.000000	30.000000	50.000000	0.000000	0.000000	0.000000	0.000000	50.000000	0.000000	50.000000	50.000000	11.000000	0.000000	0.000000	0.000000	0.000000	0.000000	0.000000	0.000000	0.000000	0.000000	0.000000	0.000000	0.000000	0.000000	0.000000	0.000000	375.976500	0.000000	0.000000	0.000000	0.000000	0.000000	0.000000	0.000000	0.000000	40.000000	40.000000	40.000000	42.000000	0.000000	0.000000	40.000000	40.000000	1.000000	40.000000	0.000000	10.000000	40.000000	0.000000	0.000000	0.000000	0.000000	0.000000	0.000000	0.000000	0.000000	0.000000	0.000000	187.865000	0.000000	140.000000	80.000000	0.000000	0.000000	0.000000	0.000000	0.000000	0.000000	0.000000	0.000000	0.000000	0.000000	0.000000	100.000000	0.000000	0.000000	0.000000	0.000000	0.000000	0.000000	0.000000	0.000000	0.000000	0.000000	0.000000	0.000000	0.000000	0.000000	100.000000	100.000000	60.000000	0.000000	3587.745800	35.000000	58.000000	0.000000	140.000000	140.000000	0.000000	20.000000	20.000000	35.000000	83.000000	35.000000	0.000000	0.000000	0.000000	0.000000	0.000000	0.000000	0.000000	0.000000	0.000000	0.000000	0.000000	0.000000	0.000000	0.000000	0.000000	0.000000	0.300000	6.000000	3.000000	8.400000	2.400000	20.000000	0.000000	10.000000	8.000000	10.000000	1.000000	0.000000	0.000000	0.000000	0.000000	692.999700	90.000000	0.000000	0.000000	0.000000	0.000000	0.000000	0.000000	0.000000	0.000000	0.000000	0.000000	0.000000	14.600000	48.800000	12.200000	10.100000	69.700000	2.500000	54.700000	28.000000	30.000000	15.000000	9.000000	3.000000	0.000000	0.000000	0.000000	0.000000	0.000000	0.000000	0.000000	0.000000	0.000000	0.000000	0.000000	0.000000	0.000000	0.000000	0.000000	0.000000	0.000000	0.000000	0.000000	0.000000	0.000000	0.000000	704.718900	175.840000	214.500000	239.190000	3580.620000	1790.310000	0.000000	0.000000	0.000000	0.000000	61.250000	118.840000	214.320000	50.170000	70.560000	869.280000	0.000000
2045	6377.490000	200.000000	100.000000	0.000000	0.000000	0.000000	0.000000	0.000000	0.000000	0.000000	0.000000	0.000000	0.000000	0.000000	0.000000	0.000000	0.000000	0.000000	0.000000	0.000000	0.000000	0.000000	0.000000	0.000000	0.000000	0.000000	0.000000	0.000000	0.000000	0.000000	0.000000	0.000000	0.000000	0.000000	0.000000	0.000000	0.000000	0.000000	0.000000	0.000000	0.000000	0.000000	0.000000	0.000000	0.000000	0.000000	0.000000	0.000000	0.000000	0.000000	0.000000	0.000000	0.000000	0.000000	0.000000	0.000000	0.000000	0.000000	0.000000	0.000000	0.000000	0.000000	30.000000	50.000000	0.000000	0.000000	0.000000	0.000000	50.000000	0.000000	50.000000	50.000000	11.000000	0.000000	0.000000	0.000000	0.000000	0.000000	0.000000	0.000000	0.000000	0.000000	0.000000	0.000000	0.000000	0.000000	0.000000	0.000000	375.976500	0.000000	0.000000	0.000000	0.000000	0.000000	0.000000	0.000000	0.000000	40.000000	40.000000	40.000000	42.000000	0.000000	0.000000	40.000000	40.000000	1.000000	40.000000	0.000000	10.000000	40.000000	0.000000	0.000000	0.000000	0.000000	0.000000	0.000000	0.000000	0.000000	0.000000	0.000000	187.865000	0.000000	140.000000	80.000000	0.000000	0.000000	0.000000	0.000000	0.000000	0.000000	0.000000	0.000000	0.000000	0.000000	0.000000	100.000000	0.000000	0.000000	0.000000	0.000000	0.000000	0.000000	0.000000	0.000000	0.000000	0.000000	0.000000	0.000000	0.000000	0.000000	100.000000	100.000000	60.000000	0.000000	3587.745800	35.000000	58.000000	0.000000	140.000000	140.000000	0.000000	20.000000	20.000000	35.000000	83.000000	35.000000	0.000000	0.000000	0.000000	0.000000	0.000000	0.000000	0.000000	0.000000	0.000000	0.000000	0.000000	0.000000	0.000000	0.000000	0.000000	0.000000	0.300000	6.000000	3.000000	8.400000	2.400000	20.000000	0.000000	10.000000	8.000000	10.000000	1.000000	0.000000	0.000000	0.000000	0.000000	692.999700	90.000000	0.000000	0.000000	0.000000	0.000000	0.000000	0.000000	0.000000	0.000000	0.000000	0.000000	0.000000	14.600000	48.800000	12.200000	10.100000	69.700000	2.500000	54.700000	28.000000	30.000000	15.000000	9.000000	3.000000	0.000000	0.000000	0.000000	0.000000	0.000000	0.000000	0.000000	0.000000	0.000000	0.000000	0.000000	0.000000	0.000000	0.000000	0.000000	0.000000	0.000000	0.000000	0.000000	0.000000	0.000000	0.000000	704.718900	175.840000	214.500000	239.190000	3580.620000	1790.310000	0.000000	0.000000	0.000000	0.000000	61.250000	118.840000	214.320000	50.170000	70.560000	869.280000	0.000000

" "
"Table 4:"		"KEa - Reference"
"Aug 19, 2024 22:13"		"KEaTotalCapacity"
	KEEL00T00	KEEL00i00_HVDC	KEEL00i00_TANESCO	KEEL00i00_UETCL	KEEL00i00	KEEL00TDI	KEEL00TDR	KEEL00TDU	KEEL00TDC	KEEL00TUI	KEEL00TUR	KEEL00TUS	KEEL00TUU	KEEL00TUC	KEDS00I00	KENU00I00	KEGE00I00	KEGE00I00_Generic	KEGE00I00_steam	KEDSRC00	KEDSRC01_Tsavo_Extended	KEDSSC00	KEDSRI00	KEDSRU00	KEDSRB00	KEDSRR00	KEHF00I00_NAIROBI	KEHF00I00	KEHFRC00	KEHFRC01_Tsavo	KEHFRC01_Rabai	KEHFRC01_Kipevu_III	KEHFRC10_Thika	KEHFRC10_Gulf	KEHFRC10_Triumph	KEHFRC03	KEHFRC10	KEHFRC02	KEHFRC01	KECO00X00	KECOSC00	KECOSC11	KENG00I00_LNG	KENG00I00	KENGSC00	KENGSC12_Dongo_Kundu	KENGCC00	KENGCC12_LNG_Backup2	KENGCC12_LNG_Backup26	KENGCC12_LNG_Backup35	KENGCC12_LNG_Backup4	KENGCC12_LNG2	KENUPW00	KENUPW20_Nuclear_III	KENUPW20_Nuclear_II	KENUPW20_Nuclear_I	KENUPW20	KEWDLC00	KEWDLCZ004_Marsabit_PhII	KEWDLCZ007_Meru_PhIII	KEWDLCZ007_Meru_PhII	KEWDLCZ007_Meru_PhI	KEWDLCZ008_Oldanyat	KEWDLCZ008_Prunus	KEWDLCZH08_Ngong_PhII	KEWDLCZH08_Ngong_PhI	KEWDLCZ001_Bahari2	KEWDLCZH08_Kipeto	KEWDLCZ001_Bahari_PhI	KEWDLCZ004_Marsabit_PhI	KEWDLCZ008_Aperture	KEWDLCZ008_Chania	KEWDLCZ008_Ngong1_PhIII	KEWDOC00	KEWDLCZ010	KEWDLCZ009	KEWDLCZ008	KEWDLCZ007	KEWDLCZ006	KEWDLCZ005	KEWDLCZ004	KEWDLCZ003	KEWDLCZ002	KEWDLCZ001	KEWDLCZDP09_Lake_Turkana	KEWDLCZH08	KESOTN00	KESOTNZ002	KESOTNZ001	KESOTS00	KESOTSZ002	KESOTSZ001	KESOTG00	KESOPC00	KESOPCZ001_Kenya_Solar	KESOPCZ003_Strathmore	KESOPCZ003_REA_Garissa	KESOPCZ008_Kibwezi	KESOPCZ008_Tarita_Green	KESOPCZ008_Kopere	KESOPCZ001_SevenForks	KESOPCZ003_Eldosol	KESOPCZ003_Selenkei	KESOPCZ003_Alten	KESOPCZ009_Kenergy	KESOPCZ009_MarcoBorero	KESOPCZ001_Greenmillenia	KESOPCZ001_Makindu	KESOPCZ001_HannanArya	KESOPCZ001_Malindi	KESOPCZ010	KESOPCZ009	KESOPCZ008	KESOPCZ007	KESOPCZ006	KESOPCZ005	KESOPCZ004	KESOPCZ003	KESOPCZ002	KESOPCZ001	KEGOCV00	KEGOCV18_Menengai_V	KEGOCV16_Olkaria_7	KEGOCV16_Olkaria_6	KEGOCV12_Suswa_I	KEGOCV12_Suswa_II	KEGOCV12_Suswa_III	KEGOCV12_Olsuswa_I	KEGOCV13_Akiira_I	KEGOCV13_Akiira_II	KEGOCV20_AGIL_I	KEGOCV20_AGIL_II	KEGOCV20_AGIL_III	KEGOCV20_AGIL_IV	KEGOCV17_Korosi_I	KEGOCV17_Paka_I	KEGOCV16_Olkaria_II_Rehab	KEGOCV17_Paka_II	KEGOCV17_Silali_II	KEGOCV17_Paka_III	KEGOCV17_Silali_III	KEGOCV18_Menengai_IV	KEGOCV01_Orpower_4P4	KEGOCV01_Orpower_4P3	KEGOCV01_Orpower_4P2	KEGOCV01_Orpower_4PI	KEGOCV01_Olkaria_2	KEGOCV10_OLK_V	KEGOCV10_OLK_IAU	KEGOCV10_OLK_IV	KEGOCV17_Baringo_Silali_I	KEGOCV18_Menengai_III	KEGOCV18_Menengai_1_Stage2	KEGOCV12_Suswa	KEGOCV12_Eburru	KEGOCV16_Menengai_1_Orpower22	KEGOCV18_Wellheadleasing	KEGOCV13_Marine_Power_Akiira	KEGOCV16_Olkaria8	KEGOCV16_Olkaria9	KEGOCV17_Baringo_Silali	KEGOCV16_Olkaria_1V_Uprating	KEGOCV16_Olkaria_1_Uprating	KEGOCV18_Menengai_1_Quantum	KEGOCV16_Olkaria_1_Unit6	KEGOCV18_Menengai_1_Sosian	KEGOCV20	KEGOCV16	KEGOCV15	KEGOCV14	KEGOCV13	KEGOCV12	KEGOCV11	KEGOCV10	KEGOCV03	KEGOCV02	KEBM00X00	KEBW00X00	KEHY00X00	KESO00X00	KEWD00X00	KEBMST00	KEBMST10_BiogasH	KEBMST10_WestKenya	KEBMST10_VRHoldings	KEBMST10_Cummins_Cogen	KEBMST10_Viability	KEBMST10_Tana_Biogas	KEBMST10_MunicipalWtE_Biogas	KEBMST10_Roadtech	KEBMST10_ThikaWayBiogas	KEBMST10_Kwale	KEBMST10_REA_Vipingo	KEBWST00	KEBMST10	KEBMST01	KEHYDM00	KEHYDM_High_Grand	KEHYDM_Karura	KEHYDM_TURKWEL	KEHYDM_KIAMBERE	KEHYDM_Kindaruma	KEHYDM_Gitaru	KEHYDM_KAMBURU	KEHYDM_MASINGA	KEHYRO_Lower_Grand	KEHYDM_Kamburu_Masinga	KEHYDM_Turkwell	KEHYDM_Kiambere	KEHYRO00	KEHYRO_Small_2033	KEHYRO_Small_2032	KEHYRO_Small_2031	KEHYRO_Small_KTDA_2031	KEHYRO_Small_2030	KEHYRO_Small_KTDA_2030	KEHYRO_Small_2029	KEHYRO_Small_2028	KEHYRO_Small_2027	KEHYRO_Small_2026	KEHYRO_Small_2025	KEHYRO_Small_KTDA_2024	KEHYRO_Small_Chevron	KEHYRO_Small_KDTA2	KEHYRO_Small_Rareh	KEHYRO_Small_Kirogori	KEHYRO_Small_GemGen	KEHYRO_Small_Kaptis	KEHYRO_Small_Nithi	KEHYRO_Small_Tindinyo	KEHYRO_Small_Gatiki	KEHYRO_Small_KTDA_Gogo	KEHYRO_Small_MtKenya_CBO	KEHYRO_Small_KTDA	KEHYRO_Small_KTDA_Kleen	KEHYRO_Tana	KEHYRO_Sangoro	KEHYRO_Sondu_Miriu	KEHYMI00	KEHYRO_Existing_Small	KESOPU00	KESOPB00	KESOPR00	KESOPS00	KEELBS00	KERIDM_Kamburu_Masinga	KERIDM_Turkwell	KERIDM_Kiambere	KEELST04	KEELPT04	KEELDT04_01	KEELDT04_02	KEELDT04_03	KEEXDT00	KERIDM_MASINGA	KERIDM_KAMBURU	KERIDM_Gitaru	KERIDM_Kindaruma	KERIDM_Karura	KERIDM_High_Grand	KEELDT04_04
2022	1989.940000	400.000000	100.000000	70.000000	0.000000	551.700000	67.000000	374.200000	172.000000	0.000000	0.000000	0.000000	0.000000	0.000000	0.000000	0.000000	0.000000	0.000000	0.000000	0.000000	0.000000	0.000000	0.000000	0.000000	0.000000	0.000000	0.000000	0.000000	0.000000	0.000000	88.600000	115.000000	87.000000	80.300000	83.000000	0.000000	0.000000	52.500000	0.000000	0.000000	0.000000	0.000000	0.000000	0.000000	0.000000	0.000000	0.000000	0.000000	0.000000	0.000000	0.000000	0.000000	0.000000	0.000000	0.000000	0.000000	0.000000	0.000000	0.000000	0.000000	0.000000	0.000000	0.000000	0.000000	20.400000	5.100000	0.000000	100.000000	0.000000	0.000000	0.000000	0.000000	0.000000	0.000000	0.000000	0.000000	0.000000	0.000000	0.000000	0.000000	0.000000	0.000000	0.000000	0.000000	300.000000	0.000000	0.000000	0.000000	0.000000	0.000000	0.000000	0.000000	0.000000	0.000000	0.000000	0.250000	50.000000	0.000000	0.000000	0.000000	0.000000	40.000000	40.000000	0.000000	0.000000	0.000000	0.000000	0.000000	0.000000	40.000000	0.000000	0.000000	0.000000	0.000000	0.000000	0.000000	0.000000	0.000000	0.000000	0.000000	0.000000	0.000000	0.000000	0.000000	0.000000	0.000000	0.000000	0.000000	0.000000	0.000000	0.000000	0.000000	0.000000	0.000000	0.000000	0.000000	0.000000	0.000000	0.000000	0.000000	0.000000	0.000000	29.000000	17.600000	39.600000	63.800000	101.000000	158.000000	140.000000	140.000000	0.000000	0.000000	0.000000	0.000000	0.000000	0.000000	0.000000	0.000000	0.000000	0.000000	0.000000	0.000000	0.000000	0.000000	83.000000	0.000000	0.000000	0.000000	25.400000	44.600000	0.000000	0.000000	0.000000	0.000000	2.100000	0.000000	0.000000	0.000000	0.000000	0.000000	0.000000	0.000000	0.000000	0.000000	0.000000	0.000000	0.000000	0.000000	0.000000	0.000000	0.000000	0.000000	0.000000	0.000000	0.000000	0.000000	0.000000	0.000000	0.000000	105.000000	164.000000	10.500000	216.000000	90.000000	40.000000	0.000000	0.000000	0.000000	0.000000	0.000000	0.000000	0.000000	0.000000	0.000000	0.000000	0.000000	0.000000	0.000000	0.000000	0.000000	0.000000	0.000000	0.000000	0.000000	0.000000	0.000000	0.000000	0.000000	0.000000	0.000000	0.000000	0.000000	0.000000	0.000000	0.000000	20.000000	20.000000	60.000000	0.000000	24.870000	0.000000	0.000000	0.000000	0.000000	0.000000	175.840000	214.500000	239.190000	0.000000	0.000000	0.000000	0.000000	0.000000	0.000000	61.250000	118.840000	214.320000	50.170000	70.560000	869.280000	0.000000
2023	2143.180000	400.000000	100.000000	70.000000	0.000000	551.700000	67.000000	374.200000	172.000000	0.000000	0.000000	0.000000	0.000000	0.000000	0.000000	0.000000	0.000000	0.000000	0.000000	0.000000	0.000000	0.000000	0.000000	0.000000	0.000000	0.000000	0.000000	0.000000	0.000000	0.000000	88.600000	115.000000	87.000000	80.300000	83.000000	0.000000	0.000000	52.500000	0.000000	0.000000	0.000000	0.000000	0.000000	0.000000	0.000000	0.000000	0.000000	0.000000	0.000000	0.000000	0.000000	0.000000	0.000000	0.000000	0.000000	0.000000	0.000000	0.000000	0.000000	0.000000	0.000000	0.000000	0.000000	0.000000	20.400000	5.100000	0.000000	100.000000	0.000000	0.000000	0.000000	0.000000	0.000000	0.000000	0.000000	0.000000	0.000000	0.000000	0.000000	0.000000	0.000000	0.000000	0.000000	0.000000	300.000000	0.000000	0.000000	0.000000	0.000000	0.000000	0.000000	0.000000	0.000000	0.000000	0.000000	0.250000	50.000000	0.000000	0.000000	0.000000	0.000000	40.000000	40.000000	40.000000	0.000000	0.000000	0.000000	0.000000	0.000000	40.000000	0.000000	0.000000	0.000000	0.000000	0.000000	0.000000	0.000000	0.000000	0.000000	0.000000	0.000000	0.000000	0.000000	0.000000	0.000000	0.000000	0.000000	0.000000	0.000000	0.000000	0.000000	0.000000	0.000000	0.000000	0.000000	0.000000	0.000000	0.000000	0.000000	0.000000	0.000000	0.000000	29.000000	17.600000	39.600000	63.800000	101.000000	158.000000	140.000000	140.000000	0.000000	0.000000	0.000000	0.000000	0.000000	0.000000	0.000000	0.000000	0.000000	0.000000	0.000000	0.000000	0.000000	0.000000	83.000000	35.000000	0.000000	0.000000	25.400000	44.600000	0.000000	0.000000	0.000000	0.000000	2.100000	0.000000	0.000000	0.000000	0.000000	0.000000	0.000000	0.000000	0.000000	0.000000	0.000000	0.000000	0.000000	0.000000	0.000000	0.000000	0.000000	0.000000	0.000000	0.000000	0.000000	0.000000	0.000000	0.000000	0.000000	105.000000	164.000000	10.500000	216.000000	90.000000	40.000000	0.000000	0.000000	0.000000	0.000000	0.000000	0.000000	0.000000	0.000000	0.000000	0.000000	0.000000	0.000000	0.000000	0.000000	0.000000	0.000000	0.000000	0.000000	0.000000	0.000000	0.000000	0.000000	0.000000	0.000000	0.000000	0.000000	0.000000	0.000000	0.000000	0.000000	20.000000	20.000000	60.000000	0.000000	24.870000	0.000000	0.000000	0.000000	0.000000	0.000000	175.840000	214.500000	239.190000	0.000000	0.000000	0.000000	0.000000	0.000000	0.000000	61.250000	118.840000	214.320000	50.170000	70.560000	869.280000	0.000000
2024	2222.631000	400.000000	100.000000	70.000000	0.000000	551.700000	67.000000	374.200000	172.000000	0.000000	0.000000	0.000000	0.000000	0.000000	0.000000	0.000000	0.000000	0.000000	0.000000	0.000000	0.000000	0.000000	0.000000	0.000000	0.000000	0.000000	0.000000	0.000000	0.000000	0.000000	88.600000	115.000000	87.000000	80.300000	83.000000	0.000000	0.000000	52.500000	0.000000	0.000000	0.000000	0.000000	0.000000	0.000000	0.000000	0.000000	0.000000	0.000000	0.000000	0.000000	0.000000	0.000000	0.000000	0.000000	0.000000	0.000000	0.000000	0.000000	0.000000	0.000000	0.000000	0.000000	0.000000	0.000000	20.400000	5.100000	0.000000	100.000000	0.000000	0.000000	0.000000	0.000000	0.000000	0.000000	0.000000	0.000000	0.000000	0.000000	0.000000	0.000000	0.000000	0.000000	0.000000	0.000000	300.000000	0.000000	0.000000	0.000000	0.000000	0.000000	0.000000	0.000000	0.000000	0.000000	0.000000	0.250000	50.000000	0.000000	0.000000	0.000000	0.000000	40.000000	40.000000	40.000000	0.000000	1.000000	0.000000	0.000000	0.000000	40.000000	0.000000	0.000000	0.000000	0.000000	0.000000	0.000000	0.000000	0.000000	0.000000	0.000000	0.000000	0.000000	0.000000	0.000000	0.000000	0.000000	0.000000	0.000000	0.000000	0.000000	0.000000	0.000000	0.000000	0.000000	0.000000	0.000000	0.000000	0.000000	0.000000	0.000000	0.000000	0.000000	29.000000	17.600000	39.600000	63.800000	101.000000	158.000000	140.000000	140.000000	0.000000	0.000000	0.000000	0.000000	0.000000	0.000000	0.000000	0.000000	0.000000	0.000000	0.000000	0.000000	0.000000	0.000000	83.000000	35.000000	0.000000	0.000000	25.400000	44.600000	0.000000	0.000000	0.000000	0.000000	2.100000	0.000000	0.000000	0.000000	0.000000	0.000000	0.000000	0.000000	0.000000	0.000000	0.000000	0.000000	0.000000	0.000000	0.000000	0.000000	0.000000	0.000000	1.000000	0.000000	0.000000	0.000000	0.000000	0.000000	0.000000	105.000000	164.000000	10.500000	216.000000	0.000000	40.000000	0.000000	0.000000	0.000000	0.000000	0.000000	0.000000	0.000000	0.000000	0.000000	0.000000	0.000000	0.000000	0.000000	0.000000	0.000000	0.000000	3.000000	0.000000	0.000000	0.000000	0.000000	0.000000	0.000000	0.000000	0.000000	0.000000	0.000000	0.000000	0.000000	0.000000	20.000000	20.000000	60.000000	0.000000	24.870000	0.000000	0.000000	0.000000	0.000000	0.000000	175.840000	214.500000	239.190000	0.000000	0.000000	0.000000	0.000000	0.000000	0.000000	61.250000	118.840000	214.320000	50.170000	70.560000	869.280000	0.000000
2025	2328.589000	400.000000	100.000000	70.000000	0.000000	551.700000	67.000000	374.200000	172.000000	0.000000	0.000000	0.000000	0.000000	0.000000	0.000000	0.000000	0.000000	0.000000	0.000000	0.000000	0.000000	0.000000	0.000000	0.000000	0.000000	0.000000	0.000000	0.000000	0.000000	0.000000	88.600000	115.000000	87.000000	80.300000	83.000000	0.000000	0.000000	52.500000	0.000000	0.000000	0.000000	0.000000	0.000000	0.000000	0.000000	0.000000	0.000000	0.000000	0.000000	0.000000	0.000000	0.000000	0.000000	0.000000	0.000000	0.000000	0.000000	0.000000	0.000000	0.000000	0.000000	0.000000	0.000000	0.000000	20.400000	5.100000	0.000000	100.000000	0.000000	0.000000	0.000000	0.000000	0.000000	0.000000	0.000000	0.000000	0.000000	0.000000	0.000000	0.000000	0.000000	0.000000	0.000000	0.000000	300.000000	0.000000	0.000000	0.000000	0.000000	0.000000	0.000000	0.000000	0.000000	0.000000	0.000000	0.250000	50.000000	0.000000	40.000000	0.000000	0.000000	40.000000	40.000000	40.000000	0.000000	1.000000	0.000000	0.000000	0.000000	40.000000	0.000000	0.000000	0.000000	0.000000	0.000000	0.000000	0.000000	0.000000	0.000000	0.000000	0.000000	0.000000	0.000000	0.000000	0.000000	0.000000	0.000000	0.000000	0.000000	0.000000	0.000000	0.000000	0.000000	0.000000	0.000000	0.000000	0.000000	0.000000	0.000000	0.000000	0.000000	0.000000	29.000000	17.600000	39.600000	63.800000	101.000000	158.000000	140.000000	140.000000	0.000000	0.000000	0.000000	0.000000	0.000000	0.000000	0.000000	0.000000	0.000000	0.000000	0.000000	20.000000	0.000000	35.000000	83.000000	35.000000	0.000000	0.000000	25.400000	44.600000	0.000000	0.000000	0.000000	0.000000	2.100000	0.000000	0.000000	0.000000	0.000000	0.000000	0.000000	0.000000	0.000000	0.000000	0.000000	0.000000	0.000000	0.000000	0.000000	0.000000	0.000000	0.000000	1.000000	0.000000	0.000000	0.000000	0.000000	0.000000	0.000000	105.000000	164.000000	10.500000	216.000000	0.000000	40.000000	0.000000	0.000000	0.000000	0.000000	0.000000	0.000000	0.000000	0.000000	0.000000	0.000000	0.000000	0.000000	0.000000	0.000000	0.000000	9.000000	3.000000	0.000000	0.000000	0.000000	0.000000	0.000000	0.000000	0.000000	0.000000	0.000000	0.000000	0.000000	0.000000	0.000000	20.000000	20.000000	60.000000	0.000000	24.870000	0.000000	0.000000	0.000000	0.000000	0.000000	175.840000	214.500000	239.190000	1790.310000	1790.310000	0.000000	0.000000	0.000000	0.000000	61.250000	118.840000	214.320000	50.170000	70.560000	869.280000	0.000000
2026	2452.773000	400.000000	100.000000	70.000000	0.000000	551.700000	67.000000	374.200000	172.000000	0.000000	0.000000	0.000000	0.000000	0.000000	0.000000	0.000000	0.000000	0.000000	0.000000	0.000000	0.000000	0.000000	0.000000	0.000000	0.000000	0.000000	0.000000	0.000000	0.000000	0.000000	88.600000	115.000000	87.000000	80.300000	83.000000	0.000000	0.000000	52.500000	0.000000	0.000000	0.000000	0.000000	0.000000	0.000000	0.000000	0.000000	0.000000	0.000000	0.000000	0.000000	0.000000	0.000000	0.000000	0.000000	0.000000	0.000000	0.000000	0.000000	0.000000	0.000000	0.000000	0.000000	0.000000	50.000000	20.400000	5.100000	0.000000	100.000000	0.000000	0.000000	50.000000	50.000000	0.000000	0.000000	0.000000	0.000000	0.000000	0.000000	0.000000	0.000000	0.000000	0.000000	0.000000	0.000000	300.000000	0.000000	0.000000	0.000000	11.470500	0.000000	0.000000	0.000000	0.000000	0.000000	0.000000	0.250000	50.000000	0.000000	40.000000	40.000000	0.000000	40.000000	40.000000	40.000000	0.000000	1.000000	0.000000	0.000000	0.000000	40.000000	0.000000	0.000000	0.000000	0.000000	0.000000	0.000000	0.000000	0.000000	0.000000	0.000000	0.000000	0.000000	0.000000	0.000000	0.000000	0.000000	0.000000	0.000000	0.000000	0.000000	0.000000	0.000000	0.000000	0.000000	0.000000	0.000000	0.000000	0.000000	0.000000	0.000000	0.000000	0.000000	29.000000	17.600000	39.600000	63.800000	101.000000	158.000000	140.000000	140.000000	0.000000	0.000000	0.000000	0.000000	0.000000	35.000000	58.000000	0.000000	0.000000	0.000000	0.000000	20.000000	20.000000	35.000000	83.000000	35.000000	0.000000	0.000000	25.400000	44.600000	0.000000	0.000000	0.000000	0.000000	2.100000	0.000000	0.000000	0.000000	0.000000	0.000000	0.000000	0.000000	0.000000	0.000000	0.000000	0.000000	0.000000	0.000000	0.000000	0.000000	0.000000	0.000000	1.000000	0.000000	0.000000	0.000000	0.000000	0.000000	0.000000	105.000000	164.000000	10.500000	216.000000	0.000000	40.000000	0.000000	0.000000	0.000000	0.000000	0.000000	0.000000	0.000000	0.000000	0.000000	0.000000	0.000000	0.000000	0.000000	0.000000	15.000000	9.000000	3.000000	0.000000	0.000000	0.000000	0.000000	0.000000	0.000000	0.000000	0.000000	0.000000	0.000000	0.000000	0.000000	0.000000	20.000000	20.000000	60.000000	0.000000	24.870000	0.000000	0.000000	0.000000	0.000000	0.000000	175.840000	214.500000	239.190000	1790.310000	1790.310000	0.000000	0.000000	0.000000	0.000000	61.250000	118.840000	214.320000	50.170000	70.560000	869.280000	0.000000
2027	2590.982000	400.000000	100.000000	70.000000	0.000000	551.700000	67.000000	374.200000	172.000000	0.000000	0.000000	0.000000	0.000000	0.000000	0.000000	0.000000	0.000000	0.000000	0.000000	0.000000	0.000000	0.000000	0.000000	0.000000	0.000000	0.000000	0.000000	0.000000	0.000000	0.000000	88.600000	115.000000	87.000000	80.300000	83.000000	0.000000	0.000000	52.500000	0.000000	0.000000	0.000000	0.000000	0.000000	0.000000	0.000000	0.000000	0.000000	0.000000	0.000000	0.000000	0.000000	0.000000	0.000000	0.000000	0.000000	0.000000	0.000000	0.000000	0.000000	0.000000	0.000000	0.000000	0.000000	50.000000	20.400000	5.100000	0.000000	100.000000	0.000000	0.000000	50.000000	50.000000	0.000000	0.000000	0.000000	0.000000	0.000000	0.000000	0.000000	0.000000	0.000000	0.000000	0.000000	0.000000	300.000000	0.000000	0.000000	0.000000	11.470500	0.000000	0.000000	0.000000	0.000000	0.000000	0.000000	0.250000	50.000000	40.000000	40.000000	40.000000	42.000000	40.000000	40.000000	40.000000	40.000000	1.000000	40.000000	0.000000	10.000000	40.000000	0.000000	0.000000	0.000000	0.000000	0.000000	0.000000	0.000000	0.000000	0.000000	0.000000	0.000000	0.000000	140.000000	80.000000	0.000000	0.000000	0.000000	0.000000	0.000000	0.000000	0.000000	0.000000	0.000000	0.000000	0.000000	100.000000	0.000000	0.000000	0.000000	0.000000	0.000000	0.000000	29.000000	17.600000	39.600000	63.800000	101.000000	158.000000	140.000000	140.000000	0.000000	0.000000	0.000000	0.000000	0.000000	35.000000	58.000000	0.000000	0.000000	0.000000	0.000000	20.000000	20.000000	35.000000	83.000000	35.000000	0.000000	0.000000	25.400000	44.600000	0.000000	0.000000	0.000000	0.000000	2.100000	0.000000	0.000000	0.000000	0.000000	0.000000	0.000000	0.000000	0.000000	0.000000	0.000000	0.000000	0.000000	20.000000	0.000000	0.000000	0.000000	10.000000	1.000000	0.000000	0.000000	0.000000	0.000000	0.000000	0.000000	105.000000	164.000000	10.500000	216.000000	0.000000	40.000000	0.000000	0.000000	0.000000	0.000000	0.000000	0.000000	0.000000	0.000000	0.000000	0.000000	0.000000	0.000000	0.000000	30.000000	15.000000	9.000000	3.000000	0.000000	0.000000	0.000000	0.000000	0.000000	0.000000	0.000000	0.000000	0.000000	0.000000	0.000000	0.000000	0.000000	20.000000	20.000000	60.000000	0.000000	24.870000	0.000000	0.000000	0.000000	0.000000	0.000000	175.840000	214.500000	239.190000	1790.310000	1790.310000	0.000000	0.000000	0.000000	0.000000	61.250000	118.840000	214.320000	50.170000	70.560000	869.280000	0.000000
2028	2741.838000	400.000000	100.000000	70.000000	0.000000	551.700000	67.000000	374.200000	172.000000	0.000000	0.000000	0.000000	0.000000	0.000000	0.000000	0.000000	0.000000	0.000000	0.000000	0.000000	0.000000	0.000000	0.000000	0.000000	0.000000	0.000000	0.000000	0.000000	0.000000	0.000000	88.600000	115.000000	87.000000	80.300000	83.000000	0.000000	0.000000	52.500000	0.000000	0.000000	0.000000	0.000000	0.000000	0.000000	0.000000	0.000000	0.000000	0.000000	0.000000	0.000000	0.000000	0.000000	0.000000	0.000000	0.000000	0.000000	0.000000	0.000000	0.000000	0.000000	0.000000	0.000000	30.000000	50.000000	20.400000	0.000000	0.000000	100.000000	50.000000	0.000000	50.000000	50.000000	11.000000	0.000000	0.000000	0.000000	0.000000	0.000000	0.000000	0.000000	0.000000	0.000000	0.000000	0.000000	300.000000	0.000000	0.000000	0.000000	196.766500	0.000000	0.000000	0.000000	0.000000	0.000000	0.000000	0.250000	50.000000	40.000000	40.000000	40.000000	42.000000	40.000000	40.000000	40.000000	40.000000	1.000000	40.000000	0.000000	10.000000	40.000000	0.000000	0.000000	0.000000	0.000000	0.000000	0.000000	0.000000	0.000000	0.000000	0.000000	0.000000	0.000000	140.000000	80.000000	0.000000	0.000000	0.000000	0.000000	0.000000	0.000000	0.000000	0.000000	0.000000	0.000000	0.000000	100.000000	0.000000	0.000000	0.000000	0.000000	0.000000	0.000000	29.000000	17.600000	39.600000	63.800000	0.000000	158.000000	140.000000	140.000000	0.000000	0.000000	0.000000	0.000000	0.000000	35.000000	58.000000	0.000000	0.000000	0.000000	0.000000	20.000000	20.000000	35.000000	83.000000	35.000000	0.000000	0.000000	25.400000	44.600000	0.000000	0.000000	0.000000	0.000000	2.100000	0.000000	0.000000	0.000000	0.000000	0.000000	0.000000	0.000000	0.000000	0.000000	0.000000	0.000000	0.000000	20.000000	0.000000	0.000000	8.000000	10.000000	1.000000	0.000000	0.000000	0.000000	0.000000	0.000000	0.000000	105.000000	164.000000	10.500000	80.000000	0.000000	40.000000	0.000000	0.000000	0.000000	0.000000	0.000000	0.000000	0.000000	0.000000	0.000000	0.000000	0.000000	0.000000	28.000000	30.000000	15.000000	9.000000	3.000000	0.000000	0.000000	0.000000	0.000000	0.000000	0.000000	0.000000	0.000000	0.000000	0.000000	0.000000	0.000000	0.000000	20.000000	20.000000	60.000000	0.000000	24.870000	0.000000	0.000000	0.000000	0.000000	0.000000	175.840000	214.500000	239.190000	1790.310000	1790.310000	0.000000	0.000000	0.000000	0.000000	61.250000	118.840000	214.320000	50.170000	70.560000	869.280000	0.000000
2029	2956.936000	400.000000	100.000000	70.000000	0.000000	551.700000	67.000000	374.200000	172.000000	0.000000	0.000000	0.000000	0.000000	0.000000	0.000000	0.000000	0.000000	0.000000	0.000000	0.000000	0.000000	0.000000	0.000000	0.000000	0.000000	0.000000	0.000000	0.000000	0.000000	0.000000	88.600000	115.000000	87.000000	80.300000	83.000000	0.000000	0.000000	0.000000	0.000000	0.000000	0.000000	0.000000	0.000000	0.000000	0.000000	0.000000	0.000000	0.000000	0.000000	0.000000	0.000000	0.000000	0.000000	0.000000	0.000000	0.000000	0.000000	0.000000	0.000000	0.000000	0.000000	0.000000	30.000000	50.000000	20.400000	0.000000	0.000000	100.000000	50.000000	0.000000	50.000000	50.000000	11.000000	0.000000	0.000000	0.000000	0.000000	0.000000	0.000000	0.000000	0.000000	0.000000	0.000000	0.000000	300.000000	0.000000	0.000000	0.000000	375.976500	0.000000	0.000000	0.000000	0.000000	0.000000	0.000000	0.250000	50.000000	40.000000	40.000000	40.000000	42.000000	40.000000	40.000000	40.000000	40.000000	1.000000	40.000000	0.000000	10.000000	40.000000	0.000000	0.000000	0.000000	0.000000	0.000000	0.000000	0.000000	0.000000	0.000000	0.000000	0.000000	0.000000	140.000000	80.000000	0.000000	0.000000	0.000000	0.000000	0.000000	0.000000	0.000000	0.000000	0.000000	0.000000	0.000000	100.000000	0.000000	0.000000	0.000000	0.000000	0.000000	0.000000	29.000000	17.600000	39.600000	63.800000	0.000000	158.000000	140.000000	140.000000	100.000000	0.000000	0.000000	0.000000	0.000000	35.000000	58.000000	0.000000	0.000000	0.000000	0.000000	20.000000	20.000000	35.000000	83.000000	35.000000	0.000000	0.000000	25.400000	44.600000	0.000000	0.000000	0.000000	0.000000	2.100000	0.000000	0.000000	0.000000	0.000000	0.000000	0.000000	0.000000	0.000000	0.000000	0.000000	0.000000	0.000000	20.000000	0.000000	0.000000	8.000000	10.000000	1.000000	0.000000	0.000000	0.000000	0.000000	0.000000	0.000000	105.000000	164.000000	10.500000	80.000000	0.000000	40.000000	0.000000	0.000000	0.000000	0.000000	0.000000	0.000000	0.000000	0.000000	0.000000	0.000000	0.000000	54.700000	28.000000	30.000000	15.000000	9.000000	3.000000	0.000000	0.000000	0.000000	0.000000	0.000000	0.000000	0.000000	0.000000	0.000000	0.000000	0.000000	0.000000	0.000000	20.000000	20.000000	60.000000	0.000000	24.870000	0.000000	0.000000	0.000000	0.000000	0.000000	175.840000	214.500000	239.190000	1790.310000	1790.310000	0.000000	0.000000	0.000000	0.000000	61.250000	118.840000	214.320000	50.170000	70.560000	869.280000	0.000000
2030	3212.813000	400.000000	100.000000	70.000000	0.000000	551.700000	67.000000	374.200000	172.000000	0.000000	0.000000	0.000000	0.000000	0.000000	0.000000	0.000000	0.000000	0.000000	0.000000	0.000000	0.000000	0.000000	0.000000	0.000000	0.000000	0.000000	0.000000	0.000000	0.000000	0.000000	0.000000	115.000000	87.000000	80.300000	83.000000	0.000000	0.000000	0.000000	0.000000	0.000000	0.000000	0.000000	0.000000	0.000000	0.000000	0.000000	0.000000	0.000000	0.000000	0.000000	0.000000	0.000000	0.000000	0.000000	0.000000	0.000000	0.000000	0.000000	0.000000	0.000000	0.000000	0.000000	30.000000	50.000000	20.400000	0.000000	0.000000	100.000000	50.000000	0.000000	50.000000	50.000000	11.000000	0.000000	0.000000	0.000000	0.000000	0.000000	0.000000	0.000000	0.000000	0.000000	0.000000	0.000000	300.000000	0.000000	0.000000	0.000000	375.976500	0.000000	0.000000	0.000000	0.000000	0.000000	0.000000	0.250000	50.000000	40.000000	40.000000	40.000000	42.000000	40.000000	40.000000	40.000000	40.000000	1.000000	40.000000	0.000000	10.000000	40.000000	0.000000	0.000000	0.000000	0.000000	0.000000	0.000000	0.000000	0.000000	0.000000	0.000000	187.865000	0.000000	140.000000	80.000000	0.000000	0.000000	0.000000	0.000000	0.000000	0.000000	0.000000	0.000000	0.000000	0.000000	0.000000	100.000000	0.000000	0.000000	0.000000	0.000000	0.000000	0.000000	29.000000	17.600000	39.600000	63.800000	0.000000	158.000000	140.000000	140.000000	100.000000	100.000000	0.000000	0.000000	0.000000	35.000000	58.000000	0.000000	0.000000	0.000000	0.000000	20.000000	20.000000	35.000000	83.000000	35.000000	0.000000	0.000000	25.400000	44.600000	0.000000	0.000000	0.000000	0.000000	2.100000	0.000000	0.000000	0.000000	0.000000	0.000000	0.000000	0.000000	0.000000	0.000000	0.000000	0.000000	0.000000	20.000000	0.000000	10.000000	8.000000	10.000000	1.000000	0.000000	0.000000	0.000000	0.000000	0.000000	0.000000	105.000000	164.000000	10.500000	80.000000	0.000000	40.000000	0.000000	0.000000	0.000000	0.000000	0.000000	0.000000	0.000000	0.000000	0.000000	69.700000	2.500000	54.700000	28.000000	30.000000	15.000000	9.000000	3.000000	0.000000	0.000000	0.000000	0.000000	0.000000	0.000000	0.000000	0.000000	0.000000	0.000000	0.000000	0.000000	0.000000	20.000000	20.000000	60.000000	0.000000	24.870000	0.000000	0.000000	0.000000	0.000000	0.000000	175.840000	214.500000	239.190000	1790.310000	1790.310000	0.000000	0.000000	0.000000	0.000000	61.250000	118.840000	214.320000	50.170000	70.560000	869.280000	0.000000
2031	3514.195000	400.000000	100.000000	70.000000	0.000000	551.700000	67.000000	374.200000	172.000000	0.000000	0.000000	0.000000	0.000000	0.000000	0.000000	0.000000	0.000000	0.000000	0.000000	0.000000	0.000000	0.000000	0.000000	0.000000	0.000000	0.000000	0.000000	0.000000	0.000000	0.000000	0.000000	0.000000	87.000000	80.300000	83.000000	0.000000	0.000000	0.000000	0.000000	0.000000	0.000000	0.000000	0.000000	0.000000	0.000000	0.000000	0.000000	0.000000	0.000000	0.000000	0.000000	0.000000	0.000000	0.000000	0.000000	0.000000	0.000000	0.000000	0.000000	0.000000	0.000000	0.000000	30.000000	50.000000	20.400000	0.000000	0.000000	100.000000	50.000000	0.000000	50.000000	50.000000	11.000000	0.000000	0.000000	0.000000	0.000000	0.000000	0.000000	0.000000	0.000000	0.000000	0.000000	0.000000	300.000000	0.000000	0.000000	0.000000	375.976500	0.000000	0.000000	0.000000	0.000000	0.000000	0.000000	0.250000	50.000000	40.000000	40.000000	40.000000	42.000000	40.000000	40.000000	40.000000	40.000000	1.000000	40.000000	0.000000	10.000000	40.000000	0.000000	0.000000	0.000000	0.000000	0.000000	0.000000	0.000000	0.000000	0.000000	0.000000	187.865000	0.000000	140.000000	80.000000	0.000000	0.000000	0.000000	0.000000	0.000000	0.000000	0.000000	0.000000	0.000000	0.000000	0.000000	100.000000	0.000000	0.000000	0.000000	0.000000	0.000000	0.000000	29.000000	17.600000	39.600000	63.800000	0.000000	158.000000	140.000000	140.000000	100.000000	100.000000	0.000000	0.000000	0.000000	35.000000	58.000000	0.000000	0.000000	0.000000	0.000000	20.000000	20.000000	35.000000	83.000000	35.000000	0.000000	0.000000	25.400000	44.600000	0.000000	0.000000	0.000000	0.000000	2.100000	0.000000	0.000000	0.000000	0.000000	0.000000	0.000000	0.000000	0.000000	0.000000	0.000000	0.000000	0.000000	20.000000	0.000000	10.000000	8.000000	10.000000	1.000000	0.000000	0.000000	0.000000	0.000000	393.660000	70.560000	105.000000	164.000000	10.500000	80.000000	0.000000	0.000000	0.000000	0.000000	0.000000	0.000000	0.000000	0.000000	0.000000	12.200000	10.100000	69.700000	2.500000	54.700000	28.000000	30.000000	15.000000	9.000000	3.000000	0.000000	0.000000	0.000000	0.000000	0.000000	0.000000	0.000000	0.000000	0.000000	0.000000	0.000000	0.000000	0.000000	20.000000	20.000000	60.000000	0.000000	24.870000	0.000000	0.000000	0.000000	0.000000	0.000000	175.840000	214.500000	239.190000	1790.310000	1790.310000	0.000000	0.000000	0.000000	0.000000	61.250000	118.840000	214.320000	50.170000	70.560000	869.280000	0.000000
2032	3814.365000	400.000000	100.000000	70.000000	0.000000	551.700000	67.000000	374.200000	172.000000	0.000000	0.000000	0.000000	0.000000	0.000000	0.000000	0.000000	0.000000	0.000000	0.000000	0.000000	0.000000	0.000000	0.000000	0.000000	0.000000	0.000000	0.000000	0.000000	0.000000	0.000000	0.000000	0.000000	87.000000	80.300000	83.000000	0.000000	0.000000	0.000000	0.000000	0.000000	0.000000	0.000000	0.000000	0.000000	0.000000	0.000000	0.000000	0.000000	0.000000	0.000000	0.000000	0.000000	0.000000	0.000000	0.000000	0.000000	0.000000	0.000000	0.000000	0.000000	0.000000	0.000000	30.000000	50.000000	20.400000	0.000000	0.000000	100.000000	50.000000	0.000000	50.000000	50.000000	11.000000	0.000000	0.000000	0.000000	0.000000	0.000000	0.000000	0.000000	0.000000	0.000000	0.000000	0.000000	300.000000	0.000000	0.000000	0.000000	375.976500	0.000000	0.000000	0.000000	0.000000	0.000000	0.000000	0.250000	50.000000	40.000000	40.000000	40.000000	42.000000	40.000000	40.000000	40.000000	40.000000	1.000000	40.000000	0.000000	10.000000	40.000000	0.000000	0.000000	0.000000	0.000000	0.000000	0.000000	0.000000	0.000000	0.000000	0.000000	187.865000	0.000000	140.000000	80.000000	0.000000	0.000000	0.000000	0.000000	0.000000	0.000000	0.000000	0.000000	0.000000	0.000000	0.000000	100.000000	0.000000	0.000000	0.000000	0.000000	0.000000	0.000000	29.000000	17.600000	39.600000	63.800000	0.000000	158.000000	140.000000	140.000000	100.000000	100.000000	0.000000	0.000000	270.587000	35.000000	58.000000	0.000000	0.000000	0.000000	0.000000	20.000000	20.000000	35.000000	83.000000	35.000000	0.000000	0.000000	25.400000	44.600000	0.000000	0.000000	0.000000	0.000000	2.100000	0.000000	0.000000	0.000000	0.000000	0.000000	0.000000	0.000000	0.000000	0.000000	0.000000	8.400000	2.400000	20.000000	0.000000	10.000000	8.000000	10.000000	1.000000	0.000000	0.000000	0.000000	0.000000	393.660000	70.560000	105.000000	164.000000	10.500000	80.000000	0.000000	0.000000	0.000000	0.000000	0.000000	0.000000	0.000000	0.000000	48.800000	12.200000	10.100000	69.700000	2.500000	54.700000	28.000000	30.000000	15.000000	9.000000	3.000000	0.000000	0.000000	0.000000	0.000000	0.000000	0.000000	0.000000	0.000000	0.000000	0.000000	0.000000	0.000000	0.000000	20.000000	20.000000	60.000000	0.000000	24.870000	0.000000	0.000000	0.000000	0.000000	0.000000	175.840000	214.500000	239.190000	1790.310000	1790.310000	0.000000	0.000000	0.000000	0.000000	61.250000	118.840000	214.320000	50.170000	70.560000	869.280000	0.000000
2033	4084.667000	400.000000	100.000000	70.000000	0.000000	551.700000	67.000000	374.200000	172.000000	0.000000	0.000000	0.000000	0.000000	0.000000	0.000000	0.000000	0.000000	0.000000	0.000000	0.000000	0.000000	0.000000	0.000000	0.000000	0.000000	0.000000	0.000000	0.000000	0.000000	0.000000	0.000000	0.000000	87.000000	80.300000	83.000000	0.000000	0.000000	0.000000	0.000000	0.000000	0.000000	0.000000	0.000000	0.000000	0.000000	0.000000	0.000000	0.000000	0.000000	0.000000	0.000000	0.000000	0.000000	0.000000	0.000000	0.000000	0.000000	0.000000	0.000000	0.000000	0.000000	0.000000	30.000000	50.000000	20.400000	0.000000	0.000000	100.000000	50.000000	0.000000	50.000000	50.000000	11.000000	0.000000	0.000000	0.000000	0.000000	0.000000	0.000000	0.000000	0.000000	0.000000	0.000000	0.000000	300.000000	0.000000	0.000000	0.000000	375.976500	0.000000	0.000000	0.000000	0.000000	0.000000	0.000000	0.250000	50.000000	40.000000	40.000000	40.000000	42.000000	40.000000	40.000000	40.000000	40.000000	1.000000	40.000000	0.000000	10.000000	40.000000	0.000000	0.000000	0.000000	0.000000	0.000000	0.000000	0.000000	0.000000	0.000000	0.000000	187.865000	0.000000	140.000000	80.000000	0.000000	0.000000	0.000000	0.000000	0.000000	0.000000	0.000000	0.000000	0.000000	0.000000	0.000000	100.000000	0.000000	0.000000	0.000000	0.000000	0.000000	0.000000	29.000000	17.600000	39.600000	63.800000	0.000000	158.000000	140.000000	140.000000	100.000000	100.000000	60.000000	0.000000	350.318800	35.000000	58.000000	0.000000	140.000000	0.000000	0.000000	20.000000	20.000000	35.000000	83.000000	35.000000	0.000000	0.000000	25.400000	44.600000	0.000000	0.000000	0.000000	0.000000	2.100000	0.000000	0.000000	0.000000	0.000000	0.000000	0.000000	0.000000	0.000000	0.000000	3.000000	8.400000	2.400000	20.000000	0.000000	10.000000	8.000000	10.000000	1.000000	0.000000	0.000000	0.000000	0.000000	393.660000	70.560000	105.000000	164.000000	10.500000	80.000000	0.000000	0.000000	0.000000	0.000000	0.000000	0.000000	0.000000	14.600000	48.800000	12.200000	10.100000	69.700000	2.500000	54.700000	28.000000	30.000000	15.000000	9.000000	3.000000	0.000000	0.000000	0.000000	0.000000	0.000000	0.000000	0.000000	0.000000	0.000000	0.000000	0.000000	0.000000	0.000000	20.000000	20.000000	60.000000	0.000000	24.870000	0.000000	0.000000	0.000000	0.000000	0.000000	175.840000	214.500000	239.190000	1790.310000	1790.310000	0.000000	0.000000	0.000000	0.000000	61.250000	118.840000	214.320000	50.170000	70.560000	869.280000	0.000000
2034	4372.052000	400.000000	100.000000	70.000000	0.000000	551.700000	67.000000	374.200000	172.000000	0.000000	0.000000	0.000000	0.000000	0.000000	0.000000	0.000000	0.000000	0.000000	0.000000	0.000000	0.000000	0.000000	0.000000	0.000000	0.000000	0.000000	0.000000	0.000000	0.000000	0.000000	0.000000	0.000000	0.000000	0.000000	83.000000	0.000000	0.000000	0.000000	0.000000	0.000000	0.000000	0.000000	0.000000	0.000000	0.000000	0.000000	0.000000	0.000000	0.000000	0.000000	0.000000	0.000000	0.000000	0.000000	0.000000	0.000000	0.000000	0.000000	0.000000	0.000000	0.000000	0.000000	30.000000	50.000000	20.400000	0.000000	0.000000	100.000000	50.000000	0.000000	50.000000	50.000000	11.000000	0.000000	0.000000	0.000000	0.000000	0.000000	0.000000	0.000000	0.000000	0.000000	0.000000	0.000000	300.000000	0.000000	0.000000	0.000000	375.976500	0.000000	0.000000	0.000000	0.000000	0.000000	0.000000	0.250000	50.000000	40.000000	40.000000	40.000000	42.000000	40.000000	40.000000	40.000000	40.000000	1.000000	40.000000	0.000000	10.000000	40.000000	0.000000	0.000000	0.000000	0.000000	0.000000	0.000000	0.000000	0.000000	0.000000	0.000000	187.865000	0.000000	140.000000	80.000000	0.000000	0.000000	0.000000	0.000000	0.000000	0.000000	0.000000	0.000000	0.000000	0.000000	0.000000	100.000000	0.000000	0.000000	0.000000	0.000000	0.000000	0.000000	29.000000	17.600000	39.600000	63.800000	0.000000	158.000000	140.000000	140.000000	100.000000	100.000000	60.000000	0.000000	754.219800	35.000000	58.000000	0.000000	140.000000	0.000000	0.000000	20.000000	20.000000	35.000000	83.000000	35.000000	0.000000	0.000000	25.400000	44.600000	0.000000	0.000000	0.000000	0.000000	2.100000	0.000000	0.000000	0.000000	0.000000	0.000000	0.000000	0.000000	0.300000	6.000000	3.000000	8.400000	2.400000	20.000000	0.000000	10.000000	8.000000	10.000000	1.000000	0.000000	0.000000	0.000000	0.000000	466.882700	70.560000	105.000000	164.000000	10.500000	80.000000	0.000000	0.000000	0.000000	0.000000	0.000000	0.000000	0.000000	14.600000	48.800000	12.200000	10.100000	69.700000	2.500000	54.700000	28.000000	30.000000	15.000000	9.000000	3.000000	0.000000	0.000000	0.000000	0.000000	0.000000	0.000000	0.000000	0.000000	0.000000	0.000000	0.000000	0.000000	0.000000	20.000000	20.000000	60.000000	0.000000	24.870000	0.000000	0.000000	0.000000	0.000000	0.000000	175.840000	214.500000	239.190000	1790.310000	1790.310000	0.000000	0.000000	0.000000	0.000000	61.250000	118.840000	214.320000	50.170000	70.560000	869.280000	0.000000
2035	4673.283000	400.000000	100.000000	70.000000	0.000000	551.700000	67.000000	374.200000	172.000000	0.000000	0.000000	0.000000	0.000000	0.000000	0.000000	0.000000	0.000000	0.000000	0.000000	0.000000	0.000000	0.000000	0.000000	0.000000	0.000000	0.000000	0.000000	0.000000	0.000000	0.000000	0.000000	0.000000	0.000000	0.000000	0.000000	0.000000	0.000000	0.000000	0.000000	0.000000	0.000000	0.000000	0.000000	0.000000	0.000000	0.000000	0.000000	0.000000	0.000000	0.000000	0.000000	0.000000	0.000000	0.000000	0.000000	0.000000	0.000000	0.000000	0.000000	0.000000	0.000000	0.000000	30.000000	50.000000	0.000000	0.000000	0.000000	100.000000	50.000000	0.000000	50.000000	50.000000	11.000000	0.000000	0.000000	0.000000	0.000000	0.000000	0.000000	0.000000	0.000000	0.000000	0.000000	0.000000	300.000000	0.000000	0.000000	0.000000	375.976500	0.000000	0.000000	0.000000	0.000000	0.000000	0.000000	0.250000	50.000000	40.000000	40.000000	40.000000	42.000000	40.000000	40.000000	40.000000	40.000000	1.000000	40.000000	0.000000	10.000000	40.000000	0.000000	0.000000	0.000000	0.000000	0.000000	0.000000	0.000000	0.000000	0.000000	0.000000	187.865000	0.000000	140.000000	80.000000	0.000000	0.000000	0.000000	0.000000	0.000000	0.000000	0.000000	0.000000	0.000000	0.000000	0.000000	100.000000	0.000000	0.000000	0.000000	0.000000	0.000000	0.000000	29.000000	17.600000	39.600000	63.800000	0.000000	158.000000	140.000000	140.000000	100.000000	100.000000	60.000000	0.000000	923.016800	35.000000	58.000000	0.000000	140.000000	0.000000	0.000000	20.000000	20.000000	35.000000	83.000000	35.000000	0.000000	0.000000	25.400000	44.600000	0.000000	0.000000	0.000000	0.000000	2.100000	0.000000	0.000000	0.000000	0.000000	0.000000	0.000000	0.000000	0.300000	6.000000	3.000000	8.400000	2.400000	20.000000	0.000000	10.000000	8.000000	10.000000	1.000000	0.000000	0.000000	0.000000	0.000000	692.999700	90.000000	105.000000	164.000000	10.500000	80.000000	0.000000	0.000000	0.000000	0.000000	0.000000	0.000000	0.000000	14.600000	48.800000	12.200000	10.100000	69.700000	2.500000	54.700000	28.000000	30.000000	15.000000	9.000000	3.000000	0.000000	0.000000	0.000000	0.000000	0.000000	0.000000	0.000000	0.000000	0.000000	0.000000	0.000000	0.000000	0.000000	20.000000	20.000000	60.000000	0.000000	24.870000	0.000000	0.000000	0.000000	0.000000	0.000000	175.840000	214.500000	239.190000	1790.310000	1790.310000	0.000000	0.000000	0.000000	0.000000	61.250000	118.840000	214.320000	50.170000	70.560000	869.280000	0.000000
2036	4967.239000	400.000000	100.000000	70.000000	0.000000	551.700000	67.000000	374.200000	172.000000	0.000000	0.000000	0.000000	0.000000	0.000000	0.000000	0.000000	0.000000	0.000000	0.000000	0.000000	0.000000	0.000000	0.000000	0.000000	0.000000	0.000000	0.000000	0.000000	0.000000	0.000000	0.000000	0.000000	0.000000	0.000000	0.000000	0.000000	0.000000	0.000000	0.000000	0.000000	0.000000	0.000000	0.000000	0.000000	0.000000	0.000000	0.000000	0.000000	0.000000	0.000000	0.000000	0.000000	0.000000	0.000000	0.000000	0.000000	0.000000	0.000000	0.000000	0.000000	0.000000	0.000000	30.000000	50.000000	0.000000	0.000000	0.000000	100.000000	50.000000	0.000000	50.000000	50.000000	11.000000	0.000000	0.000000	0.000000	0.000000	0.000000	0.000000	0.000000	0.000000	0.000000	0.000000	0.000000	300.000000	0.000000	0.000000	0.000000	375.976500	0.000000	0.000000	0.000000	0.000000	0.000000	0.000000	0.250000	50.000000	40.000000	40.000000	40.000000	42.000000	40.000000	40.000000	40.000000	40.000000	1.000000	40.000000	0.000000	10.000000	40.000000	0.000000	0.000000	0.000000	0.000000	0.000000	0.000000	0.000000	0.000000	0.000000	0.000000	187.865000	0.000000	140.000000	80.000000	0.000000	0.000000	0.000000	0.000000	0.000000	0.000000	0.000000	0.000000	0.000000	0.000000	0.000000	100.000000	0.000000	0.000000	0.000000	0.000000	0.000000	0.000000	29.000000	17.600000	39.600000	63.800000	0.000000	158.000000	140.000000	140.000000	100.000000	100.000000	60.000000	0.000000	1246.368800	35.000000	58.000000	0.000000	140.000000	0.000000	0.000000	20.000000	20.000000	35.000000	83.000000	35.000000	0.000000	0.000000	25.400000	44.600000	0.000000	0.000000	0.000000	0.000000	2.100000	0.000000	0.000000	0.000000	0.000000	0.000000	0.000000	0.000000	0.300000	6.000000	3.000000	8.400000	2.400000	20.000000	0.000000	10.000000	8.000000	10.000000	1.000000	0.000000	0.000000	0.000000	0.000000	692.999700	90.000000	105.000000	164.000000	10.500000	80.000000	0.000000	0.000000	0.000000	0.000000	0.000000	0.000000	0.000000	14.600000	48.800000	12.200000	10.100000	69.700000	2.500000	54.700000	28.000000	30.000000	15.000000	9.000000	3.000000	0.000000	0.000000	0.000000	0.000000	0.000000	0.000000	0.000000	0.000000	0.000000	0.000000	0.000000	0.000000	0.000000	20.000000	20.000000	60.000000	0.000000	24.870000	0.000000	0.000000	0.000000	0.000000	0.000000	175.840000	214.500000	239.190000	1790.310000	1790.310000	0.000000	0.000000	0.000000	0.000000	61.250000	118.840000	214.320000	50.170000	70.560000	869.280000	0.000000
2037	5296.698000	400.000000	100.000000	70.000000	0.000000	551.700000	67.000000	374.200000	172.000000	0.000000	0.000000	0.000000	0.000000	0.000000	0.000000	0.000000	0.000000	0.000000	0.000000	0.000000	0.000000	0.000000	0.000000	0.000000	0.000000	0.000000	0.000000	0.000000	0.000000	0.000000	0.000000	0.000000	0.000000	0.000000	0.000000	0.000000	0.000000	0.000000	0.000000	0.000000	0.000000	0.000000	0.000000	0.000000	0.000000	0.000000	0.000000	0.000000	0.000000	0.000000	0.000000	0.000000	0.000000	0.000000	0.000000	0.000000	0.000000	0.000000	0.000000	0.000000	0.000000	0.000000	30.000000	50.000000	0.000000	0.000000	0.000000	100.000000	50.000000	0.000000	50.000000	50.000000	11.000000	0.000000	0.000000	0.000000	0.000000	0.000000	0.000000	0.000000	0.000000	0.000000	0.000000	0.000000	300.000000	0.000000	0.000000	0.000000	375.976500	0.000000	0.000000	0.000000	0.000000	0.000000	0.000000	0.250000	50.000000	40.000000	40.000000	40.000000	42.000000	40.000000	40.000000	40.000000	40.000000	1.000000	40.000000	0.000000	10.000000	40.000000	0.000000	0.000000	0.000000	0.000000	0.000000	0.000000	0.000000	0.000000	0.000000	0.000000	187.865000	0.000000	140.000000	80.000000	0.000000	0.000000	0.000000	0.000000	0.000000	0.000000	0.000000	0.000000	0.000000	0.000000	0.000000	100.000000	0.000000	0.000000	0.000000	0.000000	0.000000	0.000000	29.000000	17.600000	39.600000	63.800000	0.000000	158.000000	140.000000	140.000000	100.000000	100.000000	60.000000	0.000000	1470.873800	35.000000	58.000000	0.000000	140.000000	140.000000	0.000000	20.000000	20.000000	35.000000	83.000000	35.000000	0.000000	0.000000	25.400000	44.600000	0.000000	0.000000	0.000000	0.000000	0.000000	0.000000	0.000000	0.000000	0.000000	0.000000	0.000000	0.000000	0.300000	6.000000	3.000000	8.400000	2.400000	20.000000	0.000000	10.000000	8.000000	10.000000	1.000000	0.000000	0.000000	0.000000	0.000000	692.999700	90.000000	105.000000	164.000000	10.500000	80.000000	0.000000	0.000000	0.000000	0.000000	0.000000	0.000000	0.000000	14.600000	48.800000	12.200000	10.100000	69.700000	2.500000	54.700000	28.000000	30.000000	15.000000	9.000000	3.000000	0.000000	0.000000	0.000000	0.000000	0.000000	0.000000	0.000000	0.000000	0.000000	0.000000	0.000000	0.000000	0.000000	20.000000	20.000000	60.000000	0.000000	24.870000	0.000000	0.000000	0.000000	0.000000	0.000000	175.840000	214.500000	239.190000	1790.310000	1790.310000	0.000000	0.000000	0.000000	0.000000	61.250000	118.840000	214.320000	50.170000	70.560000	869.280000	0.000000
2038	5637.757000	400.000000	100.000000	70.000000	0.000000	551.700000	67.000000	374.200000	172.000000	0.000000	0.000000	0.000000	0.000000	0.000000	0.000000	0.000000	0.000000	0.000000	0.000000	0.000000	0.000000	0.000000	0.000000	0.000000	0.000000	0.000000	0.000000	0.000000	0.000000	0.000000	0.000000	0.000000	0.000000	0.000000	0.000000	0.000000	0.000000	0.000000	0.000000	0.000000	0.000000	0.000000	0.000000	0.000000	0.000000	0.000000	0.000000	0.000000	0.000000	0.000000	0.000000	0.000000	0.000000	0.000000	0.000000	0.000000	0.000000	0.000000	0.000000	0.000000	0.000000	0.000000	30.000000	50.000000	0.000000	0.000000	0.000000	100.000000	50.000000	0.000000	50.000000	50.000000	11.000000	0.000000	0.000000	0.000000	0.000000	0.000000	0.000000	0.000000	0.000000	0.000000	0.000000	0.000000	0.000000	0.000000	0.000000	0.000000	375.976500	0.000000	0.000000	0.000000	0.000000	0.000000	0.000000	0.000000	0.000000	40.000000	40.000000	40.000000	42.000000	40.000000	40.000000	40.000000	40.000000	1.000000	40.000000	0.000000	10.000000	40.000000	0.000000	0.000000	0.000000	0.000000	0.000000	0.000000	0.000000	0.000000	0.000000	0.000000	187.865000	0.000000	140.000000	80.000000	0.000000	0.000000	0.000000	0.000000	0.000000	0.000000	0.000000	0.000000	0.000000	0.000000	0.000000	100.000000	0.000000	0.000000	0.000000	0.000000	0.000000	0.000000	29.000000	17.600000	0.000000	63.800000	0.000000	158.000000	140.000000	140.000000	100.000000	100.000000	60.000000	0.000000	2049.638800	35.000000	58.000000	0.000000	140.000000	140.000000	0.000000	20.000000	20.000000	35.000000	83.000000	35.000000	0.000000	0.000000	25.400000	44.600000	0.000000	0.000000	0.000000	0.000000	0.000000	0.000000	0.000000	0.000000	0.000000	0.000000	0.000000	0.000000	0.300000	6.000000	3.000000	8.400000	2.400000	20.000000	0.000000	10.000000	8.000000	10.000000	1.000000	0.000000	0.000000	0.000000	0.000000	692.999700	90.000000	105.000000	0.000000	10.500000	80.000000	0.000000	0.000000	0.000000	0.000000	0.000000	0.000000	0.000000	14.600000	48.800000	12.200000	10.100000	69.700000	2.500000	54.700000	28.000000	30.000000	15.000000	9.000000	3.000000	0.000000	0.000000	0.000000	0.000000	0.000000	0.000000	0.000000	0.000000	0.000000	0.000000	0.000000	0.000000	0.000000	20.000000	20.000000	60.000000	0.000000	24.870000	0.000000	0.000000	0.000000	0.000000	0.000000	175.840000	214.500000	239.190000	1790.310000	1790.310000	0.000000	0.000000	0.000000	0.000000	61.250000	118.840000	214.320000	50.170000	70.560000	869.280000	0.000000
2039	5997.649000	400.000000	100.000000	70.000000	0.000000	551.700000	67.000000	374.200000	172.000000	0.000000	0.000000	0.000000	0.000000	0.000000	0.000000	0.000000	0.000000	0.000000	0.000000	0.000000	0.000000	0.000000	0.000000	0.000000	0.000000	0.000000	0.000000	0.000000	0.000000	0.000000	0.000000	0.000000	0.000000	0.000000	0.000000	0.000000	0.000000	0.000000	0.000000	0.000000	0.000000	0.000000	0.000000	0.000000	0.000000	0.000000	0.000000	0.000000	0.000000	0.000000	0.000000	0.000000	0.000000	0.000000	0.000000	0.000000	0.000000	0.000000	0.000000	0.000000	0.000000	0.000000	30.000000	50.000000	0.000000	0.000000	0.000000	100.000000	50.000000	0.000000	50.000000	50.000000	11.000000	0.000000	0.000000	0.000000	0.000000	0.000000	0.000000	0.000000	0.000000	0.000000	0.000000	0.000000	0.000000	0.000000	0.000000	0.000000	375.976500	0.000000	0.000000	0.000000	0.000000	0.000000	0.000000	0.000000	0.000000	40.000000	40.000000	40.000000	42.000000	40.000000	40.000000	40.000000	40.000000	1.000000	40.000000	0.000000	10.000000	40.000000	0.000000	0.000000	0.000000	0.000000	0.000000	0.000000	0.000000	0.000000	0.000000	0.000000	187.865000	0.000000	140.000000	80.000000	0.000000	0.000000	0.000000	0.000000	0.000000	0.000000	0.000000	0.000000	0.000000	0.000000	0.000000	100.000000	0.000000	0.000000	0.000000	0.000000	0.000000	0.000000	29.000000	0.000000	0.000000	63.800000	0.000000	158.000000	0.000000	0.000000	100.000000	100.000000	60.000000	0.000000	2787.720800	35.000000	58.000000	0.000000	140.000000	140.000000	0.000000	20.000000	20.000000	35.000000	83.000000	35.000000	0.000000	0.000000	25.400000	0.000000	0.000000	0.000000	0.000000	0.000000	0.000000	0.000000	0.000000	0.000000	0.000000	0.000000	0.000000	0.000000	0.300000	6.000000	3.000000	8.400000	2.400000	20.000000	0.000000	10.000000	8.000000	10.000000	1.000000	0.000000	0.000000	0.000000	0.000000	692.999700	90.000000	105.000000	0.000000	10.500000	80.000000	0.000000	0.000000	0.000000	0.000000	0.000000	0.000000	0.000000	14.600000	48.800000	12.200000	10.100000	69.700000	2.500000	54.700000	28.000000	30.000000	15.000000	9.000000	3.000000	0.000000	0.000000	0.000000	0.000000	0.000000	0.000000	0.000000	0.000000	0.000000	0.000000	0.000000	0.000000	0.000000	20.000000	20.000000	60.000000	0.000000	24.870000	0.000000	0.000000	0.000000	0.000000	0.000000	175.840000	214.500000	239.190000	0.000000	1790.310000	0.000000	0.000000	0.000000	0.000000	61.250000	118.840000	214.320000	50.170000	70.560000	869.280000	0.000000
2040	6377.490000	400.000000	100.000000	70.000000	0.000000	551.700000	67.000000	374.200000	172.000000	0.000000	0.000000	0.000000	0.000000	0.000000	0.000000	0.000000	0.000000	0.000000	0.000000	0.000000	0.000000	0.000000	0.000000	0.000000	0.000000	0.000000	0.000000	0.000000	0.000000	0.000000	0.000000	0.000000	0.000000	0.000000	0.000000	0.000000	0.000000	0.000000	0.000000	0.000000	0.000000	0.000000	0.000000	0.000000	0.000000	0.000000	0.000000	0.000000	0.000000	0.000000	0.000000	0.000000	0.000000	0.000000	0.000000	0.000000	0.000000	0.000000	0.000000	0.000000	0.000000	0.000000	30.000000	50.000000	0.000000	0.000000	0.000000	100.000000	50.000000	0.000000	50.000000	50.000000	11.000000	0.000000	0.000000	0.000000	0.000000	0.000000	0.000000	0.000000	0.000000	0.000000	0.000000	0.000000	0.000000	0.000000	0.000000	0.000000	375.976500	0.000000	0.000000	0.000000	0.000000	0.000000	0.000000	0.000000	0.000000	40.000000	40.000000	40.000000	42.000000	40.000000	40.000000	40.000000	40.000000	1.000000	40.000000	0.000000	10.000000	40.000000	0.000000	0.000000	0.000000	0.000000	0.000000	0.000000	0.000000	0.000000	0.000000	0.000000	187.865000	0.000000	140.000000	80.000000	0.000000	0.000000	0.000000	0.000000	0.000000	0.000000	0.000000	0.000000	0.000000	0.000000	0.000000	100.000000	0.000000	0.000000	0.000000	0.000000	0.000000	0.000000	29.000000	0.000000	0.000000	63.800000	0.000000	158.000000	0.000000	0.000000	100.000000	100.000000	60.000000	0.000000	3230.945800	35.000000	58.000000	0.000000	140.000000	140.000000	0.000000	20.000000	20.000000	35.000000	83.000000	35.000000	0.000000	0.000000	0.000000	0.000000	0.000000	0.000000	0.000000	0.000000	0.000000	0.000000	0.000000	0.000000	0.000000	0.000000	0.000000	0.000000	0.300000	6.000000	3.000000	8.400000	2.400000	20.000000	0.000000	10.000000	8.000000	10.000000	1.000000	0.000000	0.000000	0.000000	0.000000	692.999700	90.000000	105.000000	0.000000	10.500000	80.000000	0.000000	0.000000	0.000000	0.000000	0.000000	0.000000	0.000000	14.600000	48.800000	12.200000	10.100000	69.700000	2.500000	54.700000	28.000000	30.000000	15.000000	9.000000	3.000000	0.000000	0.000000	0.000000	0.000000	0.000000	0.000000	0.000000	0.000000	0.000000	0.000000	0.000000	0.000000	0.000000	20.000000	20.000000	60.000000	0.000000	24.870000	0.000000	0.000000	0.000000	0.000000	0.000000	175.840000	214.500000	239.190000	1790.310000	1790.310000	0.000000	0.000000	0.000000	0.000000	61.250000	118.840000	214.320000	50.170000	70.560000	869.280000	0.000000
2041	6377.490000	400.000000	100.000000	70.000000	0.000000	551.700000	67.000000	374.200000	172.000000	0.000000	0.000000	0.000000	0.000000	0.000000	0.000000	0.000000	0.000000	0.000000	0.000000	0.000000	0.000000	0.000000	0.000000	0.000000	0.000000	0.000000	0.000000	0.000000	0.000000	0.000000	0.000000	0.000000	0.000000	0.000000	0.000000	0.000000	0.000000	0.000000	0.000000	0.000000	0.000000	0.000000	0.000000	0.000000	0.000000	0.000000	0.000000	0.000000	0.000000	0.000000	0.000000	0.000000	0.000000	0.000000	0.000000	0.000000	0.000000	0.000000	0.000000	0.000000	0.000000	0.000000	30.000000	50.000000	0.000000	0.000000	0.000000	0.000000	50.000000	0.000000	50.000000	50.000000	11.000000	0.000000	0.000000	0.000000	0.000000	0.000000	0.000000	0.000000	0.000000	0.000000	0.000000	0.000000	0.000000	0.000000	0.000000	0.000000	375.976500	0.000000	0.000000	0.000000	0.000000	0.000000	0.000000	0.000000	0.000000	40.000000	40.000000	40.000000	42.000000	0.000000	0.000000	40.000000	40.000000	1.000000	40.000000	0.000000	10.000000	0.000000	0.000000	0.000000	0.000000	0.000000	0.000000	0.000000	0.000000	0.000000	0.000000	0.000000	187.865000	0.000000	140.000000	80.000000	0.000000	0.000000	0.000000	0.000000	0.000000	0.000000	0.000000	0.000000	0.000000	0.000000	0.000000	100.000000	0.000000	0.000000	0.000000	0.000000	0.000000	0.000000	0.000000	0.000000	0.000000	63.800000	0.000000	158.000000	0.000000	0.000000	100.000000	100.000000	60.000000	0.000000	3364.945800	35.000000	58.000000	0.000000	140.000000	140.000000	0.000000	20.000000	20.000000	35.000000	83.000000	35.000000	0.000000	0.000000	0.000000	0.000000	0.000000	0.000000	0.000000	0.000000	0.000000	0.000000	0.000000	0.000000	0.000000	0.000000	0.000000	0.000000	0.300000	6.000000	3.000000	8.400000	2.400000	20.000000	0.000000	10.000000	8.000000	10.000000	1.000000	0.000000	0.000000	0.000000	0.000000	692.999700	90.000000	0.000000	0.000000	10.500000	80.000000	0.000000	0.000000	0.000000	0.000000	0.000000	0.000000	0.000000	14.600000	48.800000	12.200000	10.100000	69.700000	2.500000	54.700000	28.000000	30.000000	15.000000	9.000000	3.000000	0.000000	0.000000	0.000000	0.000000	0.000000	0.000000	0.000000	0.000000	0.000000	0.000000	0.000000	0.000000	0.000000	20.000000	20.000000	60.000000	0.000000	24.870000	0.000000	0.000000	0.000000	0.000000	0.000000	175.840000	214.500000	239.190000	1790.310000	1790.310000	0.000000	0.000000	0.000000	0.000000	61.250000	118.840000	214.320000	50.170000	70.560000	869.280000	0.000000
2042	6377.490000	400.000000	100.000000	70.000000	0.000000	551.700000	67.000000	374.200000	172.000000	0.000000	0.000000	0.000000	0.000000	0.000000	0.000000	0.000000	0.000000	0.000000	0.000000	0.000000	0.000000	0.000000	0.000000	0.000000	0.000000	0.000000	0.000000	0.000000	0.000000	0.000000	0.000000	0.000000	0.000000	0.000000	0.000000	0.000000	0.000000	0.000000	0.000000	0.000000	0.000000	0.000000	0.000000	0.000000	0.000000	0.000000	0.000000	0.000000	0.000000	0.000000	0.000000	0.000000	0.000000	0.000000	0.000000	0.000000	0.000000	0.000000	0.000000	0.000000	0.000000	0.000000	30.000000	50.000000	0.000000	0.000000	0.000000	0.000000	50.000000	0.000000	50.000000	50.000000	11.000000	0.000000	0.000000	0.000000	0.000000	0.000000	0.000000	0.000000	0.000000	0.000000	0.000000	0.000000	0.000000	0.000000	0.000000	0.000000	375.976500	0.000000	0.000000	0.000000	0.000000	0.000000	0.000000	0.000000	0.000000	40.000000	40.000000	40.000000	42.000000	0.000000	0.000000	0.000000	40.000000	1.000000	40.000000	0.000000	10.000000	0.000000	0.000000	0.000000	0.000000	0.000000	0.000000	0.000000	0.000000	0.000000	0.000000	0.000000	187.865000	0.000000	140.000000	80.000000	0.000000	0.000000	0.000000	0.000000	0.000000	0.000000	0.000000	0.000000	0.000000	0.000000	0.000000	100.000000	0.000000	0.000000	0.000000	0.000000	0.000000	0.000000	0.000000	0.000000	0.000000	63.800000	0.000000	158.000000	0.000000	0.000000	100.000000	100.000000	60.000000	0.000000	3364.945800	35.000000	58.000000	0.000000	140.000000	140.000000	0.000000	20.000000	20.000000	35.000000	83.000000	35.000000	0.000000	0.000000	0.000000	0.000000	0.000000	0.000000	0.000000	0.000000	0.000000	0.000000	0.000000	0.000000	0.000000	0.000000	0.000000	0.000000	0.300000	6.000000	3.000000	8.400000	2.400000	20.000000	0.000000	10.000000	8.000000	10.000000	1.000000	0.000000	0.000000	0.000000	0.000000	692.999700	90.000000	0.000000	0.000000	10.500000	80.000000	0.000000	0.000000	0.000000	0.000000	0.000000	0.000000	0.000000	14.600000	48.800000	12.200000	10.100000	69.700000	2.500000	54.700000	28.000000	30.000000	15.000000	9.000000	3.000000	0.000000	0.000000	0.000000	0.000000	0.000000	0.000000	0.000000	0.000000	0.000000	0.000000	0.000000	0.000000	0.000000	20.000000	20.000000	60.000000	0.000000	24.870000	0.000000	0.000000	0.000000	0.000000	0.000000	175.840000	214.500000	239.190000	1790.310000	1790.310000	0.000000	0.000000	0.000000	0.000000	61.250000	118.840000	214.320000	50.170000	70.560000	869.280000	0.000000
2043	6377.490000	400.000000	100.000000	70.000000	0.000000	551.700000	67.000000	374.200000	172.000000	0.000000	0.000000	0.000000	0.000000	0.000000	0.000000	0.000000	0.000000	0.000000	0.000000	0.000000	0.000000	0.000000	0.000000	0.000000	0.000000	0.000000	0.000000	0.000000	0.000000	0.000000	0.000000	0.000000	0.000000	0.000000	0.000000	0.000000	0.000000	0.000000	0.000000	0.000000	0.000000	0.000000	0.000000	0.000000	0.000000	0.000000	0.000000	0.000000	0.000000	0.000000	0.000000	0.000000	0.000000	0.000000	0.000000	0.000000	0.000000	0.000000	0.000000	0.000000	0.000000	0.000000	30.000000	50.000000	0.000000	0.000000	0.000000	0.000000	50.000000	0.000000	50.000000	50.000000	11.000000	0.000000	0.000000	0.000000	0.000000	0.000000	0.000000	0.000000	0.000000	0.000000	0.000000	0.000000	0.000000	0.000000	0.000000	0.000000	375.976500	0.000000	0.000000	0.000000	0.000000	0.000000	0.000000	0.000000	0.000000	40.000000	40.000000	40.000000	42.000000	0.000000	0.000000	0.000000	40.000000	0.000000	40.000000	0.000000	10.000000	0.000000	0.000000	0.000000	0.000000	0.000000	0.000000	0.000000	0.000000	0.000000	0.000000	0.000000	187.865000	0.000000	140.000000	80.000000	0.000000	0.000000	0.000000	0.000000	0.000000	0.000000	0.000000	0.000000	0.000000	0.000000	0.000000	100.000000	0.000000	0.000000	0.000000	0.000000	0.000000	0.000000	0.000000	0.000000	0.000000	0.000000	0.000000	158.000000	0.000000	0.000000	100.000000	100.000000	60.000000	0.000000	3428.745800	35.000000	58.000000	0.000000	140.000000	140.000000	0.000000	20.000000	20.000000	35.000000	83.000000	35.000000	0.000000	0.000000	0.000000	0.000000	0.000000	0.000000	0.000000	0.000000	0.000000	0.000000	0.000000	0.000000	0.000000	0.000000	0.000000	0.000000	0.300000	6.000000	3.000000	8.400000	2.400000	20.000000	0.000000	10.000000	8.000000	10.000000	0.000000	0.000000	0.000000	0.000000	0.000000	692.999700	90.000000	0.000000	0.000000	10.500000	80.000000	0.000000	0.000000	0.000000	0.000000	0.000000	0.000000	0.000000	14.600000	48.800000	12.200000	10.100000	69.700000	2.500000	54.700000	28.000000	30.000000	15.000000	9.000000	3.000000	0.000000	0.000000	0.000000	0.000000	0.000000	0.000000	0.000000	0.000000	0.000000	0.000000	0.000000	0.000000	0.000000	20.000000	20.000000	60.000000	0.000000	24.870000	0.000000	0.000000	0.000000	0.000000	0.000000	175.840000	214.500000	239.190000	1790.310000	1790.310000	0.000000	0.000000	0.000000	0.000000	61.250000	118.840000	214.320000	50.170000	70.560000	869.280000	0.000000
2044	6377.490000	400.000000	100.000000	70.000000	0.000000	551.700000	67.000000	374.200000	172.000000	0.000000	0.000000	0.000000	0.000000	0.000000	0.000000	0.000000	0.000000	0.000000	0.000000	0.000000	0.000000	0.000000	0.000000	0.000000	0.000000	0.000000	0.000000	0.000000	0.000000	0.000000	0.000000	0.000000	0.000000	0.000000	0.000000	0.000000	0.000000	0.000000	0.000000	0.000000	0.000000	0.000000	0.000000	0.000000	0.000000	0.000000	0.000000	0.000000	0.000000	0.000000	0.000000	0.000000	0.000000	0.000000	0.000000	0.000000	0.000000	0.000000	0.000000	0.000000	0.000000	0.000000	30.000000	50.000000	0.000000	0.000000	0.000000	0.000000	50.000000	0.000000	50.000000	50.000000	11.000000	0.000000	0.000000	0.000000	0.000000	0.000000	0.000000	0.000000	0.000000	0.000000	0.000000	0.000000	0.000000	0.000000	0.000000	0.000000	375.976500	0.000000	0.000000	0.000000	0.000000	0.000000	0.000000	0.000000	0.000000	40.000000	0.000000	40.000000	42.000000	0.000000	0.000000	0.000000	40.000000	0.000000	40.000000	0.000000	10.000000	0.000000	0.000000	0.000000	0.000000	0.000000	0.000000	0.000000	0.000000	0.000000	0.000000	0.000000	187.865000	0.000000	140.000000	80.000000	0.000000	0.000000	0.000000	0.000000	0.000000	0.000000	0.000000	0.000000	0.000000	0.000000	0.000000	100.000000	0.000000	0.000000	0.000000	0.000000	0.000000	0.000000	0.000000	0.000000	0.000000	0.000000	0.000000	0.000000	0.000000	0.000000	100.000000	100.000000	60.000000	0.000000	3587.745800	35.000000	58.000000	0.000000	140.000000	140.000000	0.000000	20.000000	20.000000	35.000000	83.000000	35.000000	0.000000	0.000000	0.000000	0.000000	0.000000	0.000000	0.000000	0.000000	0.000000	0.000000	0.000000	0.000000	0.000000	0.000000	0.000000	0.000000	0.300000	6.000000	3.000000	8.400000	2.400000	20.000000	0.000000	10.000000	8.000000	10.000000	0.000000	0.000000	0.000000	0.000000	0.000000	692.999700	90.000000	0.000000	0.000000	10.500000	80.000000	0.000000	0.000000	0.000000	0.000000	0.000000	0.000000	0.000000	14.600000	48.800000	12.200000	10.100000	69.700000	2.500000	54.700000	28.000000	30.000000	15.000000	9.000000	3.000000	0.000000	0.000000	0.000000	0.000000	0.000000	0.000000	0.000000	0.000000	0.000000	0.000000	0.000000	0.000000	0.000000	20.000000	20.000000	60.000000	0.000000	24.870000	0.000000	0.000000	0.000000	0.000000	0.000000	175.840000	214.500000	239.190000	1790.310000	1790.310000	0.000000	0.000000	0.000000	0.000000	61.250000	118.840000	214.320000	50.170000	70.560000	869.280000	0.000000
2045	6377.490000	400.000000	100.000000	70.000000	0.000000	551.700000	67.000000	374.200000	172.000000	0.000000	0.000000	0.000000	0.000000	0.000000	0.000000	0.000000	0.000000	0.000000	0.000000	0.000000	0.000000	0.000000	0.000000	0.000000	0.000000	0.000000	0.000000	0.000000	0.000000	0.000000	0.000000	0.000000	0.000000	0.000000	0.000000	0.000000	0.000000	0.000000	0.000000	0.000000	0.000000	0.000000	0.000000	0.000000	0.000000	0.000000	0.000000	0.000000	0.000000	0.000000	0.000000	0.000000	0.000000	0.000000	0.000000	0.000000	0.000000	0.000000	0.000000	0.000000	0.000000	0.000000	30.000000	0.000000	0.000000	0.000000	0.000000	0.000000	50.000000	0.000000	0.000000	0.000000	11.000000	0.000000	0.000000	0.000000	0.000000	0.000000	0.000000	0.000000	0.000000	0.000000	0.000000	0.000000	0.000000	0.000000	0.000000	0.000000	375.976500	0.000000	0.000000	0.000000	0.000000	0.000000	0.000000	0.000000	0.000000	40.000000	0.000000	0.000000	42.000000	0.000000	0.000000	0.000000	40.000000	0.000000	40.000000	0.000000	10.000000	0.000000	0.000000	0.000000	0.000000	0.000000	0.000000	0.000000	0.000000	0.000000	0.000000	0.000000	187.865000	0.000000	140.000000	80.000000	0.000000	0.000000	0.000000	0.000000	0.000000	0.000000	0.000000	0.000000	0.000000	0.000000	0.000000	100.000000	0.000000	0.000000	0.000000	0.000000	0.000000	0.000000	0.000000	0.000000	0.000000	0.000000	0.000000	0.000000	0.000000	0.000000	100.000000	100.000000	60.000000	0.000000	3587.745800	35.000000	58.000000	0.000000	140.000000	140.000000	0.000000	20.000000	20.000000	35.000000	83.000000	35.000000	0.000000	0.000000	0.000000	0.000000	0.000000	0.000000	0.000000	0.000000	0.000000	0.000000	0.000000	0.000000	0.000000	0.000000	0.000000	0.000000	0.300000	6.000000	3.000000	8.400000	2.400000	20.000000	0.000000	10.000000	8.000000	10.000000	0.000000	0.000000	0.000000	0.000000	0.000000	692.999700	90.000000	0.000000	0.000000	10.500000	80.000000	0.000000	0.000000	0.000000	0.000000	0.000000	0.000000	0.000000	14.600000	48.800000	12.200000	10.100000	69.700000	2.500000	54.700000	28.000000	30.000000	15.000000	9.000000	3.000000	0.000000	0.000000	0.000000	0.000000	0.000000	0.000000	0.000000	0.000000	0.000000	0.000000	0.000000	0.000000	0.000000	20.000000	20.000000	60.000000	0.000000	24.870000	0.000000	0.000000	0.000000	0.000000	0.000000	175.840000	214.500000	239.190000	1790.310000	1790.310000	0.000000	0.000000	0.000000	0.000000	61.250000	118.840000	214.320000	50.170000	70.560000	869.280000	0.000000

" "
